{"type":"FeatureCollection","features":[{"geometry":{"coordinates":[[[-156.08050064265353,19.73050106190887],[-156.08049619534057,19.724579364108784],[-156.08047831532764,19.724476772050537],[-156.07863223019174,19.719201691148406],[-156.0785297608715,19.719009899281883],[-156.07467705705892,19.71450175129428],[-156.074779616333,19.714408142292314],[-156.07459228684334,19.71422973615737],[-156.07447193857536,19.71414059953326],[-156.07429804173367,19.713708096130986],[-156.07253665899583,19.711447315684673],[-156.07165828438414,19.70989103546977],[-156.06869743479854,19.707269107512076],[-156.06868844962804,19.70725576958131],[-156.06851900204987,19.70710854080175],[-156.06766731784592,19.7063550245794],[-156.06749787062256,19.705752974590432],[-156.06756031287048,19.705324973016562],[-156.06756031287048,19.705142109325795],[-156.06755141848004,19.705088573073773],[-156.0676763029976,19.704665032926346],[-156.0676227551264,19.70410311808011],[-156.06796609691773,19.703006188527564],[-156.06791263977388,19.697610734613686],[-156.06617351599274,19.69247377556861],[-156.0660665113453,19.692273130642178],[-156.06504093788442,19.690841754009995],[-156.0651301536139,19.690788264584597],[-156.06502305843705,19.69061880745581],[-156.06452815196388,19.689878652737256],[-156.06449693103323,19.68983846777309],[-156.06381025258247,19.689138384853493],[-156.06373891649443,19.689035850889837],[-156.06372548425512,19.688835210244815],[-156.06223614164054,19.68583869880612],[-156.06222724734732,19.68581636476184],[-156.06222280020077,19.685811913283697],[-156.06058180590352,19.68250321725094],[-156.06051491741985,19.682422990301248],[-156.05680947317748,19.67883339908192],[-156.05629660518386,19.67855692713745],[-156.0555029359988,19.67774544098778],[-156.0554316011305,19.67769638121994],[-156.0517527872619,19.675761080514114],[-156.0507494792376,19.673540467626502],[-156.0498130602913,19.672554974707666],[-156.0498488180662,19.67253272514758],[-156.0496481570844,19.672269621221325],[-156.04922450947754,19.671770190436956],[-156.04903274280574,19.671373363982852],[-156.04899262882157,19.671302012667304],[-156.0488989690343,19.671203912532878],[-156.04900596989737,19.670646520334838],[-156.04942517028363,19.66937125164135],[-156.0494474961858,19.669255313526158],[-156.04943406434208,19.66925078756746],[-156.04998259210035,19.667583099566766],[-156.04992904617993,19.66664671252461],[-156.05016982135675,19.66581287045985],[-156.0501742683928,19.6657504286427],[-156.05015203321292,19.665335743468027],[-156.05020548840216,19.665108336286345],[-156.05011636617144,19.664345780007103],[-156.05051768860665,19.663659139928612],[-156.05056669679658,19.663436121448612],[-156.05060236387126,19.663445051275396],[-156.0506736980285,19.663235459555366],[-156.0507272440313,19.662963526501304],[-156.05081636637453,19.662771737529656],[-156.05084313938306,19.66267367948026],[-156.05078069928408,19.66266030188592],[-156.05097691369207,19.66161687380113],[-156.05098580777903,19.661590076615663],[-156.05198466924037,19.6578979747777],[-156.0516234597879,19.652292862602756],[-156.04945639024464,19.64706229828678],[-156.04909962970532,19.646647669451422],[-156.04909962970532,19.646643164843386],[-156.04900152287206,19.64649601235561],[-156.0488499610133,19.645791525726494],[-156.04882318811508,19.64572903041704],[-156.0484174200657,19.64507803412883],[-156.04840852602592,19.645060209755513],[-156.04836387431857,19.644957633668334],[-156.0483148663518,19.64485062030677],[-156.047993773537,19.64435117829334],[-156.04797598547322,19.644261985020126],[-156.04799377353697,19.644253097995726],[-156.04789566692804,19.6440434790802],[-156.0468254803099,19.64210381686539],[-156.04679426051877,19.642054721006144],[-156.04659360080467,19.641854054077932],[-156.04633059240467,19.641278905650267],[-156.04528264420804,19.640097195823742],[-156.0448323185057,19.639299045302163],[-156.04450233403765,19.638964609224203],[-156.0442392360219,19.63848745107983],[-156.04296839929907,19.637270167520235],[-156.0429505206659,19.637238927241274],[-156.04268297652914,19.636975827986802],[-156.04179567127352,19.6357496049895],[-156.04044007673795,19.63475965830891],[-156.0391513715367,19.633488813859405],[-156.0374301386869,19.63256133154639],[-156.03710914387116,19.632329474590552],[-156.03699316106417,19.632267015597762],[-156.03677027086576,19.632204647282837],[-156.03643130734574,19.63202176317263],[-156.03648040485822,19.631941560646972],[-156.03624408342088,19.63180328249024],[-156.0351381659797,19.631326156394294],[-156.0343846443353,19.6309203506279],[-156.03431775947703,19.630902529519812],[-156.03391645052304,19.63065283269841],[-156.03378268094616,19.63059934413233],[-156.0331405148935,19.630461086578634],[-156.0319321451194,19.629934954440476],[-156.03159772262865,19.629836838247513],[-156.02622448815225,19.629011903474037],[-156.02618428531764,19.62901185547805],[-156.02520780215437,19.629190237685425],[-156.02509626902756,19.629185761101738],[-156.02509626902756,19.62903866514243],[-156.0247618513052,19.6290341833304],[-156.0241063569467,19.62911445086489],[-156.0235133000389,19.62907433621385],[-156.02331265004113,19.629087654530274],[-156.02332154361682,19.62919028311099],[-156.02165835708905,19.628329620425372],[-156.02150671309855,19.628262733209294],[-156.0211277394583,19.62814685925968],[-156.0209805424022,19.628026383441536],[-156.01958934188607,19.62707219905911],[-156.01940203378945,19.62690274202826],[-156.01905418905486,19.626693187702767],[-156.01626726582876,19.62413806487441],[-156.0162316013029,19.624115796224995],[-156.0138772040018,19.622951970923545],[-156.01386386390223,19.62293862231581],[-156.01379244446383,19.622907412650427],[-156.0115139249779,19.621779241531502],[-156.0110813269427,19.621698978230533],[-156.0100156691431,19.62097212555922],[-156.0060380995839,19.61968786356408],[-156.0056233837692,19.61578622672561],[-156.0052577626216,19.614947901515436],[-156.00498134632412,19.61318208835935],[-156.00491891219912,19.61296802704397],[-156.00400926244862,19.610551244998494],[-156.00373720273626,19.609958146249426],[-156.00208733361998,19.60712219796513],[-156.00181536575667,19.606738640238866],[-155.99995143271502,19.604700905252923],[-155.99992021598257,19.60457603857969],[-155.99988455268323,19.60449574505311],[-155.99925586269674,19.603528106688795],[-155.99911311896935,19.603157985559225],[-155.9990907954151,19.60312230460616],[-155.99869396265296,19.602654153038678],[-155.99713331418894,19.600237337078834],[-155.9954210352018,19.59874351769741],[-155.99541649792934,19.598614169614677],[-155.99387818358625,19.592505267826684],[-155.99385141376675,19.59245171797111],[-155.99109122665826,19.588951354975684],[-155.99089503683527,19.58826018845343],[-155.99097080856575,19.5874842741546],[-155.99096636208066,19.587314848350985],[-155.9908727136691,19.58695812690617],[-155.99086382070075,19.58644087664348],[-155.98989612155466,19.58324810945589],[-155.98904893270904,19.580028681350502],[-155.98899094715281,19.579912724322178],[-155.9885049213939,19.57927061505847],[-155.98831317910663,19.578677544517156],[-155.9881036510646,19.57839220818255],[-155.9878851394595,19.57783479195322],[-155.9878404934131,19.57774560267137],[-155.98765319784997,19.577513684610448],[-155.98772016689452,19.575270780475687],[-155.98748822536618,19.574601901518083],[-155.9875016554672,19.57373239495712],[-155.98745700945716,19.573442561197062],[-155.98736336174247,19.57284062058875],[-155.9872652675962,19.572283163260625],[-155.98699775470897,19.571471678080826],[-155.98705574002003,19.56936694825745],[-155.9872652675962,19.56773935488081],[-155.98712706468467,19.56695455942618],[-155.98713595758255,19.566584510101695],[-155.98693087651088,19.565853176518846],[-155.98654294685178,19.563677129509824],[-155.98650274737554,19.563298144874892],[-155.98645819220386,19.56320005628831],[-155.98636009824602,19.56262478150838],[-155.986342221736,19.562575718935406],[-155.98615946395185,19.562223502234062],[-155.98614158744948,19.56210750338151],[-155.98534340684645,19.56040863716417],[-155.98551736219002,19.559418687661818],[-155.9855262550575,19.55924478348231],[-155.98530329821614,19.557590432097996],[-155.98575365844036,19.556118968441197],[-155.9857581048763,19.556065484471212],[-155.98572688908195,19.5551468553594],[-155.98590529100449,19.554116848194028],[-155.98578487423651,19.552917355940814],[-155.98578487423651,19.552854923177456],[-155.98577153492803,19.552787982924894],[-155.98572688908192,19.55236888955008],[-155.98576255131232,19.551008793070825],[-155.9854950392785,19.550094692685008],[-155.98542816129378,19.549421392430776],[-155.9849421392099,19.548186187525424],[-155.9846611976218,19.547223071778376],[-155.98446945689903,19.546264337290566],[-155.98438025620135,19.5460547448024],[-155.98427771625438,19.545912080389687],[-155.98418851559305,19.5457783400107],[-155.98412608421447,19.545479584063376],[-155.98408597568783,19.54538145001779],[-155.9807237680995,19.540244578360824],[-155.98015299736454,19.539811999795365],[-155.9800281356873,19.539682683785987],[-155.9783961349127,19.53819340885234],[-155.97806619649623,19.537925805166086],[-155.97797699701366,19.537854499944565],[-155.97790122737493,19.53779654752744],[-155.9778966902712,19.537796504751007],[-155.97781647428457,19.536579154967814],[-155.97734824549582,19.535571457892786],[-155.9773349064267,19.53553127871264],[-155.97731258390374,19.535446605951257],[-155.977134185242,19.53511213135863],[-155.97702275416927,19.534871318562384],[-155.9763271272403,19.533274951519182],[-155.9759035448465,19.531745515170552],[-155.976220142705,19.530211580349942],[-155.97614872895326,19.5296809121457],[-155.97883314940984,19.524196257241698],[-155.97898477974258,19.522693506104005],[-155.97932805792988,19.521253244501693],[-155.97937714954415,19.52092329212752],[-155.97931027242944,19.51961231579367],[-155.9793147188045,19.51948740992666],[-155.97930582605446,19.519487435816075],[-155.9793013796795,19.519438400380377],[-155.9794351339159,19.518087301594267],[-155.97919430372394,19.517177601457373],[-155.97915864199163,19.51645526434032],[-155.9791765182286,19.516455225007363],[-155.97916753473888,19.516201123197146],[-155.97914085649765,19.516076267145667],[-155.97906054955615,19.514470923183197],[-155.97895356439778,19.51423908206499],[-155.97895356439778,19.51417665780898],[-155.97874839615122,19.513650513756268],[-155.97874394978155,19.513503299421682],[-155.9785433187365,19.512553566397532],[-155.97850311994407,19.512250330029225],[-155.97848978084212,19.512210154832594],[-155.97845856553022,19.512138849911885],[-155.97750432170682,19.50758166826587],[-155.97741512233105,19.507363117317254],[-155.97615317529835,19.50483034722005],[-155.97609528207377,19.504732287570032],[-155.97526581269238,19.50378695360363],[-155.97530601120752,19.503760235537918],[-155.97515882839917,19.503541708972875],[-155.97462817214708,19.503051212401758],[-155.97194831280873,19.499978895762524],[-155.9703385716061,19.49907368461974],[-155.96997733337423,19.49775824651129],[-155.9698302429809,19.497388154680756],[-155.96892946278402,19.495528698630753],[-155.96882247993847,19.495038213653142],[-155.96879126527057,19.49402598328474],[-155.96872883594105,19.493874388427816],[-155.9687377284904,19.49384761160111],[-155.96876894315469,19.49336606860067],[-155.96884924833265,19.49320103513803],[-155.96974993763453,19.488929192828518],[-155.96975883020326,19.488853416434477],[-155.96971427662075,19.488282699284312],[-155.9697678135127,19.488287149291978],[-155.9697767060818,19.488077537670726],[-155.96946011257825,19.48510330558806],[-155.969321914908,19.483404385237687],[-155.9692995927668,19.483310731429867],[-155.96926837806706,19.48331968759885],[-155.9691970561156,19.482664215494605],[-155.96916130440357,19.482539297168724],[-155.96781471906772,19.47931985931529],[-155.96751146568147,19.478222924668575],[-155.9674846973639,19.47817832697312],[-155.96595527620596,19.47610485006756],[-155.96593740047356,19.47604239335743],[-155.96542463039103,19.47534239100372],[-155.96539341595007,19.475262100674],[-155.96533987955914,19.47517290715164],[-155.9651570392195,19.47498118235923],[-155.9649163071098,19.474655667804306],[-155.96493853830205,19.474637809869765],[-155.96481821765778,19.474495099312414],[-155.96476912756972,19.474455016248925],[-155.96438566247554,19.473933296533076],[-155.96413594756226,19.473509637230386],[-155.9639397690068,19.47332682922518],[-155.96235228645912,19.471164191409144],[-155.95993990406308,19.469496478178783],[-155.95984626184764,19.469398354964696],[-155.95961442485452,19.469242310350385],[-155.9596009955528,19.469260127438258],[-155.9572867152489,19.467659331685482],[-155.95725550135282,19.467645955586185],[-155.95660010075693,19.467489887514816],[-155.9561897839771,19.46734270220541],[-155.95619876702523,19.467329357025672],[-155.95598471646073,19.46723125239943],[-155.95563247238027,19.467142049432425],[-155.95317103594047,19.466263658112165],[-155.9530773950873,19.46621011344635],[-155.9529793081286,19.466192286042098],[-155.95282324011487,19.46613873450903],[-155.95242190964356,19.46604510763384],[-155.95240848054948,19.466089669320038],[-155.94975533471037,19.465599224037685],[-155.949113192219,19.46523357821172],[-155.94909985395708,19.46521574561309],[-155.949238045628,19.46505962226782],[-155.94909096178267,19.46493923402006],[-155.94830609195927,19.464372982481102],[-155.94800738809334,19.46405634491633],[-155.94798062089725,19.464038497366992],[-155.94705756189097,19.463610453878317],[-155.94690594193506,19.463485609654988],[-155.94685249840768,19.463458842276694],[-155.94673209170554,19.463396449567725],[-155.9473206965821,19.459276229100556],[-155.9473206965821,19.45902202748257],[-155.94658936398235,19.454067984812777],[-155.94445788990996,19.449492929648507],[-155.9444222308341,19.449439453852204],[-155.9425538987209,19.44764244341994],[-155.94129640140213,19.44618431664749],[-155.94130084741448,19.446153103068905],[-155.94103336087005,19.445024933039413],[-155.94095306049599,19.44450769020872],[-155.9409352764602,19.44419549236442],[-155.940877296879,19.444043890380627],[-155.94072123294058,19.44304952298457],[-155.94044920999252,19.44255907139403],[-155.94015042046124,19.441297067743367],[-155.94076578374555,19.438951614744155],[-155.94060527383908,19.436325204521577],[-155.94063648661472,19.434162543514248],[-155.94062759460286,19.434126915413987],[-155.94047153074874,19.4336363487039],[-155.94047153074874,19.433569536560253],[-155.94029314619868,19.43309681351209],[-155.9400478902384,19.432343232453164],[-155.94019950794765,19.43231200636411],[-155.94015486646256,19.432102431277553],[-155.93994980603767,19.43161196779522],[-155.94003001550277,19.43159408457721],[-155.93995425203707,19.431326582708213],[-155.9398427391263,19.431353324588322],[-155.93977142168893,19.431170490840135],[-155.93978031368437,19.430693359874997],[-155.93976697569133,19.43061313468871],[-155.9393299978464,19.429226316408077],[-155.9386075698489,19.425989029512714],[-155.93811261386634,19.425101692457392],[-155.9380234220381,19.424758293731188],[-155.93788078773616,19.423697040454616],[-155.93706027841853,19.421993658648415],[-155.936877449216,19.4211642294253],[-155.93686855727648,19.421137517196613],[-155.93571805062916,19.419206714771367],[-155.93551743813134,19.418787539161006],[-155.93538814247,19.418644902050428],[-155.93525431015695,19.418421919220123],[-155.93516965556816,19.418252511723587],[-155.93512501456937,19.41820789108506],[-155.9348262284835,19.417704004668575],[-155.93465238279654,19.417329412516356],[-155.93453642521925,19.417217930994322],[-155.93431793872088,19.416847870056703],[-155.93273944943363,19.415354040272543],[-155.93269036274071,19.415264911510786],[-155.9326323841952,19.415211378603065],[-155.93250308934296,19.414471143069107],[-155.93246298526284,19.41435967408962],[-155.93239157823288,19.41438193247193],[-155.9320081399106,19.41302642795777],[-155.92978300626552,19.409204970878026],[-155.9297562401254,19.409169307006998],[-155.9287039237561,19.40799208141404],[-155.92846756573724,19.40750155428006],[-155.92792807107506,19.406966465993023],[-155.9282981683374,19.406480463745403],[-155.92832938027996,19.406409117988854],[-155.92987219649953,19.401437226908804],[-155.92988562493912,19.401356940182794],[-155.9299168369894,19.400821881276777],[-155.9300104731529,19.40052754245495],[-155.92999704470964,19.39951531094535],[-155.93006836063557,19.398306896154807],[-155.93006391473148,19.398079469922056],[-155.93001491905648,19.397205547851613],[-155.9300104731529,19.397134219426697],[-155.92996138675085,19.39693348140034],[-155.9299390665032,19.39509191588434],[-155.92972502808604,19.39446763183021],[-155.9297116903838,19.393865659179554],[-155.9282802940573,19.38928169935059],[-155.92826251051025,19.389246023859663],[-155.92716555733088,19.387738839393297],[-155.92690243412866,19.38696299896407],[-155.9267642491417,19.38674446032931],[-155.92656354981244,19.386548242019025],[-155.9260285032495,19.385277390897254],[-155.92589467365718,19.38503663217872],[-155.92458369010515,19.382998785814856],[-155.9244276316853,19.38278921118363],[-155.9241646007825,19.382521726411426],[-155.92384794770516,19.381799364652874],[-155.92219364307343,19.37983728751974],[-155.92211779181113,19.379725847515306],[-155.92195284257832,19.379543042414575],[-155.92194839675273,19.37955192638606],[-155.92189486538683,19.379489525282384],[-155.92191718524373,19.379471683567687],[-155.92172093385625,19.379230860288253],[-155.92159164207266,19.37912832617394],[-155.92081135559098,19.37820533352892],[-155.9208692419146,19.37816072451662],[-155.920659744267,19.377924331206746],[-155.91980351776078,19.377014742998636],[-155.91969654626664,19.376907694050892],[-155.91966978071434,19.376872038320545],[-155.91962967775416,19.376836384183942],[-155.91962069541742,19.376791758231],[-155.91926403327895,19.376024788875334],[-155.9188002186721,19.374263424099937],[-155.91856840227516,19.37393344367207],[-155.9185639564824,19.373924589396097],[-155.9171191668491,19.371373906848397],[-155.91702997909283,19.37117777569519],[-155.91698098480887,19.3711287433147],[-155.91695866519234,19.371088533817243],[-155.91698098480887,19.371075190784467],[-155.9167669524336,19.370736332509367],[-155.9167490786026,19.37071847138941],[-155.91659746862285,19.37045089264697],[-155.91657514902505,19.370419679445355],[-155.91622738079812,19.36996935723635],[-155.91626748346044,19.368265968767787],[-155.91605345141878,19.367539099882773],[-155.9161247651782,19.36753023195139],[-155.91608910829711,19.367320628736586],[-155.91534448800755,19.365131221064484],[-155.91476027902954,19.363137991821624],[-155.91470683923328,19.36303097130169],[-155.91464441720407,19.363057717239307],[-155.91433221645636,19.36213917879858],[-155.9110324826168,19.3576890019616],[-155.9106088692503,19.357385706828488],[-155.91050189990588,19.35710037704495],[-155.91041715915378,19.35698889978088],[-155.91034584628468,19.3565697205044],[-155.9099355706815,19.355798324590598],[-155.90988648642903,19.354995623473048],[-155.90961003603354,19.354224275052093],[-155.90954316899553,19.35334135983002],[-155.90932024869667,19.3528151983938],[-155.90911955701074,19.351312424842508],[-155.9086156506983,19.350277966239712],[-155.90845070633304,19.349408427320284],[-155.90829465341307,19.349140858766873],[-155.9075276359418,19.34660810477626],[-155.9074964254167,19.346193363948036],[-155.90746966057853,19.34607743943262],[-155.9072288678341,19.34560031166572],[-155.90701928570715,19.34450341352497],[-155.9053381864956,19.34180114085276],[-155.90524455537633,19.341564881557087],[-155.9053560598801,19.341502396642657],[-155.9052177906704,19.3412795012192],[-155.90518213464088,19.341297344579907],[-155.90517768897834,19.340842485240678],[-155.90515536993857,19.340646317247963],[-155.90511082259013,19.340503557451935],[-155.90504395621176,19.3391524638577],[-155.90502163717855,19.338911662768787],[-155.90489235011745,19.337886100997483],[-155.90487892241075,19.33777908827934],[-155.9043973397862,19.3361292402178],[-155.9046737870218,19.335897348926864],[-155.9049191148043,19.335424701456212],[-155.90517324331586,19.335148195141656],[-155.9052177906704,19.335041222137075],[-155.90550322046295,19.334769172591862],[-155.908120727053,19.329944455509764],[-155.90859786791458,19.32735367500319],[-155.909110665609,19.325552190129105],[-155.9090927920774,19.324682731378577],[-155.90910612917958,19.324597956821123],[-155.90908834637673,19.324441886642866],[-155.90908834637673,19.32443297689002],[-155.9094718562629,19.322827698424184],[-155.909712650191,19.322105346642537],[-155.9096635659625,19.319920369640354],[-155.90978840866865,19.319318362781054],[-155.90962346387957,19.318288378478922],[-155.90957437966065,19.316170290614412],[-155.9095699339553,19.316143535354712],[-155.90911955701074,19.31510452803458],[-155.909110665609,19.315046605502186],[-155.9093291401025,19.31500200310511],[-155.90927561021277,19.314774593919033],[-155.90885199847634,19.3134145161503],[-155.9088207878606,19.313222806944207],[-155.90878513154934,19.313124748048086],[-155.90876281233304,19.313129185004918],[-155.90846848911102,19.312183843761353],[-155.90845070633304,19.312139275647386],[-155.9077148991373,19.310895170351856],[-155.90767924291245,19.31071234680891],[-155.90765692375024,19.31063651488215],[-155.90743400437285,19.310119296014573],[-155.9073269450444,19.30946381904733],[-155.9073047166276,19.30939241251999],[-155.90725563265812,19.309303258100144],[-155.90721553078683,19.30859425307303],[-155.90740723953837,19.308184025680017],[-155.90745187783946,19.30806365792937],[-155.90765247806357,19.307203012960567],[-155.90768368859938,19.307207452656034],[-155.90779963938763,19.306788350216973],[-155.90775064609323,19.306774980826912],[-155.90859333149027,19.303145239496338],[-155.90860675930634,19.302931170460393],[-155.90859333149027,19.302141979038044],[-155.90869594541914,19.301794155866016],[-155.90848191692342,19.296197978473693],[-155.90814304623788,19.295319551870897],[-155.908178702499,19.294494630989977],[-155.90828122560617,19.29399517689621],[-155.90829465341307,19.293308429016044],[-155.90831688187808,19.29330847410651],[-155.9083258639928,19.29312560823115],[-155.90833030968602,19.292795663789413],[-155.90839717654632,19.292795654445978],[-155.90839717654632,19.29251031373617],[-155.9090660271456,19.291328660299822],[-155.91019414769937,19.28661088519776],[-155.91020312985103,19.28654850231387],[-155.91010949773317,19.285696744594947],[-155.91023434056126,19.28541582603813],[-155.91024323198488,19.285398059772888],[-155.91051523704922,19.284430373707053],[-155.9106088692503,19.28418956372879],[-155.91062674284123,19.284118238633223],[-155.91062229712566,19.284042445340873],[-155.91081845302568,19.283351306350152],[-155.9108318809072,19.283297773242513],[-155.91088985669754,19.282655677954214],[-155.91136246400148,19.280934429210014],[-155.91121085580752,19.278985868549128],[-155.91120641008627,19.278909991381507],[-155.91120196436506,19.27891005069619],[-155.91106813910358,19.277193232348353],[-155.91199121665352,19.274598062494206],[-155.91200010811136,19.27388465580302],[-155.9121027228058,19.273724085540543],[-155.91212939718636,19.273603673816066],[-155.9122543312957,19.273362895053783],[-155.9132264051184,19.271035257344803],[-155.91326650751762,19.271048648256713],[-155.91339135120833,19.270736500061624],[-155.91358759902653,19.269822398737244],[-155.9136188099679,19.269773293434373],[-155.9142296919911,19.268471245224898],[-155.91423413774177,19.26846236175067],[-155.91430100546629,19.268377665767023],[-155.9143099876987,19.268355329851207],[-155.91511702838977,19.26720488337249],[-155.91525530059707,19.266754522487712],[-155.9159463900705,19.265760153007914],[-155.91608021675975,19.265233998785508],[-155.91722169196171,19.263378952406978],[-155.91765429375155,19.261653278839034],[-155.9178905554721,19.261234112780475],[-155.91812690804485,19.259767132486967],[-155.9182919466315,19.25910269470748],[-155.91863527063282,19.258010255199615],[-155.91864416221978,19.25658331786393],[-155.91884930388116,19.255334798595932],[-155.91871556711317,19.254630232686388],[-155.91887606938553,19.254014883507327],[-155.91884485808563,19.25376067823687],[-155.9188939432995,19.253675961951178],[-155.91891617227978,19.25360905921675],[-155.9192684790785,19.251606912683386],[-155.91958948406682,19.250465383310956],[-155.91956271852075,19.24993919986626],[-155.91981250010116,19.248512365309814],[-155.91952706137198,19.246287221804423],[-155.91915697118012,19.243223807634088],[-155.91911242246672,19.243054379080824],[-155.9182517530615,19.241052259607965],[-155.91823396990299,19.240954172386555],[-155.91822054180415,19.240740121166958],[-155.91832760368413,19.24070894088214],[-155.91825628958162,19.24048599199627],[-155.91819377633806,19.240343252760518],[-155.91933979333857,19.236557480300807],[-155.9193933244062,19.236214112522042],[-155.91942008994238,19.236040265273846],[-155.91943787314693,19.235589866745244],[-155.91974563157174,19.234194205585258],[-155.91987047702938,19.23378388748525],[-155.91987047702938,19.23377947586984],[-155.9203430936084,19.232468490799256],[-155.92038773317225,19.23230798735603],[-155.92050359645071,19.232009170114452],[-155.9208871159063,19.23125116162606],[-155.92090498989867,19.231193155821977],[-155.9216451734032,19.226542357168043],[-155.92115023566151,19.222310627547426],[-155.92115912729724,19.222052008266704],[-155.92114569911274,19.222007469979406],[-155.92115912729724,19.22189149748565],[-155.9211368074772,19.221592741558823],[-155.92112347002433,19.22154813113598],[-155.92111902420677,19.221467852107722],[-155.92090045335232,19.220558245611375],[-155.9206819733329,19.218141381926163],[-155.9206463160971,19.21797193323396],[-155.92024056779735,19.216397875967676],[-155.92023612198835,19.216380037006456],[-155.92029409897017,19.215983173390363],[-155.92029409897017,19.21593413893],[-155.92011127643113,19.215077961963598],[-155.9201157222389,19.21497100941738],[-155.92028956242987,19.21480597266202],[-155.92033864779845,19.21474806119122],[-155.92044117363142,19.21456964130891],[-155.92159164207266,19.21350389261532],[-155.92191718524373,19.21284844912855],[-155.92261282132793,19.211920917490687],[-155.92263505048848,19.21188523452121],[-155.9239014792989,19.208862027710516],[-155.9244767174965,19.20769820460345],[-155.92449450089705,19.207635774604423],[-155.92460156424153,19.20718540268503],[-155.9250831681368,19.206034959150674],[-155.92526145606712,19.19993486001057],[-155.9256405336369,19.198097715887908],[-155.92573416892972,19.197785627450074],[-155.92573416892972,19.197638442262495],[-155.92584114183114,19.19712562328627],[-155.92573861479195,19.194963014004085],[-155.92574306065424,19.194735601614557],[-155.92642981079632,19.192260791765133],[-155.9264431484034,19.192140398909846],[-155.92641638245766,19.191681054206807],[-155.9273528285569,19.18924197249269],[-155.92737514867903,19.18905020951516],[-155.92729040480643,19.185375955725846],[-155.92734838267904,19.18488985603129],[-155.92726808468842,19.184479679256054],[-155.92726808468842,19.184345901568328],[-155.9273528285569,19.18408280079279],[-155.92737959455718,19.18386425617328],[-155.92729485068372,19.183855390671084],[-155.92783443533537,19.180644812500887],[-155.92749101372075,19.17843312142744],[-155.9282535280046,19.17627039672166],[-155.92827140228366,19.176145545736983],[-155.9283026142244,19.174959468386636],[-155.92834271794214,19.174959427631798],[-155.92835614633705,19.174798926508515],[-155.92883766343365,19.174147921398287],[-155.92894917368298,19.173929416730687],[-155.92905170143808,19.173639598514388],[-155.929203315532,19.17342995907843],[-155.92943967392884,19.172845836915453],[-155.92952886409634,19.172716531836215],[-155.92956007612239,19.172649685478778],[-155.9295868422511,19.17247576298776],[-155.93068824711358,19.169751233246874],[-155.93074622541434,19.169697764916215],[-155.93118764104244,19.168944138588767],[-155.9313348099235,19.16878808270002],[-155.93142400045812,19.16858293763662],[-155.9314774422008,19.16852493799648],[-155.93163803966513,19.16816825550478],[-155.93364905129735,19.164716879138666],[-155.93477723230208,19.15912521230643],[-155.9347593577705,19.15899591976236],[-155.9350893562137,19.15802375653234],[-155.93512501456937,19.157836473184656],[-155.9351918853354,19.157457473799305],[-155.93519633128898,19.157426278867984],[-155.93528996852538,19.152302785188567],[-155.934977844478,19.151228097670586],[-155.934977844478,19.151196881646317],[-155.93493774018256,19.15108987914757],[-155.93385864559724,19.147357601311313],[-155.93322541704887,19.14637660245484],[-155.93297571891222,19.145698828712305],[-155.93430904683072,19.144285324083114],[-155.9343402591807,19.14422738178595],[-155.93649400716347,19.139384739433968],[-155.93658764466323,19.139041430437857],[-155.93664108700446,19.13789988348705],[-155.93722967903952,19.133458588535753],[-155.93721634112015,19.133396180668875],[-155.93726089158707,19.13318214082569],[-155.9372564456136,19.133052849841732],[-155.9365252196613,19.128705214610342],[-155.93635572856485,19.12832171569978],[-155.93645381200227,19.12782677285724],[-155.93662330313472,19.127862418852736],[-155.9366901741179,19.127568173264027],[-155.93699785335264,19.1258870580551],[-155.93703351185582,19.125628448695927],[-155.93703351185582,19.1248793116406],[-155.93706027841853,19.124745517164673],[-155.93706472439013,19.124549347831913],[-155.93706917036172,19.12446904351463],[-155.93703795782713,19.12446905505476],[-155.93704240379853,19.123278451398217],[-155.93765776294265,19.12018384765895],[-155.9373902785073,19.11578717882132],[-155.93733674534516,19.115515148367418],[-155.93718068260284,19.115055922755925],[-155.93719402052122,19.114864125399777],[-155.93718512857558,19.114734821279157],[-155.93725199964018,19.114181885287735],[-155.93723866172013,19.11393220403107],[-155.93714947006072,19.11275948802349],[-155.93713159543725,19.112594507888524],[-155.9356467338289,19.107288176715578],[-155.93512501456937,19.106503324414884],[-155.93432683061124,19.104291622960396],[-155.93431793872088,19.10426045539838],[-155.9342331935704,19.10372086732877],[-155.9342331935704,19.103301716395638],[-155.93419308933974,19.103007386104252],[-155.93393894473738,19.101616201424132],[-155.9338987497988,19.101433305580663],[-155.93387198341955,19.101308495637717],[-155.9338453077753,19.101210414482892],[-155.93296682704792,19.098829262461344],[-155.93288652807715,19.098383341792154],[-155.93265915050247,19.097995393488475],[-155.93232470787305,19.097090153169457],[-155.93218198460025,19.09681372083324],[-155.9316335937459,19.095944164169932],[-155.9315845071708,19.095823824367702],[-155.9314016801396,19.09473581717288],[-155.93137935982216,19.094659967856384],[-155.93026461558802,19.092550841943098],[-155.93002825676749,19.091957788144995],[-155.92983209264852,19.09160995612728],[-155.92978300626552,19.09163667832454],[-155.92891351580536,19.089982359554238],[-155.928815433973,19.08950975230285],[-155.9288466459507,19.08884976165301],[-155.9285567557163,19.087824191733958],[-155.9285344355368,19.087462969065875],[-155.9282535280046,19.086767358453802],[-155.92758464939052,19.084412979600398],[-155.92768282169266,19.08439065826094],[-155.92752676222034,19.083860025872216],[-155.9274464641985,19.083877860581786],[-155.92709415112284,19.081866830666616],[-155.92706747587133,19.08180887346182],[-155.92667061363903,19.081117719705663],[-155.92657244155305,19.080694054053424],[-155.9265144637783,19.079721994543938],[-155.92651001790853,19.079690766567104],[-155.92572972306752,19.077483501172335],[-155.92568952884585,19.077238299713763],[-155.9256761912607,19.07718472900074],[-155.92551124074944,19.076859217135407],[-155.9252525643519,19.07612796429926],[-155.92505640227031,19.07471886573],[-155.92502074469462,19.074611843069007],[-155.92341543080312,19.07127200213295],[-155.92330836773525,19.070852814745482],[-155.92322816118212,19.070692329003833],[-155.92299180597982,19.0703891178388],[-155.92291604531695,19.070228567691768],[-155.9224656552391,19.06971579420867],[-155.92111448765831,19.067994574806427],[-155.9208246930348,19.067517451815625],[-155.9207890357879,19.067481749979965],[-155.92061510467667,19.067352431326583],[-155.9204322820096,19.067120551995206],[-155.91892061807596,19.06518973473695],[-155.91896081170466,19.065149659755313],[-155.91877354390263,19.064984669240133],[-155.91874233260972,19.06496679528433],[-155.91872445870166,19.06494448662099],[-155.91863971642627,19.064868687690346],[-155.9186129509357,19.064895436697956],[-155.9161247651782,19.063522095345476],[-155.91507248006943,19.061577892758255],[-155.91363659294709,19.060293644599138],[-155.91339579695085,19.059954824806514],[-155.91240140337376,19.059187776241412],[-155.91037705700464,19.057377451383633],[-155.9103279727047,19.057346173919253],[-155.909703668049,19.057065264260327],[-155.9083793030427,19.054523584822814],[-155.90777732021954,19.0528202101527],[-155.90686323327694,19.051696558321815],[-155.90619883158013,19.05065306559938],[-155.90605167077265,19.050202721801654],[-155.90548534707273,19.049524974925365],[-155.90392020332095,19.047072472600966],[-155.90250667019728,19.04599332035429],[-155.90165056844467,19.04497666844396],[-155.90161491269444,19.044945466301925],[-155.9015034091068,19.044878534319164],[-155.90142756127923,19.04469570533392],[-155.90149451785365,19.044651190323048],[-155.90138745992095,19.04449508638079],[-155.90113333352235,19.044240946353266],[-155.90052682393014,19.04297455127326],[-155.90051793269603,19.042965609432663],[-155.90077214947783,19.040111811375077],[-155.90062054480606,19.03930471825638],[-155.9006739829521,19.038934557041785],[-155.90041985695206,19.037128680075018],[-155.90045106699225,19.036901278457712],[-155.90042874818423,19.03652219718033],[-155.9001924047761,19.03552335646804],[-155.89998727149919,19.034087545354424],[-155.8999605978291,19.0339850134196],[-155.8998356670891,19.033708527682045],[-155.8998044570911,19.03354356596424],[-155.8998758590373,19.03352568978853],[-155.8998356670891,19.03335177455249],[-155.89972870027358,19.033106507460523],[-155.89926045991257,19.030439981971387],[-155.89914451129857,19.03011896032728],[-155.89508233651497,19.02367111044166],[-155.89501982644856,19.02360865970488],[-155.89363308502678,19.022520630519583],[-155.8932495884908,19.022016758138673],[-155.89322282449103,19.02199000954603],[-155.8930712223392,19.021874075746126],[-155.89284831011105,19.02154409094528],[-155.89274125421625,19.021432604017644],[-155.88924090328834,19.018667995286823],[-155.8851474268127,19.01677282924951],[-155.8848843278631,19.016683652798854],[-155.88099601542407,19.01605044160367],[-155.878293749184,19.01447643939274],[-155.87798166415084,19.014351596232093],[-155.8767018456078,19.01387890293825],[-155.87650125907982,19.013811989474256],[-155.87619797532224,19.01373616544558],[-155.8751322652157,19.012532257324708],[-155.87499854131983,19.012394042713062],[-155.8724434608896,19.010204565952854],[-155.87228732965212,19.010093098404525],[-155.87016482112494,19.009063071336108],[-155.87022723703026,19.008964969768073],[-155.86983042443114,19.00873308442025],[-155.86856850100543,19.008055283184813],[-155.8684525602675,19.00800182590951],[-155.86708359090755,19.007564799357496],[-155.86683837437167,19.007381966689803],[-155.8653445794564,19.006802273187464],[-155.8642431515688,19.006097790520894],[-155.8627627010343,19.0057990288593],[-155.86266463349287,19.00576329224304],[-155.86092554846533,19.004336444320202],[-155.86009175166996,19.00394849241316],[-155.85993117951364,19.003823616091783],[-155.85979746014607,19.003752279605276],[-155.85977069813364,19.003796895940198],[-155.8565824013614,19.002307554202623],[-155.85639071419064,19.002245083486365],[-155.85144996719538,19.001317619719384],[-155.85005428842484,19.001411258080655],[-155.846518255808,19.001402294904377],[-155.84518944996745,19.0012061326318],[-155.84512694684125,19.00120165591585],[-155.84487285221962,19.001223947429356],[-155.84256296549992,19.000220635775477],[-155.84232220746784,19.00014485276548],[-155.83665916987275,18.999235235552817],[-155.83450090817652,18.999516097566502],[-155.83331483028473,18.998936461721833],[-155.83295814576093,18.998816099592318],[-155.83123686576155,18.998329975057942],[-155.83096490866967,18.99826758070119],[-155.82946216278953,18.998107022773187],[-155.82943095768954,18.998089238925214],[-155.82939086276778,18.99807141332081],[-155.8286862994306,18.99757641562288],[-155.82862388934234,18.9975452542633],[-155.82716569102377,18.99707697526242],[-155.82552035925318,18.99599342543156],[-155.8254489691558,18.99596220956414],[-155.8204682003772,18.994379258727996],[-155.81902345414204,18.994316799515104],[-155.81804242271687,18.99405371295081],[-155.8168651878922,18.99417859635044],[-155.8165976844402,18.994026988748562],[-155.81437257725548,18.993554329139446],[-155.8144126708116,18.99341159673597],[-155.8141095200773,18.99332691026374],[-155.81338266669957,18.993224330531906],[-155.8113894273776,18.992533154292413],[-155.81015869233352,18.99249308547962],[-155.80940508652313,18.992417209176452],[-155.8082012066477,18.99073167680395],[-155.8080986157713,18.99061574156298],[-155.80474088678423,18.9879448019153],[-155.80467848009195,18.987851114248826],[-155.80456255605634,18.987761974195156],[-155.80414784215208,18.98732051730065],[-155.80355035367205,18.986611493491825],[-155.80223936503103,18.985813327593032],[-155.8015169759574,18.985131099322608],[-155.80109782031275,18.984827891477618],[-155.8006207035778,18.984604863619538],[-155.80037987774293,18.984408656282476],[-155.79916704275786,18.9839182071799],[-155.79896640057333,18.98382455766908],[-155.79832873637602,18.9834365834487],[-155.79825735069804,18.983409855385823],[-155.79825290610094,18.983405428622397],[-155.79791847297545,18.983209157650084],[-155.79788282552153,18.983191352225102],[-155.79724071831887,18.98276328621716],[-155.79707127981908,18.982674120154314],[-155.79565327807774,18.982201469430777],[-155.7949844160649,18.98179122197644],[-155.7947035015816,18.981407759854466],[-155.79395436694207,18.980899413167435],[-155.793731413692,18.980654173847924],[-155.7935797547522,18.980538155042442],[-155.79336124624086,18.980391037006672],[-155.79335235714643,18.980382098950066],[-155.7933122655186,18.98035986692919],[-155.79230897826815,18.97968202585348],[-155.79173372863227,18.978852689955236],[-155.7916490104435,18.97875905872928],[-155.789718183984,18.977274092021762],[-155.78978956826458,18.977198318839562],[-155.78958893039268,18.9770333439289],[-155.7885632478156,18.976382322733386],[-155.7868866774315,18.97509365155568],[-155.78660576816947,18.97499551186303],[-155.78655225302546,18.974950924499304],[-155.78582988992977,18.974652224954877],[-155.78526798224897,18.974299898131758],[-155.78513428551628,18.97423753132758],[-155.7847775494559,18.974139409016253],[-155.78303396422373,18.97277939287826],[-155.7810051266274,18.971985672547635],[-155.78060376838187,18.971677997585765],[-155.78045220472058,18.971597743122732],[-155.78008204856872,18.97139704686296],[-155.78005529139773,18.971379200642684],[-155.7795558849767,18.97095115370479],[-155.77904314592755,18.970719303727552],[-155.7773798547384,18.969622322027718],[-155.7770855277822,18.969528675905885],[-155.777049882035,18.969501892463438],[-155.77704543765446,18.969497466132612],[-155.7765727916546,18.968561094868765],[-155.77572110500012,18.96770935694143],[-155.77535539725088,18.966928985821085],[-155.77529743913146,18.966853208730996],[-155.77372785639028,18.96547538868382],[-155.77363425302264,18.96536385163162],[-155.77343806696015,18.965176634810188],[-155.7734157545426,18.965203363581484],[-155.77027207339256,18.962447651017836],[-155.7700624652284,18.962318293891364],[-155.76970129726712,18.962139940221093],[-155.76971463018248,18.96212653861101],[-155.76952742520456,18.962019591172055],[-155.76909487680356,18.961836700922913],[-155.7674137560238,18.960993941724947],[-155.76735579896874,18.960971696461105],[-155.76734246612617,18.960998395060614],[-155.7655275707894,18.96026713707361],[-155.76553201505152,18.960258181227537],[-155.76526898737237,18.960164544758427],[-155.76507271440863,18.960142223364542],[-155.76505938163663,18.960137838276054],[-155.76484088749257,18.960075346484235],[-155.76464470542268,18.959977319963574],[-155.76311969444671,18.959629500559284],[-155.7629547135065,18.959504621983704],[-155.76183095826002,18.959121171508677],[-155.76166153359088,18.95897848554592],[-155.76152775345219,18.958933893123895],[-155.76144304116892,18.95887584701314],[-155.76123343729333,18.958782229813036],[-155.76068942909507,18.95857264857304],[-155.76047991628437,18.958407647937236],[-155.7598868413958,18.958175779290244],[-155.75910203197552,18.957636292362118],[-155.75902620855942,18.95760056437689],[-155.75364404993377,18.955839193760536],[-155.7534701843512,18.955834783529546],[-155.75318031783996,18.955750043358417],[-155.7522484110296,18.95525066655121],[-155.7519406781592,18.95504107992375],[-155.75180245692408,18.954983081829393],[-155.7517133024371,18.954960836471113],[-155.749715630051,18.95402434890117],[-155.74877475189103,18.953458097882],[-155.74818613724216,18.95330643632576],[-155.7481281827773,18.953279700602817],[-155.74808800464743,18.953266349318785],[-155.74625087955403,18.952726799110483],[-155.7460056399124,18.952668807859645],[-155.74598777297652,18.952735691173967],[-155.74335689748295,18.952049001828193],[-155.74026232005284,18.952142617522973],[-155.73853660019304,18.95185722199734],[-155.7361822028019,18.95036345350125],[-155.73612424996358,18.950336716043108],[-155.73391252522572,18.949761471196602],[-155.7307421071617,18.946707019852585],[-155.7305325183099,18.946555390759404],[-155.72805328319672,18.945012528262506],[-155.72787044958824,18.944918880423515],[-155.72363881670864,18.94330912871865],[-155.7230233924279,18.943228895483742],[-155.7219443615582,18.940914632763583],[-155.72186410092482,18.940789807653253],[-155.72169460139983,18.94054009982636],[-155.7215964749,18.940392903832702],[-155.72036581453204,18.939090889520106],[-155.719215327162,18.93749891516739],[-155.71917968622677,18.937458842949546],[-155.71632588183343,18.935010757474746],[-155.7160538155566,18.934711975602408],[-155.71575508698592,18.934560373970914],[-155.71516651795363,18.93397181404349],[-155.71496582426266,18.933815755724527],[-155.71285668714788,18.932402224272813],[-155.71254898272377,18.932223812579515],[-155.71196041815062,18.931987540262767],[-155.7111131223924,18.93145239190882],[-155.71097047071012,18.931376589882706],[-155.7098735144366,18.930850465567435],[-155.70946777918178,18.930672107089485],[-155.70703310377735,18.92978469257641],[-155.70672095994442,18.929695487903125],[-155.70609667297117,18.929138147389136],[-155.70485254542575,18.928536180957703],[-155.7046429693777,18.928402345615183],[-155.70458946447516,18.928371145644068],[-155.70446468018642,18.928290876047775],[-155.70426843520244,18.928179459048767],[-155.70293072517805,18.927069120301827],[-155.70265866752703,18.926890736907954],[-155.70257396694754,18.92701563878794],[-155.70207456034368,18.92662764706278],[-155.70207456034368,18.926609869400693],[-155.702128064927,18.92648047756371],[-155.70215037361967,18.92628428869815],[-155.7027790983589,18.92417515952649],[-155.7028370466404,18.923898659227035],[-155.7028772204928,18.922948890637173],[-155.70305115608764,18.9224762240223],[-155.70312243524162,18.92211953964968],[-155.70331423607837,18.92104491153614],[-155.70331867969216,18.92100921002874],[-155.70334098844785,18.916291481358627],[-155.7026319152008,18.913714085022157],[-155.7025695233416,18.91329945513693],[-155.70243131815138,18.912991743424666],[-155.70208344754516,18.911729764162793],[-155.70152164981866,18.91079337726463],[-155.70151276262902,18.910597195665062],[-155.70144139306177,18.910436637569216],[-155.70128087959378,18.909803493741823],[-155.70126745813144,18.909544890456008],[-155.70105344027616,18.908924998398675],[-155.70091523558332,18.908385523455575],[-155.70091070130937,18.908144658814944],[-155.70073241369712,18.907680986695276],[-155.70001445768278,18.904885113121765],[-155.69998326194587,18.90481824021755],[-155.69916727660177,18.903614276361267],[-155.69869453542745,18.902387992280726],[-155.69709376684003,18.900550804932685],[-155.69652299800472,18.899708055614685],[-155.69639368188118,18.899569878143552],[-155.6955777035001,18.898776153023825],[-155.69541710158475,18.898624505240818],[-155.69457881680722,18.897665774282963],[-155.6942220656578,18.89746514452477],[-155.69397241258065,18.897184196620714],[-155.69039168012827,18.895186570713424],[-155.68162959737865,18.911025244123795],[-155.68180796755652,18.91106096170033],[-155.68180352417036,18.91121701747138],[-155.68185702616987,18.911350800359088],[-155.6820710342363,18.911332968479954],[-155.68223154035798,18.911390926187703],[-155.68219590255276,18.91159606933057],[-155.6823831597566,18.91176548292055],[-155.68251247155987,18.911903676116122],[-155.68242333165193,18.91203301598995],[-155.68236538618788,18.912238115881483],[-155.68217803831055,18.91234072825119],[-155.68225829138424,18.912496755378914],[-155.68240991079256,18.91263050726756],[-155.68247239033747,18.912755378290836],[-155.68257939451442,18.912853492961048],[-155.68256153025584,18.913143372404836],[-155.68272203656576,18.91339753312308],[-155.68269981958701,18.91357144225517],[-155.68278007276078,18.91375870388417],[-155.6827978463471,18.913968287413265],[-155.6828424616794,18.914280453355993],[-155.68296288682768,18.914458808449908],[-155.68293613575634,18.91465054218501],[-155.6829584434293,18.91484670410727],[-155.68290938468675,18.915038478567315],[-155.68295390934932,18.91519006535326],[-155.68300741149596,18.915319365511007],[-155.68300741149596,18.915528942145897],[-155.68308775541038,18.915689471263935],[-155.6830520268506,18.915934725899547],[-155.68319920314565,18.916032823870232],[-155.68323039763507,18.916318247899333],[-155.68319920314565,18.916634808893747],[-155.6833329586035,18.916862245549684],[-155.68343107619367,18.917058419574694],[-155.68369414389414,18.917464177860325],[-155.68359158283715,18.917642614541794],[-155.68372533842043,18.91776746406136],[-155.6839215738078,18.917829871183184],[-155.6842425875326,18.918097396452353],[-155.684278316194,18.918356027691495],[-155.68443437974838,18.918476436031185],[-155.68449676891362,18.918601299474467],[-155.68442540223845,18.918958005796046],[-155.6843139541766,18.919167546412197],[-155.68428275960645,18.91930136358242],[-155.68425156503858,18.91948867633402],[-155.6842381441206,18.91967142689626],[-155.6841757549939,18.91989885495554],[-155.68415789066714,18.92008166695271],[-155.6841400263412,18.92025110509433],[-155.68421139296774,18.920384916753015],[-155.68415344725605,18.920661377904477],[-155.6840999449629,18.92079515062267],[-155.68401969153598,18.920951201596065],[-155.6838278995102,18.921053787063343],[-155.68386362813624,18.921249952625796],[-155.6839081529004,18.92139714294445],[-155.6837164516075,18.921446160018167],[-155.68356038832084,18.921655778857527],[-155.6835871394321,18.92181633434315],[-155.68363619825408,18.921985737936044],[-155.68370303070662,18.922128402693772],[-155.6835515015114,18.922204233076744],[-155.68348013499738,18.922342469932254],[-155.68348013499738,18.922489583476207],[-155.68343551959708,18.922632290204586],[-155.6832660355284,18.92276158151373],[-155.68310552900977,18.92308265339735],[-155.68298963790073,18.9231852609866],[-155.68289596381177,18.92340369568875],[-155.68282913148815,18.923573201853134],[-155.68286032594995,18.923720322898586],[-155.6828736561422,18.9240235084279],[-155.68293613575634,18.924264352503723],[-155.68291382808462,18.92441599202765],[-155.68277109528634,18.924625509441675],[-155.68278007276078,18.924826178989658],[-155.6827265706432,18.925026820616768],[-155.68273545743514,18.92522747781553],[-155.6826017021683,18.925521784618233],[-155.68253477921021,18.925798270274395],[-155.6824456392975,18.92617282736683],[-155.68249016391073,18.926311047980253],[-155.68253033581632,18.926774806058308],[-155.6825838379088,18.926904114318134],[-155.68253033581632,18.92706463405985],[-155.68261503235232,18.92729654184047],[-155.68256597365004,18.927430337066937],[-155.68261503235232,18.927622006526235],[-155.68261947574706,18.928117041786205],[-155.68271314977412,18.92844254503933],[-155.68279340295044,18.928634223898932],[-155.68291382808462,18.928781446992936],[-155.68303416257186,18.929151532799775],[-155.68310552900977,18.92927637896247],[-155.68310997240974,18.929517138525636],[-155.68315903117582,18.929708894889085],[-155.68328389981704,18.930092393178427],[-155.6833106509106,18.93025295398278],[-155.68335526629758,18.93042234062957],[-155.6834043250924,18.93067208147409],[-155.68341321189874,18.93082364768674],[-155.6835024426993,18.930979752660345],[-155.68349346520935,18.93125623656246],[-155.68351577291202,18.931563892376175],[-155.68367627958798,18.931804710802997],[-155.68369858730037,18.931960763033967],[-155.68380559179093,18.932183666463807],[-155.6839661892599,18.932371000942144],[-155.68399738380649,18.932558251588606],[-155.68411780928713,18.93266527128648],[-155.68416677748948,18.932870393070136],[-155.6842381441206,18.932990840753803],[-155.68421583637945,18.93319149609202],[-155.68429164643143,18.93343673972441],[-155.68444770999076,18.933623955195582],[-155.68458599994523,18.93383799461764],[-155.68470189149636,18.934270539263885],[-155.6848535117901,18.934399916935774],[-155.68490257076053,18.934569331551266],[-155.68499171119657,18.93469859430588],[-155.6850586345476,18.934827992750957],[-155.68522811934216,18.935162414735004],[-155.6853484544948,18.935443294617894],[-155.6854465725574,18.935679615463886],[-155.68571861906193,18.93616565024728],[-155.68576767813374,18.9363172903296],[-155.68592374224323,18.93642874815354],[-155.68608869327403,18.9366740009395],[-155.68618236807745,18.936839024532173],[-155.6862180062221,18.937075316849864],[-155.68632056792248,18.93729828932617],[-155.68655244269928,18.93764162402873],[-155.6866638913569,18.937877935039463],[-155.6868645715612,18.9380251254262],[-155.68702063607938,18.938145557933424],[-155.68719012166787,18.93864937552163],[-155.68731045738411,18.938783138104863],[-155.68753788926176,18.93907303783553],[-155.68767164610549,18.93920679992836],[-155.6878589964411,18.939278157347363],[-155.68807300757555,18.93951896098594],[-155.6882691543172,18.939585782069205],[-155.68861701348925,18.93982212429751],[-155.6887329061555,18.939920225704064],[-155.68896922572915,18.94005847793017],[-155.6891565766447,18.940103085046708],[-155.68936170150883,18.94024132817866],[-155.68947759438092,18.940348318381094],[-155.68970947090423,18.94051329745889],[-155.6899859636489,18.940562394322864],[-155.69019108891865,18.94063816347404],[-155.69040954472075,18.94078087981753],[-155.6905790316792,18.940985967070702],[-155.6908777424083,18.94106176295233],[-155.69114534895243,18.94118217488308],[-155.69160012630724,18.941467546077206],[-155.69176063607952,18.941556767339485],[-155.69194798824168,18.941810893360486],[-155.69221994828118,18.941989305053873],[-155.6923938794692,18.94217206904298],[-155.69252763786145,18.94239057372828],[-155.69262131410323,18.942613509411473],[-155.6927595160702,18.942832038463447],[-155.69310728828154,18.94303273241868],[-155.6934105350028,18.943211082384938],[-155.69359335370615,18.943220012466526],[-155.69385198426957,18.943295751922758],[-155.69402591613357,18.943384972843596],[-155.6942845469633,18.94354553746356],[-155.6944718095674,18.943657009204344],[-155.694690267597,18.94380412989921],[-155.69499795898696,18.943893275495356],[-155.6951763348532,18.94392004335082],[-155.69529676354387,18.944196555282613],[-155.6954305228605,18.94430797286478],[-155.6953635978547,18.94449526542899],[-155.6953235154038,18.94466917967243],[-155.69519864317732,18.944838615870136],[-155.69521197376184,18.945016974343872],[-155.69521650797432,18.945155255467355],[-155.69537257559878,18.945306847713216],[-155.6954572747289,18.94555207848802],[-155.69556428221966,18.9456457344265],[-155.69573377125866,18.945712583988275],[-155.69585855295972,18.94581073673231],[-155.69618411004313,18.94586866828913],[-155.69651855446267,18.945819639024116],[-155.69659881028076,18.945944464188727],[-155.6967325700117,18.94600246415546],[-155.69684402137253,18.946310159567123],[-155.69702684156948,18.946564343839324],[-155.69722752672837,18.946751586159014],[-155.69756197197773,18.946871957650938],[-155.69791419171983,18.94689430368743],[-155.69821299834913,18.946871992049772],[-155.69861427920947,18.94701466777056],[-155.69887291286167,18.947157372552997],[-155.6990780424703,18.947224253116108],[-155.69928317217884,18.94705036176653],[-155.6994748805822,18.947045875110923],[-155.6997825754726,18.947019120409408],[-155.6999207797937,18.946929919614412],[-155.70023745285792,18.946912112616392],[-155.70040685309428,18.9468274059554],[-155.70055847905962,18.94684081061191],[-155.7011113883203,18.94695226989316],[-155.70147703250106,18.947059266875527],[-155.70188285075685,18.94723761501163],[-155.70202549936732,18.947313438848983],[-155.70225293920976,18.947482886236553],[-155.70254721462672,18.947625534789175],[-155.70298422987008,18.94783513027503],[-155.7031893614811,18.94799564335215],[-155.7033275669199,18.948218670684753],[-155.7036173994702,18.94832116626926],[-155.70378689175166,18.948570882834673],[-155.70386714895528,18.948758192267896],[-155.7042015994778,18.948825050993843],[-155.70428630038435,18.94897225434582],[-155.70437100130795,18.949105996511765],[-155.70456271202644,18.949150609564608],[-155.7046429693777,18.949320056171615],[-155.704906141048,18.949444931749635],[-155.70500861662222,18.949542955803615],[-155.7051513569768,18.949743671006882],[-155.7052316144401,18.950029022384665],[-155.70532973714475,18.950207381518002],[-155.70548136488114,18.95018065404518],[-155.70563734562376,18.9501850933919],[-155.70573546842283,18.950332211990965],[-155.70581572599724,18.950457127194746],[-155.7057889734707,18.950639932060188],[-155.70581572599724,18.95084505614987],[-155.70589153994595,18.95103234556962],[-155.70581572599724,18.951228498386953],[-155.70591829247894,18.95138901844803],[-155.70585590013343,18.951527259571208],[-155.7059941064461,18.95171456482557],[-155.70618137425825,18.95182604060854],[-155.70610556025747,18.95197317348612],[-155.70610556025747,18.952115917294403],[-155.7061501780649,18.95228982359269],[-155.70619923952117,18.952508286989588],[-155.70628394082885,18.952628655729516],[-155.70622154842926,18.952780274364212],[-155.70628838447394,18.952918485665073],[-155.70626616624895,18.953074574208483],[-155.7063330023007,18.953257404009552],[-155.70639539471676,18.953533849677314],[-155.70658719704196,18.953658740919405],[-155.7067075383089,18.953752387856188],[-155.70684139193628,18.953908443958817],[-155.70702412578476,18.953997619314404],[-155.70722037205053,18.954140314073147],[-155.7075146509334,18.95415817401713],[-155.7075725998655,18.954300827164282],[-155.70781790803068,18.954510437491326],[-155.7078981660011,18.95467540349024],[-155.7080497946602,18.954711075185458],[-155.7081880016912,18.9548002572876],[-155.70832620876746,18.9549429483485],[-155.70856253934514,18.955197119185517],[-155.7087186119135,18.955576136317784],[-155.7089906734721,18.955634095085404],[-155.70907537533978,18.955821438116267],[-155.70914221183625,18.955968542854173],[-155.7093205936906,18.95608006035876],[-155.7095168410236,18.956142492920897],[-155.70955692482462,18.956325258775628],[-155.70980223414236,18.95639661086954],[-155.70991813264217,18.95653485571321],[-155.71015446411042,18.956811297237795],[-155.7104264359061,18.956931728035062],[-155.71059593092164,18.957154706531146],[-155.71074302616947,18.95728847234615],[-155.71098833617563,18.957444492465022],[-155.7112202245453,18.957596111644285],[-155.71137629809525,18.95761842930057],[-155.71151894991445,18.957703149095952],[-155.71168835468023,18.957703099805922],[-155.71182211919796,18.957885988090364],[-155.7120718735362,18.957921633107855],[-155.71234384656537,18.958421041571352],[-155.71236171208892,18.958572705332735],[-155.7125891575003,18.958907102741065],[-155.712892327551,18.95911221144816],[-155.71313310439876,18.959165747206516],[-155.71336499394442,18.95909883567788],[-155.71353893385913,18.959005176958645],[-155.71365038966061,18.95916575403162],[-155.7135121808436,18.959303992396805],[-155.7135745743197,18.959433297690808],[-155.71359688361719,18.959584901729855],[-155.71378859852274,18.959629433309555],[-155.71400715724857,18.959714179414934],[-155.7141542536828,18.959732034196826],[-155.7142345128562,18.959905898173048],[-155.71441734058936,18.959972820251807],[-155.71453333104236,18.960093216119095],[-155.71467154019285,18.96013777979056],[-155.71484538995603,18.960137837273848],[-155.71513078667047,18.960235914033742],[-155.71567927126804,18.960516862431998],[-155.71604492806117,18.960681779882638],[-155.71620544713997,18.96074874115878],[-155.71658452633596,18.960837875344165],[-155.71712847836815,18.960940467988138],[-155.7175387554213,18.961105473674877],[-155.71773935964228,18.961132183794142],[-155.71788654806193,18.961109914333186],[-155.71809613067498,18.960962766169786],[-155.71827451630395,18.960913661563925],[-155.71851973998557,18.960762054519257],[-155.7187516324807,18.960766513100303],[-155.71892992769614,18.96086015300207],[-155.71913951082504,18.961011812794013],[-155.71923763675656,18.961248105440113],[-155.71913506704496,18.961484433978608],[-155.7191618204156,18.96164944492832],[-155.71923319297542,18.961787703691638],[-155.71926883391515,18.96192592016894],[-155.71937140365912,18.962126589953527],[-155.7193357627108,18.962331723530248],[-155.7193937132619,18.962568036827452],[-155.71948739546846,18.962786526874527],[-155.7196300500202,18.962960409586007],[-155.72009383635168,18.96336619556818],[-155.7203881241871,18.963664995710715],[-155.7205040255848,18.963789785272965],[-155.72084293306162,18.964043967408266],[-155.72103020744578,18.96411980306918],[-155.72120415050713,18.96409751534414],[-155.72136013704616,18.964039545531953],[-155.72164553814707,18.96411975430785],[-155.72152519263244,18.964262513818987],[-155.72143595378,18.964552347390658],[-155.72144493207833,18.964922436397035],[-155.72160989700768,18.965051742822165],[-155.72178384030664,18.965087457746957],[-155.72186410092482,18.965243464005916],[-155.7219576929869,18.965350513378283],[-155.72210488287047,18.96539953913735],[-155.72217172142345,18.965528875100674],[-155.7224883204654,18.965836531098358],[-155.72265328580025,18.966063977748647],[-155.72292082180115,18.96623341582532],[-155.72311707543577,18.96636274251016],[-155.723273153368,18.966483112555846],[-155.7234737603006,18.96653658003218],[-155.72371454315905,18.96650094852684],[-155.72391968482074,18.96655893929195],[-155.7240846507116,18.966496454041042],[-155.72430765857902,18.966514328629582],[-155.72456177342062,18.966509841839073],[-155.72475358397452,18.966630253563046],[-155.72487393040407,18.966469707103897],[-155.725056762724,18.96626015703342],[-155.72519950983798,18.966376137875084],[-155.72537780776182,18.96634936948599],[-155.72553388652457,18.966371597482947],[-155.7256720992595,18.966447405335902],[-155.72578809279025,18.96633595952502],[-155.72590399566178,18.966425102177816],[-155.72606451847037,18.96642957066452],[-155.7262161536311,18.96637607291883],[-155.72634992273225,18.966572269123557],[-155.72669772259223,18.966590163651592],[-155.72671558872048,18.966884440848716],[-155.72709903047647,18.966795246052435],[-155.7270321911483,18.966955761449302],[-155.7270767204689,18.96710741112434],[-155.72733981538877,18.967129652979313],[-155.7274958948718,18.96714747657638],[-155.72766086215054,18.967067288553217],[-155.72790164738095,18.96707619091089],[-155.72806217094356,18.967080657839833],[-155.72846801468418,18.96695129296313],[-155.7286106722519,18.966928979989795],[-155.7286864902794,18.967085051853267],[-155.72888265588446,18.967151955109532],[-155.72882470403886,18.967397198675314],[-155.7287890622974,18.967588968701996],[-155.7289718963006,18.967557744208875],[-155.72928850040762,18.967499756447488],[-155.72944448991387,18.96762908903414],[-155.72940440423298,18.967856486977787],[-155.72922601392955,18.968119587910145],[-155.72924388016403,18.96826678189047],[-155.7292082383874,18.968413926580094],[-155.72924388016403,18.9685565560974],[-155.72936876244296,18.96875728225608],[-155.72959612627943,18.9689356316085],[-155.72981015856197,18.968993580999122],[-155.72985033497275,18.969127355570134],[-155.72998854911017,18.969073857154278],[-155.73036310602046,18.968957935535578],[-155.73052363051147,18.969029299202493],[-155.73059500497973,18.96921210962944],[-155.73075997345975,18.969314659108576],[-155.73090263179554,18.96931910450097],[-155.73088930008637,18.96945731882333],[-155.7311122208295,18.96952420529257],[-155.73122368124478,18.969622302453587],[-155.73137087433588,18.969457336472203],[-155.73149122263732,18.96962678137734],[-155.73173654463818,18.969662476184542],[-155.73180338470505,18.9698051132078],[-155.73195057799646,18.969765051269814],[-155.7321467451053,18.96979173119657],[-155.73220914131971,18.969952297841758],[-155.7323786450356,18.969903218112748],[-155.73257925626208,18.96986310687922],[-155.73274876012516,18.96983189440935],[-155.73300288000766,18.96989878428337],[-155.73315451764,18.96977389259589],[-155.73322589254903,18.969925542203683],[-155.7333551292317,18.970077166212143],[-155.73350232305907,18.970112808502858],[-155.73370293481446,18.97011283512084],[-155.73383670626797,18.970161859827293],[-155.73401065456662,18.97018418838767],[-155.73408647355527,18.970313505554646],[-155.7343138399095,18.97034018836889],[-155.73454129707764,18.970451735723586],[-155.734657202332,18.970340265813913],[-155.73485346137912,18.970304544355162],[-155.7351343368915,18.970188582771563],[-155.73519228959535,18.97001022620771],[-155.73533504010746,18.969876477564448],[-155.7354955664711,18.96974273606223],[-155.73566498080055,18.969738266877226],[-155.73586114961836,18.969769430512038],[-155.73603954269927,18.969684739606212],[-155.73626246613549,18.96968472043942],[-155.73639179443137,18.969622276469618],[-155.73656129980978,18.969738238868036],[-155.73679755541207,18.969885383774162],[-155.73695808232586,18.969979015880643],[-155.73713203189718,18.970139545289417],[-155.7374129089094,18.970251039366758],[-155.73754223755387,18.97045170850252],[-155.73773396326015,18.97051858466679],[-155.73784551609953,18.970647942578072],[-155.73797031020482,18.97055429767094],[-155.73819332534276,18.97054980091723],[-155.73831367556932,18.970643455236075],[-155.7387194383765,18.970719239963575],[-155.73885765538859,18.97080842569432],[-155.73900485111398,18.970741595142737],[-155.73921444412906,18.970656818668367],[-155.73921000013937,18.970496317233458],[-155.73949976650354,18.970375902022226],[-155.73967371711012,18.970429388943764],[-155.73989219844677,18.970335764722943],[-155.74002597184005,18.97028671977429],[-155.74016863327444,18.97023763575174],[-155.7403069414492,18.970295668556457],[-155.7404451589748,18.97023318094224],[-155.7408197250661,18.970197509497837],[-155.7409579427575,18.970059311907153],[-155.74110958321575,18.969983524069086],[-155.74122993426369,18.970143994300123],[-155.74158663429046,18.970237701809204],[-155.74169809744149,18.970398211354755],[-155.74210395415625,18.970540902406075],[-155.74236252362948,18.970728143371815],[-155.74258998508415,18.970955620311997],[-155.74283077874153,18.971116093968973],[-155.7430358389084,18.971169653951005],[-155.7433123664629,18.971249882439874],[-155.74353529369336,18.97131235343937],[-155.74385635264264,18.971370295293095],[-155.74402577028698,18.97159769287361],[-155.74431563060918,18.971588812692232],[-155.7444538494302,18.9716422585126],[-155.7445920682958,18.971789454084178],[-155.74452522622727,18.972003517278985],[-155.74463669014384,18.972101614023146],[-155.74471251101826,18.971958916303603],[-155.74490868398888,18.971932145149704],[-155.745194100857,18.97195889476849],[-155.74523418802056,18.972137212476838],[-155.74540814095923,18.972226434936523],[-155.7457246665607,18.972239793426358],[-155.74595657386192,18.97238692544347],[-155.74616617028323,18.972413757244567],[-155.74625976767973,18.972716952310524],[-155.74646047611935,18.972721380615553],[-155.74656305240742,18.972846278635917],[-155.74677709319374,18.97286855977693],[-155.7468573585162,18.972881964752553],[-155.74710259864537,18.9729176290045],[-155.7472898845634,18.973006750057188],[-155.7475261460925,18.973042440483745],[-155.74765992187207,18.973127198177057],[-155.74765992187207,18.973274304769816],[-155.74782943171653,18.973247563450524],[-155.74800329501346,18.973287737329933],[-155.74814595910684,18.973408110479507],[-155.74851164376398,18.97343488011539],[-155.74867217507358,18.973443734538428],[-155.74886390576734,18.97340812840037],[-155.74895759444877,18.97354187421083],[-155.74913590229593,18.973631021356187],[-155.7496442523893,18.973729126099553],[-155.74988949411275,18.973800527199412],[-155.75000095942468,18.97370688334739],[-155.75017047019463,18.973622125707593],[-155.75021055782364,18.973778174605027],[-155.75038451278203,18.973840633199742],[-155.75052273356047,18.97392092448888],[-155.75074566454234,18.973920888393952],[-155.75086601829798,18.9740457089331],[-155.75095081919352,18.97424191287896],[-155.75108904015443,18.97414833166822],[-155.75122726115978,18.97425978960535],[-155.75126290477274,18.974451557018824],[-155.75150370330414,18.97443366892183],[-155.75174450197062,18.974571953103602],[-155.75169099114416,18.97473248690785],[-155.75182032410223,18.97479486304305],[-155.7519853007722,18.97457193443235],[-155.7521324103137,18.97481267881555],[-155.75227516647672,18.97485734982852],[-155.75244014332148,18.97491526139636],[-155.75258280889034,18.97501784967075],[-155.7526764076873,18.975147180871968],[-155.7528191640312,18.975138241095543],[-155.7529751621233,18.975115890299694],[-155.7531223627005,18.975115950296832],[-155.75321151748008,18.975218495936083],[-155.75346574021358,18.975338905485586],[-155.75369756100363,18.975285385588414],[-155.75376893933935,18.975459322284042],[-155.75395178402476,18.975593052534748],[-155.7538892939425,18.97575802035243],[-155.75390716120748,18.975927510959096],[-155.7540988942399,18.975954233969798],[-155.7542728507738,18.97584721922786],[-155.75454485072996,18.975945359987087],[-155.75460280606134,18.976105835664605],[-155.75462956165512,18.97630653980811],[-155.75472760504866,18.97658300911955],[-155.75501302845024,18.97660526006488],[-155.7552047619761,18.976458104580956],[-155.75531178451118,18.976355539167752],[-155.75554360629718,18.976413559861754],[-155.75569525191497,18.97652501460701],[-155.75583791856477,18.976574076233714],[-155.75604307564828,18.976850559050618],[-155.7561812982478,18.97680143648727],[-155.75643996690647,18.976895104637066],[-155.756595966313,18.976908492363716],[-155.75674761230195,18.976895106180997],[-155.75704192539368,18.976912910170753],[-155.7572336598243,18.97702889993719],[-155.75741197110753,18.976912912439023],[-155.75763499636187,18.97684156818451],[-155.75777766365516,18.976872842603093],[-155.75793375424448,18.976966448662235],[-155.75814326581596,18.97694862340927],[-155.75826371234135,18.97706456582455],[-155.75840193565446,18.977207277770475],[-155.7586918056863,18.977149253252062],[-155.75903954114477,18.977233992760485],[-155.75932052320977,18.977358866875417],[-155.75948994695796,18.97740790488512],[-155.7596638149745,18.977452476347345],[-155.75978870612826,18.977581823670697],[-155.75996257426542,18.977671030475662],[-155.7601142214408,18.977711169816587],[-155.76019004504852,18.97787166767355],[-155.76012764475794,18.978063421398208],[-155.76032382477172,18.978250663921298],[-155.76041298104425,18.978411229837693],[-155.7604709371662,18.9785405418802],[-155.760542316626,18.9787501428615],[-155.76071174085496,18.97881256361513],[-155.7608901442773,18.978830406008694],[-155.76089903270596,18.97909792728292],[-155.76093467712073,18.979240581952528],[-155.7610595686431,18.979334273185465],[-155.7610863246384,18.97946798978959],[-155.76097485645187,18.97966421567841],[-155.76095254467836,18.979806891803623],[-155.76102392421797,18.979940689458477],[-155.76091236534933,18.980047715334727],[-155.76102836843367,18.980181509385783],[-155.7610461452969,18.980324146881447],[-155.76086783250818,18.98031969794206],[-155.76096587732337,18.9805739029412],[-155.76101050087289,18.980828079483526],[-155.7610461452969,18.980970735327894],[-155.76120668128883,18.98105987798569],[-155.76130037266094,18.981166952467568],[-155.76138508491616,18.981278373749554],[-155.7616169099739,18.981354180961958],[-155.7617953137711,18.981336366779903],[-155.7619602942675,18.981483550879513],[-155.76200491792002,18.9816217762425],[-155.7621609193433,18.981764414007813],[-155.76229025544978,18.981858129906552],[-155.76237941212926,18.982018615357582],[-155.7624151473651,18.982192539458605],[-155.76250874830134,18.982317389253758],[-155.76259346079414,18.982482341791115],[-155.76262021688473,18.982772162820712],[-155.76269604093352,18.98301745100148],[-155.76291897822597,18.982999620786146],[-155.76319542788463,18.98309770134117],[-155.76334263195827,18.983160181799512],[-155.76332920854097,18.983347458739665],[-155.76340058847427,18.983485664380435],[-155.76386877582644,18.983534743454232],[-155.76411846990888,18.983534677315806],[-155.76426123004856,18.983485668816154],[-155.76439945528605,18.983409859569328],[-155.76452425711327,18.98361051863522],[-155.76464470542268,18.983717573372488],[-155.7648453317476,18.983820060864204],[-155.76513076185626,18.983735412432075],[-155.76521991912307,18.98388251782414],[-155.76539378945117,18.983971728918654],[-155.7655454385374,18.983940466668177],[-155.76570597620466,18.984020801219156],[-155.76562570736357,18.98413673905661],[-155.7657014412415,18.98430163701648],[-155.76591993582133,18.984497907266253],[-155.76607158509245,18.984480027687344],[-155.76619194313443,18.984645006623378],[-155.76639710514922,18.98459599708941],[-155.76649070694964,18.984698572698456],[-155.76682965084828,18.984734239274303],[-155.76684742795067,18.984890266267648],[-155.76713730366208,18.984908126951137],[-155.76731570974272,18.985131118631674],[-155.76743162384986,18.98527379919554],[-155.7675877179353,18.985291600878607],[-155.76752967015722,18.985443228374944],[-155.76765456358936,18.98552345593042],[-155.76780621346984,18.98553683062549],[-155.76795777270382,18.98571968369269],[-155.76811386697943,18.985906976601715],[-155.76828329418268,18.98593373940927],[-155.76844383286803,18.985924797021713],[-155.76873370965103,18.985799930844454],[-155.7688362005501,18.98598725588892],[-155.7691037654013,18.986107651085003],[-155.76913941049398,18.98631714637604],[-155.769398086929,18.986459858888217],[-155.7696924086571,18.986535677541767],[-155.7696924086571,18.986700681485733],[-155.76983063563344,18.986763104009643],[-155.76988414871354,18.986919169575856],[-155.77039687691718,18.987177781263487],[-155.77056186070163,18.987186732660977],[-155.77078035774014,18.987146594810163],[-155.77092756439993,18.98724465058968],[-155.7710033899078,18.987365096099737],[-155.77108365974829,18.987507756876578],[-155.77121735214834,18.987708468154548],[-155.77130660137195,18.987855591334696],[-155.77147158550355,18.9879447584963],[-155.77160083369895,18.988051763678257],[-155.77175692929032,18.988114203818316],[-155.77193978160614,18.988256922487405],[-155.77208245363042,18.988337155828944],[-155.77219836901605,18.98822572215612],[-155.7723589091554,18.98814985953505],[-155.77251500502032,18.988256939338747],[-155.7725818514364,18.988395116918127],[-155.7724971369841,18.98857795818407],[-155.77266212156977,18.9885645462102],[-155.7730144033256,18.98825247025869],[-155.7732864151041,18.988283691359253],[-155.7733532616394,18.988426358664018],[-155.77326854703605,18.988573455038907],[-155.77340233081227,18.988734029900925],[-155.7734826010978,18.98893471665338],[-155.77361638494023,18.989019394650217],[-155.77373230073675,18.98913090748466],[-155.77409347206392,18.989179893725073],[-155.7741604094249,18.98932706409207],[-155.77412022886685,18.989523273753676],[-155.77419605493432,18.989643721636387],[-155.7743789082808,18.989768568239665],[-155.77436104016763,18.989920177212134],[-155.77449926863582,18.989995983906727],[-155.7747044345932,18.989924602933122],[-155.77549816110235,18.989920133365572],[-155.77567647993084,18.99005392383105],[-155.7759396046435,18.990125250460995],[-155.77628735399185,18.990316972974185],[-155.77643900689887,18.990294681351433],[-155.77659056915743,18.99033480721776],[-155.77672879833716,18.99055775222227],[-155.77687156264122,18.990504327548017],[-155.7770053475305,18.990566727236285],[-155.77709006286474,18.99068264675244],[-155.77746901453065,18.990780764732147],[-155.77752252855515,18.991070593383988],[-155.7777232515568,18.991298040300123],[-155.7778168558081,18.9915834240994],[-155.777843612841,18.9917706938732],[-155.77791499517076,18.991904421308394],[-155.7779461965994,18.992051561298233],[-155.77803535650813,18.992261193488112],[-155.7783786631439,18.992261197743122],[-155.77863734510026,18.992287944567167],[-155.77869530366635,18.99242616756798],[-155.77895389510954,18.992519822731467],[-155.77918137588927,18.992693712021207],[-155.77926609164874,18.992961265439433],[-155.77932849470267,18.993193116783],[-155.77950237070124,18.993349166820128],[-155.77977438655293,18.99345620164134],[-155.779957242253,18.993603329674748],[-155.78013111850356,18.993656879557086],[-155.7801534312669,18.99382185156005],[-155.78030952994004,18.993884291812083],[-155.78039424591978,18.99404036760128],[-155.78053247631198,18.99411168567397],[-155.7807331100042,18.9942855876453],[-155.78081782606662,18.99415186522546],[-155.78099170266202,18.99417856134738],[-155.7811165999777,18.99408496325602],[-155.7811612256069,18.99423210126672],[-155.78130834509156,18.994477377293904],[-155.7814822218834,18.994490688744282],[-155.7816115637675,18.99456653662285],[-155.7817586834048,18.994682457714678],[-155.78168739114523,18.994820665743845],[-155.78166952273088,18.995025821996013],[-155.7815713825189,18.995266627194482],[-155.78174979454738,18.99528446375509],[-155.7818835809412,18.995453857161866],[-155.78232058654734,18.99562337816901],[-155.78227596079904,18.995877522937334],[-155.78249001930834,18.99622974270154],[-155.78261038191476,18.996185157434436],[-155.78264158368103,18.996171771763148],[-155.78276648147136,18.996046913083116],[-155.78313210476628,18.996243148665148],[-155.78329264895478,18.996475038549818],[-155.78347995058303,18.99658652746648],[-155.78371623192905,18.996555276935734],[-155.7836894745341,18.996755987131685],[-155.7838366855783,18.996800508918287],[-155.78409083563153,18.996836198814684],[-155.78416212828557,18.997005668883197],[-155.78427813760388,18.997228599707938],[-155.78445201558458,18.99716177101727],[-155.78453673237243,18.997304381683552],[-155.78471505491558,18.997197420266176],[-155.784790882835,18.99742478571862],[-155.78492911462655,18.997473824892815],[-155.78492911462655,18.99761656890197],[-155.7851029928677,18.99762996425116],[-155.7851966894135,18.99774586265899],[-155.78535269919584,18.997714681123117],[-155.78549093116598,18.99779938515632],[-155.7859190514574,18.998017911516794],[-155.7861687582542,18.99810262803178],[-155.78630699048375,18.998222997268257],[-155.78689112191273,18.998468201487707],[-155.78705166748946,18.998325567148527],[-155.78736822363075,18.998325585758053],[-155.7874931227791,18.99851730403185],[-155.7877205173264,18.998535139678943],[-155.78791226535373,18.998673336408217],[-155.78803262946133,18.998561905398184],[-155.78820659964708,18.998651047263717],[-155.78839834788855,18.998856169999407],[-155.78858556101187,18.998940875910467],[-155.78875055171395,18.999114847256745],[-155.7890092398455,18.999208429524504],[-155.78920543294538,18.999333348154142],[-155.7893704238824,18.99920843777877],[-155.78963346618718,18.999230781774234],[-155.79005261082253,18.999533966280445],[-155.7901328841865,18.999721289234024],[-155.79027556219089,18.999774754412236],[-155.790427219981,18.999797100185322],[-155.79051193793222,18.99997987096144],[-155.79077498092644,19.000011109635896],[-155.7908954365299,19.000305402488305],[-155.79099348814134,19.000407927468466],[-155.79115403523085,19.00061754495964],[-155.7913368957167,19.00077357440286],[-155.79151522104618,19.000782497834567],[-155.79165345497333,19.000840515815085],[-155.791724839571,19.001054567859683],[-155.79181844683748,19.001188332563483],[-155.79198788329737,19.001455858647603],[-155.79221972472712,19.001540557172383],[-155.79242934359075,19.00181254409982],[-155.79242934359075,19.002022139728954],[-155.79242934359075,19.002204964157798],[-155.7925854466698,19.002494791880494],[-155.79278164138006,19.00245018913179],[-155.7930402412001,19.002414562046447],[-155.79319625379281,19.002468009483927],[-155.79349503620472,19.002459122901037],[-155.79374919189655,19.00245464931735],[-155.79385177940725,19.002566190904602],[-155.7939721451557,19.002789143396868],[-155.79392760891784,19.003007573097264],[-155.793936498024,19.00323949696215],[-155.79378937426966,19.003333083279237],[-155.79350401600715,19.003404486720218],[-155.79340142857822,19.00356498087845],[-155.79346827820868,19.004055529655904],[-155.7938250213893,19.003948512645195],[-155.7939721451557,19.003961844013755],[-155.79427981721227,19.00398858525115],[-155.7944805479487,19.003921734318375],[-155.7949977497565,19.00418038091756],[-155.79515385375473,19.004296280839277],[-155.79526977529568,19.00443008730632],[-155.79535893875538,19.00460399150646],[-155.79539467670875,19.00480015416251],[-155.79536338332304,19.005049902919513],[-155.79521181452137,19.005451177036335],[-155.79519839011778,19.00562511632463],[-155.79522968349164,19.005785674416487],[-155.79505571050237,19.006142333624364],[-155.79495765797748,19.0064812886738],[-155.7949888606287,19.006681908022816],[-155.7951047821258,19.006811226795822],[-155.79525644159574,19.00699852846283],[-155.79532773607767,19.00721698269136],[-155.79542587939122,19.007413228631815],[-155.79554624557392,19.00750681750681],[-155.7956844807787,19.00774318014937],[-155.7960768730749,19.008202469187644],[-155.7962418666122,19.008193536571614],[-155.79634001013127,19.008296080537047],[-155.7964781548817,19.00849676375261],[-155.7965406511095,19.008679605061246],[-155.79673240301665,19.00900954120943],[-155.79686610330825,19.00914335660716],[-155.7969598023837,19.009308320357615],[-155.79719609104168,19.009410839925373],[-155.79739673241326,19.009544686846294],[-155.79725405207944,19.009723020849528],[-155.7970622999432,19.009919216343782],[-155.79708461357444,19.010146653433907],[-155.79737895406015,19.010387430737904],[-155.79758404010596,19.010489953344862],[-155.7977267205476,19.010481067083287],[-155.79798087870333,19.010503370425546],[-155.79817263124275,19.01036961477664],[-155.79830642268126,19.010436511828207],[-155.79845354795788,19.010414175729156],[-155.79864974530585,19.01054791656697],[-155.79880140600687,19.010686168110038],[-155.79890843930843,19.01087788878295],[-155.799117970678,19.010596968202346],[-155.79928296536397,19.010534572747982],[-155.79959508577315,19.01044094348677],[-155.7997511914145,19.010440945375315],[-155.7999027617913,19.010302725716535],[-155.80007673671108,19.01028486632882],[-155.80033534085166,19.010365139753226],[-155.80048691143094,19.010026204570398],[-155.80062514819898,19.01016895137176],[-155.8008615295453,19.010396366633366],[-155.80105319264172,19.010356214196634],[-155.8012181880579,19.010302711853193],[-155.80128512959143,19.01012430895981],[-155.80143670049986,19.010088689282792],[-155.80157938219898,19.0102223924007],[-155.80171317468,19.01014220313084],[-155.80184696720195,19.010204607556222],[-155.8019807597648,19.010044097569907],[-155.80214575553086,19.010021772856184],[-155.80236417772915,19.010137743755493],[-155.80260500465639,19.010226906827103],[-155.80272981745875,19.010351782421395],[-155.8028412963654,19.01048108260805],[-155.80276555601483,19.010708513111076],[-155.8030152724538,19.010757560203448],[-155.80320249184618,19.01092250651867],[-155.8033318401747,19.010993869894705],[-155.80355035367205,19.011074099062036],[-155.80390256972154,19.01123019143673],[-155.80427719075988,19.01118561449943],[-155.80441987338486,19.01106962619792],[-155.80480782885647,19.01098046185524],[-155.80503523242217,19.010931438718703],[-155.805204674007,19.01111425910059],[-155.80560596418874,19.011163264989463],[-155.80579327539624,19.011203418870988],[-155.8060607722667,19.01121238883959],[-155.80626150841138,19.010998350556843],[-155.80658252316005,19.010779857076166],[-155.806636040759,19.010641613895075],[-155.8067252065358,19.010516776020854],[-155.80688131471973,19.0103607002181],[-155.80704622162406,19.010240241253076],[-155.80730492058902,19.01024917626183],[-155.8075233453599,19.010284820193306],[-155.80775528573616,19.010258109315515],[-155.80786232122685,19.010374084944065],[-155.8080094497152,19.010391899404347],[-155.80829926214085,19.01060145534661],[-155.80873184949485,19.01076196480469],[-155.80895925509608,19.01071293411246],[-155.8090929591225,19.01079320038568],[-155.80926240227555,19.010793173039378],[-155.80958795464133,19.010815505756405],[-155.80984656439685,19.011149957934276],[-155.81001156312445,19.01120345778364],[-155.81015424761563,19.011256920698212],[-155.81036387507365,19.011573582376545],[-155.81054220816088,19.011609184780013],[-155.8107027624265,19.011604791657664],[-155.8107517450955,19.01183220724559],[-155.81090340998676,19.011934700892372],[-155.81106387367575,19.01212644742132],[-155.81121553867482,19.01222453525218],[-155.8113582235573,19.012113111417413],[-155.8115633161492,19.01215326270896],[-155.81183979671653,19.012278107749182],[-155.81197803706547,19.012358323862543],[-155.8121697957318,19.012211237233956],[-155.81231248092428,19.012282578053448],[-155.81248192531987,19.012327117291353],[-155.81260674093357,19.01259468225522],[-155.8126736842061,19.01273739609765],[-155.81290553659474,19.012795314037806],[-155.813043777279,19.012759701254083],[-155.81338266669957,19.012715071695407],[-155.81352979703792,19.012666029332134],[-155.81367692742552,19.012581314384356],[-155.8139890580841,19.0121220284508],[-155.81421646640763,19.012139843560156],[-155.81429229944476,19.011988239883348],[-155.8145241526872,19.01208191183442],[-155.81463563459104,19.0122334981927],[-155.81493443163143,19.012090789275977],[-155.81501470955936,19.012367277292174],[-155.81517072998105,19.012505451389924],[-155.81540258368665,19.01233162036668],[-155.81561221364856,19.012389595334835],[-155.8157013812481,19.012278048825678],[-155.8159555498253,19.01229591937296],[-155.81609823624652,19.012273627509934],[-155.81632564566073,19.012295930596512],[-155.81635240505304,19.012086357242204],[-155.81669574180742,19.012162146166883],[-155.8168607431065,19.01216658048327],[-155.81705694868998,19.01216660286739],[-155.8171283374284,19.01233603079612],[-155.81714611658228,19.01255456177778],[-155.81724426478172,19.01272396295296],[-155.81738250682983,19.012808752490947],[-155.81760093661117,19.012790834556316],[-155.81782834680183,19.012884482651103],[-155.8180112184245,19.012937991995052],[-155.81817622021666,19.01315205936207],[-155.8183857607895,19.01332153094928],[-155.8185240031961,19.013526644318713],[-155.81877817340327,19.013678224200184],[-155.8189208607395,19.01362025667413],[-155.81921512516942,19.013606893937656],[-155.8192820694476,19.01347761021372],[-155.81956744449272,19.013424038683574],[-155.81967892767403,19.013655956393194],[-155.81989735859437,19.013869957567906],[-155.82022291883408,19.013972518561758],[-155.82037449628044,19.013968060886278],[-155.82052616448962,19.014101820249987],[-155.82067774204032,19.01421777257883],[-155.82082042999173,19.014298092599653],[-155.8211236760584,19.014547804819227],[-155.82132432837156,19.01460572078745],[-155.82148933140454,19.014632522781064],[-155.82168100350447,19.014984758905104],[-155.82192628585895,19.015167563677114],[-155.8220511041509,19.015279053356654],[-155.8223187016255,19.015283521825502],[-155.82274232236645,19.015461840097785],[-155.82288945583247,19.015488627662307],[-155.82324622294246,19.015626855529774],[-155.82342900610195,19.015666961847284],[-155.82367873428294,19.015729460176097],[-155.82411124604738,19.01560013525881],[-155.8245571835369,19.015644684090116],[-155.8247087624729,19.01570716668041],[-155.82496293624544,19.01572494272323],[-155.82515914543544,19.015800799363536],[-155.8254489691558,19.015845367035027],[-155.8255961035242,19.01585427265957],[-155.82592166796982,19.015885478008247],[-155.8261000073583,19.015756166491606],[-155.82632297705112,19.015836484947904],[-155.8265949312877,19.01587213949777],[-155.82680901145827,19.015912248143298],[-155.82706318643957,19.015988067789884],[-155.82714346657647,19.016126277835554],[-155.82731291667605,19.016237752306484],[-155.82746894145046,19.01629576379561],[-155.82765181707012,19.01652315498209],[-155.82776774718963,19.01663460199441],[-155.8279638669133,19.016719342479497],[-155.82811109283153,19.016661398691774],[-155.8284276786135,19.016821944131237],[-155.82857925887765,19.01695569231452],[-155.82888695518105,19.017062723494895],[-155.82904751613194,19.01709839696064],[-155.82933734240277,19.017401590515558],[-155.8294710526149,19.017669132590406],[-155.82966281889205,19.01782521658446],[-155.82985903016893,19.017909884861222],[-155.83007302120768,19.018057093284366],[-155.83011320690392,19.018262216559858],[-155.83030497345945,19.018297882792133],[-155.8305010943085,19.018453891497142],[-155.83056804029812,19.018605514434466],[-155.83084897771198,19.01870808346498],[-155.83108528458666,19.01875270400016],[-155.8313082567937,19.0188017515817],[-155.8314732635563,19.018908799360535],[-155.83163373473295,19.018935477096864],[-155.8317898517447,19.01881960837534],[-155.83208412475096,19.018605555573316],[-155.8322713565066,19.018373652425073],[-155.8325345152272,19.01826215710935],[-155.83293583030942,19.018320179663252],[-155.83308296716893,19.018195270428606],[-155.83328806986415,19.018235403721935],[-155.83347983779518,19.01818191614368],[-155.83363586474445,19.018217637525012],[-155.83402384594902,19.018364744011865],[-155.83416209325017,19.01844504013441],[-155.83428247003636,19.01864565997626],[-155.83459906023302,19.01864120514597],[-155.83478184808564,19.018641219163804],[-155.83504945326646,19.01861448358737],[-155.83515640467033,19.018132835121882],[-155.8351965908279,19.017914410782378],[-155.83558003771117,19.01783411036617],[-155.83574060108938,19.017655798622627],[-155.83598580053004,19.0177761301335],[-155.83614636405522,19.01766018958752],[-155.83627563134232,19.017339162766948],[-155.8365923136765,19.01736589977959],[-155.83683306860146,19.017602224670892],[-155.83699363243343,19.017704840101704],[-155.83703372804348,19.01795004125036],[-155.83731022456618,19.018115036411057],[-155.83746180787074,19.018213105881706],[-155.83766691259214,19.018195267997974],[-155.8378764624054,19.018199739025935],[-155.83797461520913,19.018373643880825],[-155.83821092588383,19.018587745883693],[-155.8383625094961,19.0186902222601],[-155.83838038021867,19.018899811612346],[-155.8384918681434,19.019069289254098],[-155.83851418387457,19.019252120349336],[-155.83865687758055,19.019319046372523],[-155.83911616475365,19.019203032590568],[-155.83923209787386,19.019055918576022],[-155.83935692104808,19.0191451200909],[-155.83947285423113,19.019274449373455],[-155.83968684991225,19.019287753911907],[-155.8398340797265,19.019399289786342],[-155.84002575977343,19.019443832347783],[-155.8402308656796,19.019461670480958],[-155.84059209179154,19.019613290160468],[-155.8408596097619,19.019506275920172],[-155.8411049027458,19.019501784867096],[-155.84123417147708,19.01940371493707],[-155.8414348329085,19.019492887956435],[-155.84147048388658,19.01964002159051],[-155.8416399394653,19.019818443848838],[-155.84172022224328,19.019974457802],[-155.84172022224328,19.020259889190882],[-155.84190310374427,19.02033118162237],[-155.84228655642147,19.020616639066542],[-155.84271464131277,19.0206210517279],[-155.84304901771935,19.02063446311517],[-155.84329431191162,19.020576493278906],[-155.84343700715309,19.020505107407196],[-155.84366887567865,19.02034909113454],[-155.84376249399082,19.02016625770494],[-155.84369119166988,19.019805035476587],[-155.84387398326623,19.01980503917965],[-155.8439140794974,19.019599893797746],[-155.8440032528028,19.01939483475466],[-155.84426641848074,19.019376959413414],[-155.84449828743868,19.01933687696186],[-155.84472117567068,19.01932792733766],[-155.84500212204648,19.019439377192956],[-155.84526519759956,19.019559798808515],[-155.84551493808746,19.019564219870524],[-155.84563976302607,19.019640029191383],[-155.84576912379154,19.019524083010253],[-155.84592515505938,19.019684631641447],[-155.84641121095248,19.01985408263438],[-155.84662520997327,19.019849665305845],[-155.84683929981296,19.019813987263504],[-155.8469953314559,19.019880802005556],[-155.84744573705746,19.019586569600392],[-155.84752602088324,19.01945722958919],[-155.84774446553547,19.019310110635807],[-155.84801652362225,19.01938591940233],[-155.8481592203777,19.019363597008862],[-155.848435633104,19.019506282229546],[-155.84885029787324,19.01960882583744],[-155.8494255313499,19.019742619343013],[-155.84970203557833,19.019715897532276],[-155.8497287969875,19.019568736258655],[-155.85002308187762,19.01938589895821],[-155.85025495383294,19.019336822212683],[-155.85044672908583,19.01939924872206],[-155.85058489077846,19.019546394690444],[-155.85071869810534,19.019617764020953],[-155.85080342764695,19.019827365149805],[-155.85092380893988,19.01991654255426],[-155.851088822988,19.020175118992224],[-155.85118688799002,19.020326727709143],[-155.85110660350483,19.020522942303753],[-155.85140987028578,19.02099563481707],[-155.85167294962264,19.021312255659574],[-155.85188695117003,19.021548531594647],[-155.85214558564857,19.02194988658059],[-155.85235069713923,19.021976610923193],[-155.85243542699084,19.0221460424043],[-155.85307307860646,19.022266504218234],[-155.85327374537246,19.022480513895907],[-155.85346552192303,19.02263659512498],[-155.85379990639888,19.02275694661714],[-155.85400501864976,19.022859525340703],[-155.85443311480108,19.022859501759125],[-155.85460257531088,19.022828327733595],[-155.85488352791444,19.02293977146996],[-155.8550351172034,19.023091403314936],[-155.85528930833476,19.023189488261572],[-155.8554141360097,19.023399041021104],[-155.85557915171782,19.023514981202716],[-155.85574861266238,19.02347490684866],[-155.8559938231258,19.02347936718289],[-155.85606512741455,19.02326978336516],[-155.85620338156411,19.023202852593496],[-155.85627922178506,19.02306907345196],[-155.8563595072004,19.02294421426302],[-155.8565334136242,19.022823895117174],[-155.85674741750094,19.022730217999634],[-155.85693021445007,19.02282386372281],[-155.85708634034026,19.02296205199449],[-155.8572512659476,19.02297542310055],[-155.85736720378725,19.023131538354917],[-155.85748758684971,19.023269790832057],[-155.85768381040384,19.023470389376108],[-155.85782206505402,19.023590853704775],[-155.85791568633744,19.023724562832218],[-155.85818321470597,19.023791516815752],[-155.85845972435783,19.023858354829063],[-155.8586246504717,19.023907408148435],[-155.85877179582377,19.023916288613798],[-155.8589680199413,19.023934150976753],[-155.85949418767154,19.02410361329283],[-155.85966365009983,19.024054549607918],[-155.8598999722764,19.024130329144956],[-155.86030131202838,19.02436222285035],[-155.86061347549747,19.02446034223133],[-155.86088989593213,19.024545049223768],[-155.86104602320415,19.024652132195595],[-155.86117974294467,19.024790278445277],[-155.8612466028299,19.025035565127684],[-155.8612823461105,19.02524960147446],[-155.86144727326453,19.025276362272507],[-155.86157663861047,19.025485953040448],[-155.86160340073087,19.025664337532998],[-155.8616881323362,19.025864967647248],[-155.86181740703265,19.025971987976746],[-155.8619778891463,19.026114679278756],[-155.8621875411066,19.026301964100096],[-155.8622632916227,19.02647584222152],[-155.86246396251283,19.026743426164135],[-155.8625575847672,19.026890530868553],[-155.86271815786526,19.02709570386833],[-155.8628206706642,19.027327525546482],[-155.86291882895915,19.027541624618014],[-155.86298124385658,19.027844786744364],[-155.86315515285358,19.02780913381409],[-155.86335582414313,19.02782693108721],[-155.86343157485672,19.027969619314085],[-155.86362335576248,19.027933975994348],[-155.86372142351377,19.028049910716696],[-155.86375707627232,19.02822825520659],[-155.86388644228518,19.028344189892014],[-155.86407368740782,19.028281813411866],[-155.86422981578932,19.028406614516285],[-155.86423870630892,19.028629577500595],[-155.864421506317,19.02863854908475],[-155.86464894047577,19.028678689207243],[-155.86461773290986,19.028834747866604],[-155.86475598970094,19.028937247099787],[-155.8649031370674,19.028941718396002],[-155.8650413032267,19.029017505187014],[-155.86534013418563,19.029142434480118],[-155.86554969699878,19.02919587168698],[-155.86578602227996,19.029334121943197],[-155.86628543561574,19.029432248825778],[-155.86649055358828,19.02954372710909],[-155.8665663048314,19.029695317809047],[-155.8667580870777,19.029681963969516],[-155.8670479378846,19.029784546098224],[-155.86723073903747,19.029967364313656],[-155.86739575909994,19.03000744438936],[-155.86777923366304,19.030096678359126],[-155.8682251241808,19.030230385691915],[-155.86842135243708,19.030475664474658],[-155.8686576792303,19.03060942208236],[-155.8687513027774,19.03074322384513],[-155.86894753126361,19.03100181156608],[-155.86913033318987,19.0311757310682],[-155.8692551647217,19.03110439041457],[-155.86943796677315,19.031108866042988],[-155.86958965170803,19.031090989751597],[-155.86964762222001,19.03084580343876],[-155.86978134452497,19.030752125103177],[-155.86996414679052,19.030859164766813],[-155.87028965294422,19.030881479191258],[-155.8704234661611,19.030943864370492],[-155.87060182336498,19.031028590254994],[-155.87080249798416,19.031073167528998],[-155.87096751935886,19.03127387538264],[-155.87118153012688,19.03140319437725],[-155.87129302623927,19.03153251417341],[-155.8714713837882,19.031639533471644],[-155.87163186935425,19.031621683615892],[-155.87175225624668,19.03175545231349],[-155.87190385124148,19.031875814227817],[-155.87205100095017,19.03206312081468],[-155.87219815070702,19.03202300065301],[-155.87258616543235,19.032290525424877],[-155.87275554208443,19.032277123465615],[-155.87283583045013,19.032410950776516],[-155.8729116734844,19.032580359682576],[-155.8731033677178,19.032593773651527],[-155.87321930965535,19.03274091601298],[-155.8733263609231,19.03287911720111],[-155.87351360998153,19.03301287941647],[-155.8734378575672,19.033168986739526],[-155.8736830777043,19.033200217533714],[-155.873776702298,19.033307235946495],[-155.87388375369838,19.033418651344494],[-155.8741780544591,19.0335123505414],[-155.874334095631,19.033543558897183],[-155.87447235541228,19.03350339614818],[-155.8746596049475,19.033458807859365],[-155.8748959350196,19.033485588538056],[-155.87503419497338,19.033454325684755],[-155.87519468181026,19.03348555358631],[-155.8754845380569,19.03362822642311],[-155.8757699491162,19.03365949358731],[-155.87593488159084,19.03365056126621],[-155.87615343082103,19.033579182052655],[-155.87640754319756,19.033659446129455],[-155.87665285567417,19.033766468709935],[-155.8769203952101,19.033820019080583],[-155.87707199194546,19.03383340349382],[-155.87719682568084,19.03393150688494],[-155.87726822406103,19.033757584941178],[-155.87741083941083,19.03370403315056],[-155.8776650432188,19.03382889683121],[-155.87781664020463,19.03386457480191],[-155.87796823724148,19.034011724191444],[-155.87811983432928,19.0339716183308],[-155.8782759675891,19.03398054175453],[-155.87844988250407,19.033820007323154],[-155.8786683422315,19.0337486109141],[-155.87878873100527,19.0338333846337],[-155.87903849018403,19.033944833217138],[-155.87916332446395,19.034243586334316],[-155.87929260418713,19.034386298776063],[-155.8793862299466,19.034511119712747],[-155.87956459070108,19.034636024465172],[-155.87967608888914,19.034765347314774],[-155.8798187957233,19.034792083072578],[-155.87985000434406,19.034939229274933],[-155.879890103796,19.03508641613671],[-155.8798990853479,19.035318231665734],[-155.87988121296698,19.035532268342603],[-155.88008633713807,19.03579980802001],[-155.88036276954978,19.0358489042168],[-155.8805189035861,19.035924711329695],[-155.8807685729999,19.03584439701278],[-155.88097814299968,19.03587120748585],[-155.88117437681495,19.035973742473733],[-155.88129032082912,19.03629483980301],[-155.88125911210878,19.036428539519417],[-155.88117437681495,19.036580196786886],[-155.8809692521492,19.036696076118833],[-155.88115650438348,19.03707957680295],[-155.88127689382125,19.037204449785946],[-155.88131708412303,19.037382847488217],[-155.88143302817383,19.03747650446585],[-155.88141515573213,19.037636968583534],[-155.8814374736036,19.03782425883027],[-155.8813705199925,19.038230058967848],[-155.88145080989318,19.038524366704088],[-155.88151322736257,19.038716091584924],[-155.88164704391397,19.03879636477324],[-155.88164259848213,19.03894800200861],[-155.88150878193207,19.039077285562676],[-155.8814374736036,19.03932252042479],[-155.88149544564078,19.039567801825196],[-155.88130365711436,19.039683740393983],[-155.88125013052976,19.039946773904898],[-155.8813348658378,19.040062742993396],[-155.88149989107117,19.040178692309023],[-155.88154897225445,19.04040163877474],[-155.88161583516896,19.04068697487463],[-155.88176298804956,19.04086090025724],[-155.8817540064605,19.04105709610638],[-155.88166482564176,19.041217634720866],[-155.88168269809333,19.041538678960713],[-155.88151322736257,19.041681349596356],[-155.88151767279314,19.041877619308558],[-155.88156230854733,19.042069350528152],[-155.88140181944362,19.042243270438068],[-155.88131708412303,19.04248402414345],[-155.88137950157392,19.04281842575634],[-155.88148646405708,19.04293882281073],[-155.8814374736036,19.043224271326718],[-155.88137950157392,19.043433794403445],[-155.88144191903342,19.043612214394873],[-155.88145525532312,19.043754864546774],[-155.8814062648731,19.04389314680324],[-155.88151322736257,19.04422310503151],[-155.88145970075314,19.044401452316386],[-155.8814062648731,19.04457531909545],[-155.88145970075314,19.044775982116853],[-155.88141960116175,19.04490981246589],[-155.88153554523888,19.045097066765685],[-155.88151322736257,19.045315583443983],[-155.88134829284738,19.045404707682476],[-155.88133042040903,19.04561875174602],[-155.8815043365016,19.04570796068694],[-155.88152220894682,19.045850644966134],[-155.88129032082912,19.046006734113373],[-155.88107630525815,19.046140536870425],[-155.88126355753684,19.0463233138552],[-155.88134829284738,19.046550766114347],[-155.88144191903342,19.046858371335347],[-155.8814062648731,19.04701451816422],[-155.88168269809333,19.04717053209679],[-155.88162472603213,19.04737124018831],[-155.88174067016197,19.04746482175149],[-155.8819056955437,19.047398006495484],[-155.8821642565984,19.047482715340458],[-155.8820126581515,19.047736872244624],[-155.88226241911477,19.048013313705482],[-155.88223565576487,19.048356685862537],[-155.882440781006,19.04864205392842],[-155.8823560454904,19.04876692358852],[-155.88228464630492,19.048980953425524],[-155.88233372757352,19.049141429653496],[-155.8823783634084,19.049395646908604],[-155.88230251878102,19.04951606445083],[-155.8823560454904,19.049685463077456],[-155.88259682503784,19.050024334779067],[-155.88259237959662,19.050225062733265],[-155.88269489692493,19.050447940150686],[-155.88278407794718,19.05074230693127],[-155.88278407794718,19.051045465364307],[-155.88288668604233,19.051223849056075],[-155.88288224059826,19.051451282491183],[-155.88300707594144,19.051580599516644],[-155.88307393907183,19.05174556891139],[-155.88314080221215,19.051946229297997],[-155.8833905637993,19.052097889138768],[-155.88332814607043,19.052285101130746],[-155.88347529950903,19.052418942967662],[-155.8835198447332,19.05270426536042],[-155.88371607965306,19.052744426780357],[-155.88384536068014,19.052851469418002],[-155.88395241447088,19.05295400070308],[-155.88418874941232,19.05317247653285],[-155.8843983209993,19.053212614797403],[-155.8845632566283,19.053319665490406],[-155.88484422796768,19.053212657752],[-155.88493340941415,19.05336867373115],[-155.8848843278631,19.053596134639555],[-155.88506269078945,19.053850264369235],[-155.88504935439323,19.054010771581083],[-155.8851786358017,19.054162408322433],[-155.8852187357268,19.0543185127576],[-155.8853703352495,19.054496800917864],[-155.88554425289738,19.054550326675226],[-155.8856691796998,19.05465736264259],[-155.88578503414365,19.054773318933062],[-155.8857761431986,19.055067628070205],[-155.88567807064274,19.055642867155196],[-155.88582522484646,19.055843518078213],[-155.88598127004698,19.055861342939362],[-155.8860972152948,19.056084303725438],[-155.88625770606637,19.05623143693916],[-155.88648070577455,19.056262664505542],[-155.88667685125563,19.056351816795402],[-155.88683298747412,19.05639195076391],[-155.8867705692699,19.05652575789771],[-155.88685975109632,19.056699666071925],[-155.88680177837097,19.056837902391493],[-155.8869622693925,19.056971641289532],[-155.88735909706963,19.057426446679788],[-155.88761330647773,19.05746215494168],[-155.887666833816,19.057622661311843],[-155.88787196152177,19.05761818629155],[-155.88807255310104,19.057707359880784],[-155.8880770893205,19.057850078024064],[-155.8881528441923,19.058001701276876],[-155.88838918132882,19.058064104870883],[-155.8884515997563,19.058206849448123],[-155.88854078191403,19.058336165426418],[-155.88874146451423,19.05838075735584],[-155.88886630147496,19.058590283852663],[-155.88900012020292,19.058634880876536],[-155.88924090328834,19.058652710166008],[-155.88930332183324,19.05892474660213],[-155.88940584068297,19.059022840874675],[-155.88962884194243,19.058969371508063],[-155.88965106949465,19.05925467859809],[-155.8897358063772,19.059549044441344],[-155.88959763264646,19.06002609898556],[-155.88990083467684,19.060084090227605],[-155.8900256719572,19.060191118280873],[-155.89005688128267,19.06033828659239],[-155.89019959139426,19.06035613452998],[-155.89025311903833,19.060507742487875],[-155.89043592959914,19.060797599538198],[-155.89056521254645,19.060953652890205],[-155.8905474304687,19.06112305004764],[-155.8907703415653,19.061256852533567],[-155.89096213410653,19.061288093619147],[-155.89091305190163,19.06147088721657],[-155.89097102515345,19.06164922348539],[-155.89097547067698,19.061849924443543],[-155.89110919930312,19.061903412626084],[-155.8911359631781,19.06219774489814],[-155.89114494495342,19.062460794917186],[-155.89120736376074,19.06266594421349],[-155.89134553798246,19.06279075614161],[-155.8915596491381,19.062781842064183],[-155.89171569631526,19.062906749059593],[-155.89161308621772,19.063062819159605],[-155.89174246022606,19.063214394253617],[-155.89191184406414,19.063254495408852],[-155.8919297169206,19.063432890004403],[-155.89211697369254,19.06352649989501],[-155.8921080826231,19.06376283531981],[-155.89195203531088,19.063918900093586],[-155.8917290329079,19.06399025755108],[-155.89188961640102,19.064083914042488],[-155.89209919155388,19.064436231061265],[-155.89213040102217,19.06457890974472],[-155.89215716495744,19.064775066520433],[-155.8921214192273,19.064989125164566],[-155.89213040102217,19.06522988073782],[-155.89211697369254,19.06543947710353],[-155.89220615657186,19.06571598528899],[-155.89245138689915,19.065805143957895],[-155.89255399718644,19.06595675529171],[-155.89268772627833,19.06603703818724],[-155.8929062836104,19.066121748803535],[-155.89319606049287,19.066393752908425],[-155.89344582762874,19.066478451117366],[-155.89362419392762,19.066532004099287],[-155.89370439527718,19.06703136163086],[-155.89376236888597,19.067236496577326],[-155.89388729795542,19.067526340936045],[-155.89430191392265,19.06813277842439],[-155.89445805276912,19.068391411107182],[-155.89450259907392,19.068538564500262],[-155.8946676291089,19.068627751848254],[-155.89481024994612,19.06892648707067],[-155.8950465905543,19.069354582755437],[-155.89533201396344,19.069483889778237],[-155.89550148986788,19.06968900191106],[-155.89548806243846,19.069903013985847],[-155.89558169154924,19.070076959883508],[-155.89578237726644,19.07024195643257],[-155.89600982723493,19.070420316585352],[-155.8965002921339,19.070571932350433],[-155.8967143149963,19.07050501244601],[-155.8967990531986,19.07061202062683],[-155.8969907575626,19.070665552544764],[-155.8971156875206,19.070830512352252],[-155.89741444899013,19.070799293267726],[-155.89754373392626,19.070884051866265],[-155.8977176562457,19.071271990253315],[-155.8979762263273,19.07128532794907],[-155.89802086370366,19.07147709647268],[-155.89825276038795,19.071477083110743],[-155.89850243957937,19.071606454657395],[-155.89867191666684,19.071914079858995],[-155.89896614283117,19.072003311052473],[-155.89917127564738,19.072306536247602],[-155.89939872731253,19.072172703985924],[-155.89951467599138,19.072404595636492],[-155.8998356670891,19.07240010067298],[-155.8998936414805,19.072551743148583],[-155.89977769270504,19.072730147780664],[-155.89967961712068,19.07295307699483],[-155.89975991026634,19.07307795720257],[-155.90021027795854,19.073144838391823],[-155.90039753814557,19.073305354409786],[-155.90041985695206,19.073456989924004],[-155.9003217812292,19.073590721279736],[-155.90005422786157,19.073773534328982],[-155.9000140358976,19.07391178555586],[-155.9000720103118,19.07405893542078],[-155.9001924047761,19.07417935152192],[-155.90011664789392,19.074339822348914],[-155.8999427246565,19.074451288406124],[-155.8999471702679,19.074594010880276],[-155.9000408002976,19.074709966726836],[-155.9000987747152,19.075053322029937],[-155.8999605978291,19.075245020159137],[-155.8999650434407,19.075441245729987],[-155.9001879591623,19.07558837692842],[-155.90027269801232,19.07570429228397],[-155.90023259675584,19.076029859141997],[-155.90027269801232,19.07617700019888],[-155.90021027795854,19.07635093026688],[-155.89997838027566,19.076319652573417],[-155.9000140358976,19.07649806072396],[-155.9001879591623,19.07651590178499],[-155.90021472357256,19.076671968834003],[-155.9000184815097,19.076752199181136],[-155.8999427246565,19.076975160642686],[-155.89983122147876,19.07731409441785],[-155.89980001148112,19.077572718238592],[-155.9000184815097,19.077581623191254],[-155.90008099226392,19.077719821306165],[-155.90022806041486,19.077688589624753],[-155.90054025150846,19.077706458666132],[-155.9009147722313,19.07778228784107],[-155.90116898923486,19.07808993338552],[-155.90152128234075,19.078250450393625],[-155.90162824957778,19.078361977637517],[-155.90182893796486,19.078513587891926],[-155.90202064444978,19.07883905316037],[-155.9024888876519,19.07890595467675],[-155.9027029133333,19.078821225692124],[-155.90296602261742,19.078549272215465],[-155.90321125875263,19.078411025344263],[-155.90366162986064,19.07826830377735],[-155.90391575767075,19.078098892343114],[-155.90421452360667,19.07804977833573],[-155.90445086910327,19.077947269347803],[-155.9046737870218,19.07789378068929],[-155.90484326640774,19.078014112654778],[-155.90536495120864,19.07811670703915],[-155.90559685163535,19.078103293232317],[-155.90576633136456,19.078147904080446],[-155.9059535938367,19.078317329085102],[-155.90611853729888,19.078553711053154],[-155.90612307369858,19.078700862054326],[-155.9061319650421,19.078910429738965],[-155.9062924628954,19.0792805129044],[-155.90648426198698,19.079365262889176],[-155.90644851513028,19.0795525538516],[-155.9065020446883,19.079690786844438],[-155.90669828954535,19.07987358052945],[-155.9068721246349,19.0799628024671],[-155.90686767895588,19.080154503131446],[-155.90681414935497,19.080315002066527],[-155.90684091415463,19.0804710761418],[-155.90675626481053,19.08061379346854],[-155.90680970367652,19.080783219390753],[-155.90673394569347,19.080970495293617],[-155.9068186857616,19.08111770499757],[-155.9069345456018,19.081461021039626],[-155.90689888943797,19.081612627039632],[-155.9070951344658,19.081684002607854],[-155.90719321164727,19.08184450304132],[-155.90723784992744,19.08210760060042],[-155.90743845005738,19.082268104893725],[-155.90743400437285,19.08241079549222],[-155.9072511869754,19.082558012193203],[-155.9074607692089,19.08261147389209],[-155.90759450268445,19.082696175886035],[-155.90762571321628,19.082856766802447],[-155.90769267070164,19.082981594544204],[-155.9078620604815,19.083164414003356],[-155.9076391410039,19.083436422201068],[-155.90761682184365,19.08359691024623],[-155.90759450268445,19.083775290315735],[-155.90761237615735,19.083949217735274],[-155.90744289574195,19.083958108561585],[-155.9073448185068,19.08409193313669],[-155.90741168522266,19.08424354480111],[-155.90732249936093,19.08443973587046],[-155.9074652148937,19.084519999492002],[-155.9075231902564,19.084783077420678],[-155.90758116562645,19.0850550593362],[-155.90769267070164,19.085179938647848],[-155.90794235506974,19.08539395278224],[-155.90808507079643,19.085496518648693],[-155.90831243618499,19.0855500661317],[-155.90844626063864,19.085764098802112],[-155.9083793030427,19.085982527308936],[-155.9085443381106,19.086129728209904],[-155.9086379699074,19.08636161223689],[-155.90849969970262,19.086490902053686],[-155.90848636261816,19.086638048059676],[-155.9085711030118,19.086789672885345],[-155.9086647348141,19.08717317571434],[-155.90851312751593,19.087360404561966],[-155.9087806858517,19.087578927690593],[-155.90898128666004,19.087922264320643],[-155.90921318892555,19.087993655044713],[-155.90919531538995,19.088136274694637],[-155.9091864239867,19.088323552163104],[-155.90922652603126,19.088729340869264],[-155.9093826699985,19.08925555252359],[-155.9094004528128,19.08939826650045],[-155.9094227720603,19.08958994259916],[-155.90934692291475,19.089812911368902],[-155.90942721776423,19.08998241113492],[-155.9094718562629,19.09019642131222],[-155.9095387232905,19.090481766575955],[-155.9096323552913,19.090615544268495],[-155.90978396296123,19.09062445399009],[-155.90995788995517,19.090807318016648],[-155.9097259873113,19.090892038767137],[-155.90969033092932,19.091074856210035],[-155.90987314930405,19.091088249049786],[-155.90992667926383,19.091360220037117],[-155.9097527522818,19.091471692872773],[-155.90968143951645,19.091632283814533],[-155.90973043301815,19.091988936288],[-155.90985083003451,19.09210936969886],[-155.9098062822275,19.09231444831892],[-155.910002437777,19.092399221167327],[-155.9099667813734,19.09259984737284],[-155.9098285107661,19.09270691941924],[-155.9100203113442,19.092746995115544],[-155.90997122708262,19.092996730248586],[-155.91007384132124,19.093130479723786],[-155.91011838915438,19.093331167173357],[-155.91018525627666,19.09349169160516],[-155.91023878627306,19.093705747257154],[-155.91044392416478,19.093799395046712],[-155.9105865499448,19.09421402149656],[-155.91077390512427,19.094414689231442],[-155.9106579535804,19.094575217873253],[-155.91051523704922,19.094664461146703],[-155.91045281559252,19.09512367716385],[-155.9107069471869,19.095373432278002],[-155.91076047724445,19.095623106416774],[-155.9109210674547,19.095855015007615],[-155.91098348897538,19.096033414074096],[-155.91095227821398,19.096354396455478],[-155.9109120852889,19.096497157821197],[-155.91092995889173,19.096635394723407],[-155.9111350970939,19.096666547717277],[-155.9112331751435,19.096934083738862],[-155.9113089338734,19.097223975552986],[-155.91122872942205,19.09734433143242],[-155.91127327736783,19.09762083587208],[-155.91143831348185,19.097977511788308],[-155.91163002400697,19.09808457291604],[-155.91171031925788,19.098383319499604],[-155.91164336118325,19.098512630155746],[-155.91175931297724,19.09860625177206],[-155.91189313844117,19.098762383910664],[-155.9120759576976,19.09894962680956],[-155.9121428251064,19.09926619303763],[-155.9123300901949,19.099301915774614],[-155.91228998787784,19.09951151602311],[-155.91243270496344,19.099627409912042],[-155.91249059022763,19.09978347665457],[-155.9125843135628,19.099899382516895],[-155.91279834398114,19.099908361093572],[-155.91315055534125,19.099966290537015],[-155.91315055534125,19.100140221359958],[-155.9131862119933,19.100340875481322],[-155.9133021641787,19.10053261560182],[-155.9134582188096,19.10114348511682],[-155.91371688855054,19.101714267421965],[-155.9138417323642,19.10206649995208],[-155.91379718416806,19.10236529616917],[-155.9139442567425,19.102650639552877],[-155.91386405182868,19.103007431664516],[-155.91396657621195,19.103181290952964],[-155.9140825285953,19.103274916320565],[-155.91429655971496,19.10337752092276],[-155.91431443345013,19.10356037067571],[-155.91443483167427,19.103640618162284],[-155.91447493417948,19.103917027625812],[-155.91467109173297,19.104086532146884],[-155.91471128498856,19.104305033274528],[-155.91486734010027,19.10435408378822],[-155.91496097319288,19.104572595100958],[-155.91514379367598,19.104813358661673],[-155.91528651165228,19.105094288673772],[-155.91530429469628,19.105290442321586],[-155.9153712533071,19.105549111674282],[-155.91536227105382,19.10589243431238],[-155.9154336754354,19.106039606110585],[-155.91543812119778,19.106200164018414],[-155.91557185700853,19.10655236355475],[-155.91551388062445,19.10669954259516],[-155.91558528502966,19.106940340747602],[-155.915580748536,19.107114243992164],[-155.91562094187154,19.10733274863737],[-155.91556296548123,19.107484337725808],[-155.91546035001028,19.10759583257116],[-155.91550054333524,19.107756330214837],[-155.91542024741872,19.10805510949438],[-155.91554064593385,19.10818887337301],[-155.9156431706929,19.108336024857177],[-155.91560306808532,19.10849212075034],[-155.91573689467418,19.108648180034855],[-155.91584386524352,19.108835466498117],[-155.91599102920588,19.108924676991595],[-155.9161158736402,19.109013854539786],[-155.9160846625284,19.109183223078183],[-155.91609799983462,19.109348235179564],[-155.91599102920588,19.109655964396627],[-155.91596870963767,19.10983877459765],[-155.91651717251386,19.1103649356341],[-155.91658857707563,19.11051652156],[-155.91656181170492,19.110663692716074],[-155.91665989091845,19.11078852145106],[-155.91684715785627,19.110873271464218],[-155.91692300824627,19.111007069445],[-155.91685160363238,19.111127460471184],[-155.91677584398428,19.111274557224935],[-155.91670897589813,19.11142619085041],[-155.9168026093675,19.111546589213198],[-155.91682039247044,19.111760643144738],[-155.91684271208018,19.112041559363295],[-155.91673565054734,19.112251156144595],[-155.91670897589813,19.11248747341468],[-155.91692300824627,19.11252758629552],[-155.9169407913539,19.11276835557149],[-155.91704785293473,19.113004678800326],[-155.91707008182544,19.113290078813527],[-155.91719048077456,19.113450647625097],[-155.91724401159104,19.11368694766742],[-155.91747591804793,19.113753873186386],[-155.91764086566974,19.11411498423696],[-155.91778803020972,19.114155180204122],[-155.91812246225638,19.114400388572736],[-155.91823396990299,19.11452080185234],[-155.9182517530615,19.11468575508215],[-155.9182607353714,19.114931077739367],[-155.91810467910287,19.11546168915756],[-155.91792185743728,19.115702452587783],[-155.9179440863704,19.115947741727073],[-155.9181759931818,19.1160680997128],[-155.91824286148213,19.11625536216566],[-155.9181759931818,19.1163980930571],[-155.91815367350702,19.116674538288752],[-155.91833649526515,19.11689301843414],[-155.9182919466315,19.117040193228053],[-155.91826962695112,19.117419258856316],[-155.91846578613067,19.117758149076295],[-155.91860405934932,19.11821743670912],[-155.91857284806798,19.118618682049966],[-155.91863971642627,19.118748021714524],[-155.91868880161815,19.119020012379114],[-155.9185505283739,19.11915380078498],[-155.91853274520378,19.119341061841308],[-155.9183588149488,19.11959526759507],[-155.9183320494746,19.119809273634097],[-155.91810014258422,19.11988957052949],[-155.91809569679603,19.12002779001458],[-155.91792630322382,19.120125892579956],[-155.91792185743728,19.12065211919667],[-155.91802882851712,19.120919650993624],[-155.917961960248,19.121093507215296],[-155.91806893133722,19.12127190372038],[-155.91800650884954,19.121392265865715],[-155.91797085182188,19.121588504213282],[-155.917961960248,19.12184713405908],[-155.917961960248,19.12199428061431],[-155.91798872570055,19.122154798205685],[-155.9179440863704,19.12235547657008],[-155.91800206306223,19.122533796914613],[-155.91810014258422,19.122787973396466],[-155.91812246225638,19.122952965226325],[-155.91810467910287,19.123104606811673],[-155.9181759931818,19.12337662343954],[-155.91814033614094,19.123644104155268],[-155.91806448554928,19.12379127487774],[-155.91806893133722,19.123938443719283],[-155.91806448554928,19.124125685627547],[-155.9180600397614,19.124428949551454],[-155.91798872570055,19.124607279869092],[-155.91783266952467,19.124799075007854],[-155.91760520867052,19.125035354743662],[-155.91757399745725,19.125169109354072],[-155.91760076288713,19.125401039805038],[-155.91748925539466,19.1255303002491],[-155.9174714722658,19.1257265528733],[-155.91750712925455,19.12590492569505],[-155.91748036383015,19.126118933497928],[-155.91737330214815,19.126217004396104],[-155.91739117600352,19.12635975567028],[-155.91731541626612,19.12657376938236],[-155.9171058295131,19.126712018066737],[-155.91704340715674,19.126845779303228],[-155.91685160363238,19.126984028275817],[-155.91698543058627,19.12712670987798],[-155.91709240144738,19.127238196594007],[-155.9169318998,19.127510199140982],[-155.91684271208018,19.127643903458473],[-155.916610805944,19.12765735726109],[-155.9165216182868,19.127817861532794],[-155.9164726240572,19.127987320028982],[-155.91655282942833,19.128116561169854],[-155.9169006886326,19.128259262262493],[-155.9171191668491,19.12826820681217],[-155.91717269765724,19.128397573693373],[-155.9171147210704,19.128558072331273],[-155.91710138373455,19.128727546848452],[-155.91685160363238,19.1288523438061],[-155.91670443939333,19.128834523304317],[-155.91665099937,19.128968339759513],[-155.9165216182868,19.12910648913509],[-155.91630314035544,19.129079732187407],[-155.91616051279212,19.129160072102795],[-155.9159954749737,19.1289950887301],[-155.91589739590253,19.12913773845177],[-155.91581709991635,19.128995083819344],[-155.91560751384932,19.128990589755627],[-155.91541135589435,19.129111014795438],[-155.91523742682514,19.129133251147135],[-155.91512147414906,19.129311675890282],[-155.915134902157,19.12957475269586],[-155.91504126902882,19.12979324387084],[-155.91519287849306,19.129873509492924],[-155.91538459059248,19.13017669697907],[-155.91558528502966,19.13029708704438],[-155.91571902088344,19.13047996090086],[-155.91576810576223,19.130671643828382],[-155.91609355406584,19.13081879904963],[-155.91626748346044,19.130961522619764],[-155.9164770698297,19.13102394486717],[-155.91670897589813,19.130992769851677],[-155.91686947746734,19.131050688490472],[-155.91702553331496,19.131206798380866],[-155.91692745402312,19.131407461090703],[-155.91713259491564,19.131563494813225],[-155.91731541626612,19.131603638732127],[-155.91743127876774,19.131737393742153],[-155.91755167781184,19.131862277670052],[-155.9174714722658,19.13202275413286],[-155.91761863675134,19.1322145283328],[-155.91756066010802,19.132361712420806],[-155.91736885636698,19.132388429557114],[-155.9174045133478,19.132548911559752],[-155.9175828890236,19.132749586053137],[-155.9177523731991,19.13296361814246],[-155.91768550497034,19.13314646565353],[-155.9177746928543,19.13327135680706],[-155.9179307490104,19.133342656004167],[-155.91803772009231,19.133494265260765],[-155.91816256508466,19.13361467744641],[-155.9182607353714,19.133744035147352],[-155.91818488475982,19.133958039216264],[-155.91823841569254,19.134198855759053],[-155.9181671016039,19.134417304384],[-155.91816256508466,19.13456891743408],[-155.91809125100784,19.13485877934626],[-155.91793519479702,19.134912239792563],[-155.91771671619122,19.135010407780538],[-155.91754723202894,19.135063874848697],[-155.91736885636698,19.135041559683973],[-155.91721724618202,19.13525118250424],[-155.91684715785627,19.135335911098327],[-155.91655282942833,19.1352645519723],[-155.9162986945847,19.13509511455983],[-155.91622738079812,19.134934615031],[-155.91609355406584,19.134854346469094],[-155.91597315540523,19.134947937279968],[-155.91586173903914,19.135166428508402],[-155.91597315540523,19.13555435034277],[-155.91608910829711,19.13564359520642],[-155.91597315540523,19.135835336225654],[-155.91585275677627,19.135942326935115],[-155.91549156107948,19.136459555180835],[-155.91539348211631,19.13666471028309],[-155.91523742682514,19.13680738894264],[-155.91507692582826,19.136901023535795],[-155.91491642488774,19.137016963604395],[-155.9146756282176,19.13699914733995],[-155.91446159692055,19.137043726682915],[-155.91432777070474,19.1369679502474],[-155.91412707681923,19.137021414988638],[-155.91401566090272,19.137115058407478],[-155.91423413774177,19.137364801656158],[-155.9143634274486,19.137485155663946],[-155.9142520114745,19.1376056000542],[-155.91437685543428,19.13796680106459],[-155.9146934112379,19.138109436216688],[-155.91478704429488,19.138354703170908],[-155.91463543496513,19.138613341324273],[-155.91462209770154,19.1388452399257],[-155.91479149005096,19.138961139957456],[-155.91484057483024,19.139170724917168],[-155.91486734010027,19.13932675574976],[-155.91471573074392,19.139335703223676],[-155.91474249600665,19.139482828654643],[-155.91454180193918,19.139634420692424],[-155.91436787320058,19.13967903679842],[-155.91435453594477,19.13985292331037],[-155.91421626400975,19.13994657912928],[-155.91400223292766,19.139937637298882],[-155.91376597321448,19.140053600158637],[-155.9137436537548,19.140209703831466],[-155.91402899814864,19.14032563235412],[-155.91389970853635,19.140512892894293],[-155.9137436537548,19.140481699718414],[-155.9136098277491,19.140593186990113],[-155.91331114639146,19.140865211308622],[-155.9131104529522,19.140842847611495],[-155.91292763328195,19.140909807265185],[-155.91277602456867,19.140945467306455],[-155.9125575484264,19.140954395671006],[-155.91236574678294,19.14099890724327],[-155.91222756617861,19.141092572046198],[-155.91223201190982,19.141235248913112],[-155.91205363832043,19.1412576173458],[-155.91191990353863,19.141369029369816],[-155.9117905237938,19.141725813274277],[-155.91152296369432,19.14188628607299],[-155.91141599413587,19.141975536073883],[-155.91135357255604,19.142131596624672],[-155.9111796450306,19.142238542997088],[-155.91089874813397,19.142216261705425],[-155.9108318809072,19.142412500549426],[-155.9107827965584,19.142581942097387],[-155.9108764288143,19.142724588697146],[-155.9111707535887,19.142746949625483],[-155.9113044881512,19.142952060022218],[-155.9112911509848,19.143166060996858],[-155.91133569893668,19.14338901246852],[-155.9111930729227,19.14347824214472],[-155.9110726755525,19.143705657046606],[-155.91086309166042,19.143808171861426],[-155.91088087453238,19.143968725808563],[-155.9107827965584,19.144089144722724],[-155.91062229712566,19.144178272156946],[-155.9105687670843,19.14430757531022],[-155.91038594843107,19.144405738811212],[-155.91044392416478,19.144668801049267],[-155.91049291774831,19.144807047290296],[-155.91072926649824,19.14478474273057],[-155.91088985669754,19.144646521443207],[-155.9110726755525,19.144735708992478],[-155.9110860127125,19.14489624151438],[-155.91125994020234,19.144927457656394],[-155.91143377702934,19.14521276151546],[-155.9113401446592,19.14534210843498],[-155.9113847833449,19.145493746483616],[-155.91151851797005,19.145636437993172],[-155.91150073507325,19.14580139640856],[-155.91128670526274,19.145908383179147],[-155.91114843425575,19.14600652634803],[-155.91140256623717,19.146122471820014],[-155.91152296369432,19.146251781924647],[-155.9114071026894,19.146644194568168],[-155.9112821688117,19.146751224632457],[-155.91102803689728,19.14680473513774],[-155.91102803689728,19.146951886508763],[-155.91107712127246,19.14715248509575],[-155.9108407723425,19.147299632646963],[-155.91089874813397,19.147482464913985],[-155.91071592934864,19.147544920121994],[-155.9107114836322,19.147625216300778],[-155.91069805575418,19.147816900497375],[-155.91052866492186,19.14787485436165],[-155.910426050581,19.148075555520887],[-155.91051079133473,19.14824945903421],[-155.91031009912544,19.148280684919772],[-155.91024323198488,19.148503640195123],[-155.91031009912544,19.148846984891613],[-155.91010949773317,19.148971856530522],[-155.91022544913778,19.149168065498724],[-155.9101183891544,19.149502494955886],[-155.9099667813734,19.149604978009595],[-155.91010051558334,19.149796781675512],[-155.91010051558334,19.14999295590017],[-155.9099132514089,19.150157925132692],[-155.9098419386185,19.15032293012299],[-155.90990435999169,19.15045667945074],[-155.91005152204193,19.150523632807825],[-155.91014515414787,19.15070640382885],[-155.90996233566426,19.15070643198453],[-155.9098687035958,19.15085799719796],[-155.91004253989323,19.151237030784884],[-155.91016747343178,19.15140649843872],[-155.91051523704922,19.1516651096807],[-155.91086753737835,19.15179441389212],[-155.91177274088642,19.15171416076833],[-155.91187081907293,19.15183012170345],[-155.9120804034273,19.151584868171224],[-155.91227211422182,19.151705235561824],[-155.9123524095856,19.151892521971313],[-155.91264219884624,19.151794423304654],[-155.91271804853903,19.152021890313843],[-155.91301237449966,19.152021872614956],[-155.91313277238095,19.152106575727405],[-155.91323974234126,19.152213590980423],[-155.91359204477095,19.15236070319057],[-155.91375254524672,19.152436543705313],[-155.913917582256,19.152521239880606],[-155.91396657621195,19.152695200689166],[-155.91413161329848,19.152686259711945],[-155.91412707681923,19.152512351350186],[-155.91435009019295,19.152565894367484],[-155.9147469417623,19.152534616318356],[-155.9145506934466,19.152695127045895],[-155.91454624769287,19.15287355901442],[-155.91467562821762,19.153105391610474],[-155.91481825531812,19.15313219148641],[-155.9150546063046,19.153319472713815],[-155.91491642488774,19.153408639842908],[-155.91516166744427,19.153524549954106],[-155.91528206589138,19.153622654819802],[-155.91556741124487,19.153769820484715],[-155.91567447250446,19.15387235418807],[-155.9157413404395,19.154041838453143],[-155.91601334877524,19.154139913232004],[-155.91574578620487,19.154345083404817],[-155.91584386524352,19.15447436298668],[-155.9159463900705,19.154371773261563],[-155.91613374744642,19.15426032552712],[-155.9161247651782,19.154465442758415],[-155.91623627233835,19.154625929826075],[-155.9163834364269,19.15473741286559],[-155.91616051279212,19.154808818602593],[-155.91584831100988,19.154773113161742],[-155.91602668607936,19.154942525596315],[-155.91585729327264,19.1550942054962],[-155.9156654902453,19.155250243972585],[-155.91589739590253,19.155366174610307],[-155.9158795221055,19.155544530009998],[-155.91576356926674,19.155856709945656],[-155.91576356926674,19.15601277503874],[-155.91586173903914,19.156168786447292],[-155.91597315540523,19.156271331967073],[-155.91588396787222,19.156436329306086],[-155.91569670132847,19.156422935267102],[-155.91549156107948,19.156570084614987],[-155.9154336754354,19.1567083750168],[-155.91560306808532,19.156793084856893],[-155.91555851971765,19.156944673893474],[-155.91542024741872,19.15702051081945],[-155.91525085483647,19.15705615731188],[-155.9152418725856,19.157234557273405],[-155.915134902157,19.15739505365255],[-155.91521066153345,19.157533287456957],[-155.91538459059248,19.157519898676302],[-155.91546488650278,19.15765816752943],[-155.9155941765574,19.15775182556624],[-155.91543812119778,19.1578409741213],[-155.91550054333524,19.158014849963788],[-155.91549609757226,19.158318138249385],[-155.91558973079353,19.158563346132418],[-155.9153177227096,19.158500886376473],[-155.9152418725856,19.158768495089987],[-155.91528206589138,19.159111812087108],[-155.91510813687128,19.1591073873391],[-155.91495652743512,19.159169754005987],[-155.91477370702685,19.159343656996594],[-155.9145552299301,19.159316942322178],[-155.9145641214378,19.15949527504085],[-155.91434564444114,19.15970045280491],[-155.91421626400975,19.15999024275172],[-155.91402899814864,19.16007048194348],[-155.9139442567425,19.160280112873114],[-155.91386405182868,19.16040046515185],[-155.91377041896064,19.160578837874127],[-155.91377486470685,19.160935605647424],[-155.91365446665648,19.16105148953685],[-155.91348053825533,19.16108717987391],[-155.9134136706508,19.161261119112243],[-155.91332448361683,19.16137259202034],[-155.9131550010814,19.161430526408243],[-155.91312823591159,19.161573212603194],[-155.91305692261935,19.161738222998206],[-155.9131461096011,19.16197009435361],[-155.9129409704961,19.162086020669392],[-155.91299005507676,19.162228702981043],[-155.91282501840232,19.162353580176504],[-155.912878548708,19.162518592312626],[-155.91278047030522,19.162754871644797],[-155.91268683765912,19.162902029402378],[-155.91264673531074,19.163102748388507],[-155.91261098797148,19.163285495880398],[-155.91252633755747,19.163521854978544],[-155.91264219884624,19.1636467377662],[-155.91261098797148,19.163784990909104],[-155.91265118104602,19.164043575937217],[-155.91236130105042,19.16411043204782],[-155.91234351812085,19.16429329494119],[-155.91241483130185,19.164458313799308],[-155.9125843135628,19.16457867151488],[-155.91245048789648,19.16479718723715],[-155.91240140337376,19.164979952071054],[-155.91218737314134,19.16520295486198],[-155.9120224274859,19.16547491663839],[-155.91203131894434,19.1656488398357],[-155.91183071679617,19.165769291306045],[-155.91171031925788,19.16601002332542],[-155.9117905237938,19.166121483368936],[-155.9116791084468,19.16628653021796],[-155.91148730717205,19.16647826068576],[-155.9113446811108,19.166513957251848],[-155.9112554944806,19.16672797201994],[-155.91100571757133,19.166986557352818],[-155.91072482078167,19.167169409722142],[-155.910644525704,19.16728982943895],[-155.91039483985767,19.16739235952089],[-155.9101629369919,19.167481578536464],[-155.90999799206747,19.167450309992038],[-155.9099489078083,19.16770448884412],[-155.9099667813734,19.16790069172898],[-155.91006930488228,19.16806571483254],[-155.90985083003451,19.16812812592545],[-155.9097215416045,19.16805235191],[-155.90960559032789,19.167860615248436],[-155.9094539827172,19.167838319899573],[-155.90928005591525,19.167865007535646],[-155.90915521334813,19.167998840788076],[-155.90903481651526,19.168074596449436],[-155.9088876547928,19.168052323145396],[-155.90869594541914,19.168083498828064],[-155.9086379699074,19.168212863446758],[-155.9085264646012,19.168337688443984],[-155.90857999440306,19.16858294022137],[-155.90844626063864,19.168667701936712],[-155.90840606793418,19.168837106600602],[-155.90815193762083,19.168788038116755],[-155.90792448158388,19.168453611348],[-155.90782640424513,19.168346626069898],[-155.90772388124014,19.168453611629193],[-155.90757671994055,19.16859189553093],[-155.90739834816998,19.168623052373018],[-155.90731360799418,19.168453625330848],[-155.9070862431035,19.16843133793482],[-155.90698807521684,19.16883264716879],[-155.90694797336906,19.1691537152719],[-155.90697918385663,19.169336498828248],[-155.9071486640997,19.16941233667618],[-155.90697918385663,19.169697734572296],[-155.9068899980795,19.169853811539134],[-155.9069345456018,19.16999205038875],[-155.90689444375872,19.17020158459891],[-155.9068721246349,19.17037100707168],[-155.90680525799814,19.170495913392635],[-155.90686323327694,19.17070098509824],[-155.90681868576158,19.17094628945356],[-155.90675626481053,19.171164772113585],[-155.90674283704894,19.171459091804273],[-155.90673839137116,19.171708771356517],[-155.90694797336906,19.17190942820259],[-155.90702826779633,19.17205661329462],[-155.90717089250887,19.17239548118675],[-155.90745632352417,19.172636261632647],[-155.90772388124014,19.17272545284614],[-155.90807608868644,19.172582787142076],[-155.90822769583937,19.17257828558423],[-155.90837041165534,19.17248467868121],[-155.90844172421583,19.172337486211113],[-155.9086156506983,19.172395452711537],[-155.90878513154934,19.172573838701258],[-155.90894563033623,19.17261840737443],[-155.90913743054338,19.17244449840978],[-155.90916410475077,19.172747778230736],[-155.9092577366747,19.172943973893076],[-155.90929792945417,19.173126735575856],[-155.90941388065266,19.173273948493566],[-155.90939156140558,19.173554827294243],[-155.90941388065266,19.173835790852827],[-155.90933803150853,19.174058692759832],[-155.90898128666004,19.174067649768084],[-155.9086156506983,19.17403194521799],[-155.90846848911102,19.174089904778228],[-155.90831243618499,19.17422814162007],[-155.9078932710316,19.174424367868216],[-155.90797356562533,19.174540342145967],[-155.9081608290039,19.174700841690843],[-155.908035986743,19.17490150809961],[-155.90804043243335,19.175062008390952],[-155.90818314819074,19.175133376020213],[-155.9080716429957,19.175244881821474],[-155.9080805343772,19.175409815887285],[-155.90809840786918,19.175918156296095],[-155.90794235506974,19.175967246680212],[-155.9079334636909,19.17614116460984],[-155.90799588480306,19.17628383847183],[-155.90814749192933,19.17643099700528],[-155.90816972038715,19.17665834302061],[-155.90837041165534,19.17673419271236],[-155.90842838713306,19.17692145925263],[-155.90849525400776,19.177099865972707],[-155.90836152026816,19.177255871561247],[-155.908504236126,19.177568044370982],[-155.90853544672007,19.177773142730462],[-155.90822325014716,19.17800948033132],[-155.9081072992512,19.17816108192188],[-155.90816972038715,19.17843310753236],[-155.90828567129896,19.17871849776501],[-155.9080939621782,19.178749661783662],[-155.90798245700492,19.178856755675515],[-155.90799588480306,19.1790841546269],[-155.9081563833123,19.179262491864467],[-155.90809840786915,19.1794229852306],[-155.90823667795235,19.179592471021813],[-155.90822769583937,19.17977078893999],[-155.908120727053,19.179886739659743],[-155.9079468007592,19.17995811455749],[-155.9082634428355,19.180181104524646],[-155.90841051362818,19.180292522962482],[-155.90877170372804,19.18046647613184],[-155.90866028911762,19.18075628646461],[-155.90834809245928,19.18075181592031],[-155.908178702499,19.18093018470695],[-155.9080448781238,19.181041645218702],[-155.9080895164873,19.181211118402278],[-155.90852201890607,19.181269095716303],[-155.90852201890607,19.18158564647223],[-155.90849080831293,19.18179972910084],[-155.90823223226005,19.18190677170505],[-155.90813406412676,19.18202716622544],[-155.9081652746955,19.182196558130794],[-155.90829465341307,19.182388309011035],[-155.90836596596174,19.182584556083537],[-155.90820991307078,19.182798533519648],[-155.9079468007592,19.182776271693676],[-155.90774610967733,19.182736122818802],[-155.9073626919699,19.18248197586314],[-155.90707281533216,19.18244632934531],[-155.90693908200961,19.18280751072765],[-155.90713523632652,19.18310624216891],[-155.90717089250887,19.18327124659167],[-155.9070683696512,19.1834139365007],[-155.90711291719094,19.183645826107742],[-155.90723784992744,19.183846461588846],[-155.90715310978143,19.184096203273178],[-155.90715310978143,19.184283487332035],[-155.9073582462861,19.184519767864693],[-155.90719765732948,19.184595618288856],[-155.90687666104208,19.184693651925357],[-155.9068721246349,19.184903292816013],[-155.90702826779633,19.18507272161384],[-155.9073047166276,19.185059348767545],[-155.9073448185068,19.185246600996727],[-155.90751429888576,19.18534917611195],[-155.90778630232364,19.185420515918054],[-155.90807608868644,19.185402716281722],[-155.9081608290039,19.185737137910436],[-155.90822769583937,19.18591097198223],[-155.9080538602332,19.18600915848825],[-155.90805830592373,19.1862499054137],[-155.90785316910421,19.186383697966424],[-155.90775509178084,19.186521916103516],[-155.90785316910421,19.186682439591568],[-155.90838383946485,19.186731494236046],[-155.90849080831293,19.186954408783972],[-155.90846848911102,19.187150642792588],[-155.90823223226005,19.18734237557291],[-155.90787993396486,19.187382540709514],[-155.90751874457104,19.18738253756426],[-155.90740723953837,19.187493953688087],[-155.90784872341567,19.187694678979877],[-155.90779963938763,19.18785963037209],[-155.90764803237695,19.18800678871338],[-155.9075499550977,19.18835909663676],[-155.90772832692753,19.188417021036603],[-155.9077060077629,19.18855973201259],[-155.90754995509766,19.188599821215522],[-155.90742511300397,19.18869793473339],[-155.907179874601,19.188724710488863],[-155.90701484002673,19.18868899376421],[-155.90703715915754,19.188903043577643],[-155.90713079064497,19.189032416342187],[-155.90701928570715,19.189322211704244],[-155.9070549418804,19.189585274385408],[-155.9067919209632,19.18954519994876],[-155.90662688652932,19.189594218896172],[-155.90649315333755,19.189772610003573],[-155.90656446560456,19.190035702676152],[-155.90669375313993,19.19012490106277],[-155.90705049619962,19.190209625816927],[-155.90727795180072,19.19035231831159],[-155.907505316787,19.19048600710754],[-155.90740279385417,19.190637687402337],[-155.90724674129268,19.190767007650702],[-155.90729128884985,19.19094529642789],[-155.90718432028305,19.19118610121267],[-155.90697918385663,19.191346691784208],[-155.90667152475402,19.191337739016966],[-155.90655112857667,19.19142247163103],[-155.90645749720824,19.191627550292722],[-155.90598035858588,19.191783625220854],[-155.90603833375977,19.1920645467279],[-155.9060071233366,19.192247415774588],[-155.9060293516901,19.192448052641467],[-155.9061096459556,19.19256395615691],[-155.90609630894104,19.192813687135747],[-155.9062479154358,19.19283151329221],[-155.90627468020227,19.192992065908506],[-155.90619438590767,19.193116887846877],[-155.9060338880889,19.19309019285349],[-155.9060249060193,19.193295318413284],[-155.90607398985628,19.19342461701751],[-155.90598480425624,19.193594008194953],[-155.90567714582468,19.19378132802909],[-155.90568159149208,19.193955237284037],[-155.9056949284945,19.194169229876056],[-155.90579309610274,19.194280745887315],[-155.9058688539294,19.19451706268912],[-155.9060427794307,19.194548338078576],[-155.90621670499831,19.194699891981234],[-155.90646638855827,19.194610719851063],[-155.90648870766225,19.19482027782877],[-155.90660910382314,19.19493174238899],[-155.90663586861078,19.195069988085855],[-155.90668930746264,19.195257318037253],[-155.90668930746264,19.195498046158477],[-155.9068008123198,19.19564967050457],[-155.9068811067212,19.19577456790006],[-155.9067250543382,19.195993033797947],[-155.90643073243106,19.196095600565602],[-155.90613196504208,19.196064376853474],[-155.90594470249667,19.196238300780934],[-155.90583319784892,19.196354207450174],[-155.9057039105576,19.19658164653769],[-155.90557897824146,19.196751077428587],[-155.9053694876008,19.197201489134738],[-155.90542737196915,19.19754483320695],[-155.90540514364503,19.197977312885463],[-155.90554776784973,19.198088814247132],[-155.9056414897592,19.198204720878298],[-155.9057529036321,19.198329616049136],[-155.90554332218366,19.198374220970777],[-155.90548988346612,19.198512441001185],[-155.90544524535713,19.19869081715006],[-155.90531595817583,19.198846833914477],[-155.9054987747973,19.198927105024868],[-155.90548534707273,19.19911439642347],[-155.90562361636356,19.19919017725316],[-155.90554776784973,19.199390853653465],[-155.90577077703284,19.19959155873824],[-155.9058911730041,19.199711934744332],[-155.905744012296,19.199774368874618],[-155.90599369559706,19.20002848609744],[-155.9058688539294,19.20029157494016],[-155.90602935169008,19.200474438324665],[-155.9060650985139,19.20067958809664],[-155.90590006434311,19.200791027554814],[-155.90606954418507,19.200956053755164],[-155.9060650985139,19.201125508843333],[-155.9059535938367,19.20124582503622],[-155.9060115690072,19.201384082745665],[-155.9060338880889,19.20153571012952],[-155.90610520028406,19.201656141292645],[-155.90602935169008,19.201785396699798],[-155.90598924992662,19.201995026104356],[-155.90613196504208,19.2021287684312],[-155.9063415467612,19.20228927247788],[-155.90645749720824,19.2023963099658],[-155.9063236733381,19.202498851549514],[-155.90622559634366,19.202703991399964],[-155.9059580395068,19.202654951457426],[-155.9061408563858,19.202913528382425],[-155.90602935169008,19.203038424689005],[-155.90566371809487,19.203198933567514],[-155.90552553951974,19.203314864656974],[-155.90537837892964,19.20324802344878],[-155.90511971391393,19.203288094332926],[-155.90532929516758,19.203484311944074],[-155.90532929516758,19.203662697808454],[-155.90510193126653,19.203787529781724],[-155.90477195441005,19.20390794583182],[-155.90468721472246,19.204041732257515],[-155.9045221810507,19.204295926324583],[-155.90432158220412,19.204469770247865],[-155.90430370886025,19.20462582362615],[-155.90408968242647,19.204697199868196],[-155.90389797507035,19.204879996759818],[-155.9038087898962,19.2050271602249],[-155.90383101814243,19.205196588536385],[-155.90358578167348,19.20529475751184],[-155.90344760372858,19.205357160305635],[-155.90337620122196,19.205495342506982],[-155.90322459568276,19.20567378454788],[-155.90328257050595,19.205856577022047],[-155.90311318242817,19.205990390454172],[-155.90280098956936,19.20594133003073],[-155.90293481240477,19.206159769058253],[-155.90281886285425,19.206351561779456],[-155.90258696384188,19.206342581693438],[-155.90259585511637,19.206489798930765],[-155.90268059441482,19.206632456657527],[-155.902520097834,19.206748418540904],[-155.90250667019728,19.206908905667206],[-155.9024621231079,19.207051581679778],[-155.90235951058258,19.207172023597355],[-155.9022213330099,19.207301349634015],[-155.902199014115,19.20748418219792],[-155.90196266978728,19.20768477522251],[-155.90175309008305,19.207791793857435],[-155.9016862241977,19.208014749391563],[-155.90169066982614,19.20831352286562],[-155.90161046706675,19.208438434775896],[-155.90143654325814,19.2084339440328],[-155.90134291294115,19.20830463905158],[-155.9012403006682,19.208416087778595],[-155.9010753589729,19.208300199166494],[-155.90091921785222,19.208291223654992],[-155.90083456960872,19.208581092185476],[-155.90076316751203,19.20870595367163],[-155.90084346084896,19.208835271594683],[-155.90072751183135,19.20896904069904],[-155.90058479840968,19.20892884919234],[-155.90041985695206,19.208911100233575],[-155.9004733858014,19.209098365221205],[-155.9002236148007,19.209129559842424],[-155.90006756469916,19.209071567455528],[-155.89992040587342,19.209165202216493],[-155.89981788464812,19.20926334415353],[-155.89971082711008,19.20941938341233],[-155.8994700384683,19.20950407551013],[-155.89928722426822,19.209548730204716],[-155.8992693511221,19.209905471467085],[-155.89918025758175,19.21017741500554],[-155.89936307173883,19.21032463107547],[-155.89930509741504,19.21065009785291],[-155.89893937849442,19.210667970658363],[-155.8987833288337,19.21075264795854],[-155.89871201778564,19.21094885560765],[-155.89876999203378,19.211127238871068],[-155.89866738034138,19.21143046837748],[-155.89853809508557,19.211885301076624],[-155.89864061602225,19.212103806728223],[-155.89890372295676,19.21239807446106],[-155.8989706791596,19.212522911625545],[-155.89909996453844,19.2126299482964],[-155.89923814116298,19.212674518396568],[-155.89925156870328,19.21284840746605],[-155.89937640855615,19.21300894402313],[-155.89965285274195,19.21307587319069],[-155.899857985868,19.213432572969396],[-155.89999625344967,19.213584204112287],[-155.90003190907302,19.213731326145943],[-155.90000959028555,19.21387853234744],[-155.89993383343383,19.21416386864681],[-155.89988919586963,19.21439576551296],[-155.89995606149083,19.21466776230311],[-155.90018351354857,19.215046823648997],[-155.90053580589125,19.21488628054537],[-155.90068296491614,19.214881799116366],[-155.90084346084896,19.21497985881203],[-155.9010262756747,19.215180521032664],[-155.90118677172862,19.21514489628954],[-155.90121353619764,19.215336589663796],[-155.9010753589729,19.215461499361385],[-155.90123140942018,19.215671080671893],[-155.90115111601474,19.215809296190628],[-155.90127595638907,19.216023361174372],[-155.90120019932644,19.216179426935966],[-155.9011377791454,19.21658961780047],[-155.9009326454421,19.21666543521966],[-155.9007409394156,19.216830404293358],[-155.9007409394156,19.216977576439938],[-155.90091921785222,19.217053341750873],[-155.90105748575647,19.21717825711878],[-155.90123585504415,19.217164883161054],[-155.9011377791454,19.217316488787596],[-155.90116009798822,19.21757067596408],[-155.90101293880898,19.217695523408306],[-155.90061600846118,19.217726690935848],[-155.900491168268,19.21785599760315],[-155.900459958225,19.218056681769998],[-155.90043319380035,19.21829301705216],[-155.9005001502284,19.2184223546924],[-155.90061600846118,19.218551620672503],[-155.90090143536887,19.21910899803268],[-155.90103072129668,19.21934531606301],[-155.90122696379623,19.219447926863086],[-155.90120909057384,19.219635198256253],[-155.90140977877604,19.219893829523116],[-155.90152572796757,19.220058821554023],[-155.9015791662199,19.220197054211237],[-155.90169956108312,19.2203619861128],[-155.901739753196,19.220527048757774],[-155.90180217345966,19.220683071933536],[-155.90183782922455,19.220986280996055],[-155.90198943430192,19.221472382627386],[-155.90202509008148,19.221646231295644],[-155.90198498867056,19.22181124286968],[-155.90201619881813,19.22194502893196],[-155.9020117531865,19.222163519678535],[-155.9021277025314,19.222435481738778],[-155.90209649237622,19.222631758888365],[-155.90216780395494,19.222908202971674],[-155.90219012284828,19.223206930725503],[-155.90214103942978,19.223385284234656],[-155.90214548506265,19.223657266268198],[-155.90220345974848,19.22387137477171],[-155.90218567721493,19.224071979806865],[-155.90214548506265,19.224428690594813],[-155.90215891268878,19.224691827996555],[-155.9020295357132,19.224834500483308],[-155.90206972785526,19.225231401527715],[-155.90202509008148,19.22549002716647],[-155.90211872053885,19.225601448939234],[-155.90231496350762,19.225762005460844],[-155.90255575365518,19.225900254873288],[-155.90258696384188,19.226069671501147],[-155.9026137283932,19.22624805563966],[-155.9023952571184,19.22623463841451],[-155.9022391155448,19.22655121935131],[-155.9022124417427,19.226809884250642],[-155.90222577864355,19.22699717431805],[-155.9023060722386,19.227175538545872],[-155.90224365190585,19.22747877226716],[-155.90210538364113,19.22760807684507],[-155.90198498867056,19.22774631397726],[-155.90186903936203,19.228196660011942],[-155.9016193583222,19.22871840833149],[-155.90144098888416,19.229302498800195],[-155.90132503971424,19.229587936782227],[-155.90126706514036,19.229797458341253],[-155.90103516691872,19.230417279572645],[-155.90098172873022,19.230800822113032],[-155.90095940989616,19.23107722861434],[-155.90105748575647,19.231375982287165],[-155.90103516691872,19.23164797817966],[-155.90083456960872,19.231928934873785],[-155.90064721851485,19.232620100966525],[-155.90062054480606,19.23285645662022],[-155.90065175486004,19.23313734200669],[-155.90058479840968,19.233511879228153],[-155.90050459584523,19.234055928988425],[-155.90035743687807,19.234225387460157],[-155.90021027795854,19.234385938492256],[-155.9000854378767,19.234622208471958],[-155.90003190907302,19.234840746002686],[-155.90007645592445,19.23500124893891],[-155.89980890270115,19.23530003042592],[-155.89971082711008,19.235612128606974],[-155.8994789296819,19.235888639591252],[-155.8993407529842,19.23611160006386],[-155.89913117448805,19.23643710800671],[-155.89901078030474,19.23681608326324],[-155.89870312658707,19.237083660692612],[-155.8985068851767,19.237404744882653],[-155.89841325546288,19.237672245182576],[-155.89839538235114,19.237819396683385],[-155.89833740815078,19.237939760047578],[-155.89833296255512,19.23814934841672],[-155.89816357632048,19.238434807880925],[-155.89806096476502,19.23872905127225],[-155.8979138065889,19.238911906174682],[-155.89775331169034,19.239010026291922],[-155.89757938935722,19.239366702985215],[-155.89747686865996,19.23949155376878],[-155.89730739201823,19.239870564623136],[-155.8972672910234,19.24015153632949],[-155.89727618219388,19.240352207653014],[-155.89731183760387,19.240548376023636],[-155.89749909659676,19.24074460891201],[-155.89738323915844,19.240864973150696],[-155.8974366769239,19.240998722560484],[-155.8977176562457,19.240998726418468],[-155.8978692599494,19.241324282672316],[-155.89807883786366,19.241480360006403],[-155.89814570321852,19.241676547804335],[-155.89827054276768,19.241832621932183],[-155.89836417245206,19.242028803086193],[-155.89854254068322,19.242269609001628],[-155.89861838802958,19.242443465196903],[-155.89870312658707,19.24259064993961],[-155.8987432277086,19.24276012458509],[-155.8988547306195,19.242849278372525],[-155.89893493289287,19.243197050790386],[-155.8990643089882,19.243277325461964],[-155.8991088557448,19.243486950898145],[-155.89911330134805,19.243790162001854],[-155.89936307173883,19.243816870890228],[-155.89940317291862,19.243986346853198],[-155.89957709594967,19.244066630248895],[-155.8995012484433,19.24420486652544],[-155.89938085416202,19.244329691055913],[-155.89937196295034,19.244485730686076],[-155.89935853540652,19.244699757387547],[-155.8994968028363,19.244887055888373],[-155.8994611472549,19.245043187522644],[-155.8997198090551,19.24506994778824],[-155.89957709594967,19.245230433525865],[-155.89981343903798,19.245502474480393],[-155.8998044570911,19.245662998433968],[-155.9000230178486,19.245778934089355],[-155.90003635468528,19.245921611784073],[-155.90015230352674,19.246019700431372],[-155.90022806041486,19.246242666028152],[-155.90034845492045,19.24638090563171],[-155.9003842012983,19.246608312157004],[-155.90031724488733,19.246773321669508],[-155.90035299126268,19.246938291829167],[-155.90052682393014,19.247076506087996],[-155.90058479840968,19.24712105475728],[-155.9006249904241,19.247290546515952],[-155.9006249904241,19.247459957318394],[-155.90040642937728,19.24766952213036],[-155.9005446971257,19.247843505905575],[-155.90041985695206,19.247995112880442],[-155.90074538503478,19.248088701572897],[-155.90070519300974,19.248253705127812],[-155.90036188249354,19.248222452562462],[-155.9005535883603,19.248400822658642],[-155.90033956368987,19.24854357613285],[-155.90033956368987,19.24874420573416],[-155.90011664789392,19.248677286517783],[-155.90000514467354,19.248918127011116],[-155.9000006990616,19.24932835313228],[-155.89992040587342,19.24944425356228],[-155.9000006990616,19.249560201277422],[-155.9000184815097,19.249778746512693],[-155.89989808709143,19.250104199811048],[-155.89987141342658,19.25039850415138],[-155.89972870027358,19.250585795438138],[-155.8995191215986,19.250777518962852],[-155.8997198090551,19.250875704323217],[-155.89957709594967,19.250996061912815],[-155.8995993239892,19.25129480013085],[-155.89952356720585,19.251415233779817],[-155.89952801281314,19.251589081984715],[-155.8997242546643,19.25163820969278],[-155.89976435587593,19.25196369984398],[-155.89980001148112,19.252128660439972],[-155.8997242546643,19.25242300269855],[-155.8998223302583,19.25265926264037],[-155.8998936414805,19.2528733022581],[-155.8995815415575,19.25298483267126],[-155.89942993728266,19.25323450953785],[-155.8992203587454,19.25337719683423],[-155.8993451985897,19.253470847001623],[-155.89942993728266,19.253586823062186],[-155.89937640855615,19.25371162423579],[-155.89944771970843,19.254028228461614],[-155.89936751734456,19.254202166426083],[-155.8995815415575,19.254313666647626],[-155.8995102303842,19.25446967060623],[-155.89943438288904,19.254830849553144],[-155.89942993728266,19.255093978925903],[-155.899706381501,19.255285688568005],[-155.8995012484433,19.25535255854979],[-155.89938529976789,19.25545517808881],[-155.89955477718453,19.255722679011573],[-155.8992560143079,19.255727134893792],[-155.8989795703634,19.255749459638796],[-155.89895280602587,19.256025938281258],[-155.8990419902482,19.25615526063868],[-155.89915349323238,19.25635140196132],[-155.8991088557448,19.25648965740046],[-155.89934964419527,19.256569937315874],[-155.89953245842048,19.256627890487202],[-155.89937196295034,19.256788439940568],[-155.89908653700266,19.25684191895383],[-155.89911330134805,19.25710948101618],[-155.8989840159654,19.257341395430707],[-155.89895280602587,19.25755541168353],[-155.89890372295676,19.257778306284475],[-155.89876999203378,19.257952252985024],[-155.89860051490976,19.258103829244188],[-155.898435574172,19.25834019244828],[-155.89850243957937,19.258563118960193],[-155.89825276038795,19.258473961239527],[-155.89790491540592,19.25898676954774],[-155.8979584439591,19.25931676551804],[-155.89778896713773,19.259446027984886],[-155.8978692599494,19.2595887060869],[-155.89755262510215,19.259642241102267],[-155.897458995585,19.25981617204398],[-155.8973252650872,19.259927677536524],[-155.8972672910234,19.26011047767216],[-155.8974054670907,19.26033341390762],[-155.8971156875206,19.26038695510011],[-155.8969015737429,19.26055640075861],[-155.89677673456993,19.2607035014802],[-155.89660734891555,19.261091432067584],[-155.8963219247046,19.261497213337908],[-155.8963219247046,19.261666711514195],[-155.89642898144422,19.2618137988104],[-155.89619708569097,19.26185843354443],[-155.89609901087954,19.261974395000493],[-155.89618819454162,19.26209922600712],[-155.89602760952687,19.2622329458809],[-155.89600982723493,19.26245146066288],[-155.8958135869881,19.262785934226454],[-155.8958403511407,19.262991059384607],[-155.8957734861252,19.263267463471397],[-155.8957734861252,19.263584064298357],[-155.89579571397863,19.26381146312089],[-155.8956486472624,19.2638695266062],[-155.8955728004119,19.264038890853968],[-155.89558169154924,19.264395669872304],[-155.89545685273916,19.264703358332913],[-155.895394433347,19.264979787959977],[-155.8951937478013,19.26531864471083],[-155.89513577400965,19.265488123722154],[-155.89496638896753,19.265818107434423],[-155.89484599588818,19.26596081755426],[-155.8946319739066,19.266335395136878],[-155.89463641946602,19.266486934818534],[-155.89446249832685,19.266758936764937],[-155.89438665167464,19.266986410799035],[-155.89435988760778,19.26715133113629],[-155.8942172669121,19.267298492100913],[-155.8941726299097,19.26743233212232],[-155.89404334593362,19.267717680104184],[-155.89398092673588,19.267855913070452],[-155.8936063210044,19.268462352274238],[-155.8935394563181,19.26866749311749],[-155.89366874015056,19.268845850604002],[-155.89353501076943,19.26899297642298],[-155.8936286394772,19.269189184774],[-155.8935394563181,19.26937645357117],[-155.89350380120445,19.26952359160027],[-155.89348148273783,19.269697530009374],[-155.89352158339818,19.26985802762322],[-155.8933655355995,19.270098837825067],[-155.89324069739916,19.27029055249046],[-155.8931693872217,19.270723108543297],[-155.89304890389383,19.27092823980693],[-155.89299546664495,19.27105754361426],[-155.89295527530572,19.271280484944064],[-155.8931114136887,19.27132507235056],[-155.89317383276676,19.271449997563092],[-155.89309354078566,19.271668451769028],[-155.89245138689915,19.27168624374249],[-155.8922596844529,19.271815612852084],[-155.89254955164745,19.272181280370557],[-155.89254955164745,19.272337291211112],[-155.89232210341373,19.27249781591395],[-155.89230432126703,19.272667296390996],[-155.89233553074945,19.272921485620344],[-155.89242471367177,19.273117671688766],[-155.89247815085338,19.27336291399315],[-155.8924424958232,19.27393812857368],[-155.89238452238314,19.274071889474634],[-155.89230432126703,19.274330567057152],[-155.89192527138772,19.27462036318774],[-155.8917870062641,19.274803160624632],[-155.89160864068793,19.275329376633298],[-155.89172014184606,19.276060677500645],[-155.89168893240605,19.276221160085843],[-155.89163095906238,19.276355005026858],[-155.89152843970913,19.276484249872354],[-155.89133220140113,19.27667601336625],[-155.8912653370502,19.27719775661489],[-155.89138128365138,19.27745638503168],[-155.89138128365138,19.277665928184422],[-155.89133664692818,19.27795577852838],[-155.891421384126,19.278566703995597],[-155.89159085856923,19.278776299004864],[-155.89168448687553,19.278883269797635],[-155.89180932464734,19.278950139259525],[-155.89201445422933,19.278999192464667],[-155.8923622039716,19.27921320506505],[-155.89238896792054,19.27936489187139],[-155.89222847497575,19.279413941280783],[-155.8921972655007,19.27965468034367],[-155.89203677262378,19.27981520391619],[-155.89201000869562,19.280038153428006],[-155.89205455475997,19.28021208735585],[-155.89191638032207,19.280319137384407],[-155.89168448687553,19.280412776623308],[-155.89153288523812,19.28041716799389],[-155.89138572917895,19.280506421347862],[-155.891421384126,19.280666898720927],[-155.8912608915238,19.280715945749673],[-155.89126978257661,19.280858692271735],[-155.89143472070998,19.28101022406617],[-155.89159085856923,19.281108354294126],[-155.89149269402856,19.2815096813385],[-155.89156854019674,19.2816880666024],[-155.89156854019674,19.2818440806715],[-155.89157298572613,19.282018021511682],[-155.89158187678504,19.282169591840983],[-155.8914971395572,19.2822900323716],[-155.89134553798246,19.282767130535092],[-155.89122514586435,19.283302198517035],[-155.89116272705465,19.283489548787898],[-155.89109586272872,19.28369909990263],[-155.89108697167936,19.2839086785999],[-155.89118504540713,19.284118247552392],[-155.89110919930312,19.28426537858848],[-155.89101557111567,19.28456858874871],[-155.89108697167936,19.284822794440466],[-155.89119838198414,19.284911974914305],[-155.89118504540713,19.285090308069762],[-155.89097991620056,19.2851795300093],[-155.89094426128824,19.285366796305194],[-155.89089073356251,19.285589745815336],[-155.89079710542023,19.285732444370606],[-155.89034230155082,19.286378992770384],[-155.89024867352188,19.286499463155227],[-155.88994538053387,19.286713439526636],[-155.889762570171,19.28694532781546],[-155.88968236951902,19.287119251464365],[-155.88958865090177,19.287297566773226],[-155.88949057751964,19.28747154148119],[-155.88943260445728,19.28768105860923],[-155.88925868531476,19.28788169331632],[-155.8891160662243,19.288434695103295],[-155.88879054648376,19.2885194117667],[-155.88866117331855,19.288630904314804],[-155.88863885509042,19.289000986138632],[-155.88871470078075,19.28924173193638],[-155.88877267375116,19.289451309144503],[-155.8889643747219,19.28989282806962],[-155.88910708448918,19.289995374167244],[-155.88935231313909,19.290481353521418],[-155.88949057751964,19.29056164619968],[-155.88955299609898,19.29070881134004],[-155.88945492272452,19.291297386657778],[-155.88932110386216,19.291703154002146],[-155.88930332183324,19.291863730280983],[-155.8893389766164,19.292015305651706],[-155.88932564009414,19.292193724523095],[-155.88937463140235,19.292389919599678],[-155.88937463140235,19.29275557062522],[-155.8894593682332,19.293393161672995],[-155.8891115299944,19.293468987302802],[-155.8889689109503,19.293402081935504],[-155.88885296496662,19.293562616507856],[-155.88869682805117,19.293602755803015],[-155.8885452274137,19.293642934132507],[-155.88854967291343,19.293861417819652],[-155.88837584483454,19.294186941460598],[-155.88832676290994,19.294356383468518],[-155.88841149954467,19.29453025111227],[-155.88837584483454,19.294753233662487],[-155.88814839869644,19.295435481326916],[-155.88810829851164,19.295805546172236],[-155.8880770893205,19.295970526278552],[-155.88820637159435,19.2963183385067],[-155.88833565390513,19.296550262398224],[-155.88837584483454,19.296848989088616],[-155.8885140181924,19.297281525352375],[-155.8885140181924,19.297491076522363],[-155.8887370190126,19.298338355583688],[-155.88882620122652,19.29849884939783],[-155.8889019562237,19.298712868806895],[-155.88881721949718,19.29901613148645],[-155.88887972870825,19.299185543312824],[-155.8890357749622,19.299243554441198],[-155.88922303053795,19.299234572577497],[-155.88939250415874,19.29928809501692],[-155.889579759882,19.299377272014013],[-155.88980720673916,19.29965378624887],[-155.88952178680822,19.299760798122573],[-155.88947724099287,19.29994360189016],[-155.889579759882,19.30009077300623],[-155.88961096917672,19.300353806329124],[-155.8895485505894,19.30067045269671],[-155.88948168650177,19.301156497515723],[-155.88951734129898,19.301312575280395],[-155.88962884194243,19.301459729135534],[-155.8896020781565,19.301696004989605],[-155.88957531437217,19.30188332818244],[-155.88938805865072,19.302226662365733],[-155.88927211255972,19.30265028483379],[-155.8892854490804,19.30281970622553],[-155.88912051172963,19.302913331965502],[-155.88898224746205,19.302989132282356],[-155.88868793704887,19.303221053096447],[-155.8885496729134,19.303760587946915],[-155.88874591001584,19.303818531892404],[-155.88874146451423,19.303970199228548],[-155.88859875486216,19.304054879735734],[-155.88850957269304,19.304179782724766],[-155.88862551858878,19.30430906510552],[-155.8885987548622,19.304456173745056],[-155.88810376229188,19.304313496484077],[-155.88797892554143,19.30446956164619],[-155.88776490680306,19.30474162024965],[-155.88774258861912,19.304875350328714],[-155.88805477112118,19.30519645743273],[-155.88784964333254,19.305539750629265],[-155.88782732514446,19.305887617518877],[-155.8878675160287,19.306186353285984],[-155.88789418898773,19.30635577138395],[-155.8878407523469,19.306543102022065],[-155.887800561465,19.30686862098372],[-155.8878407523469,19.307131724741126],[-155.8879566980713,19.307278826693683],[-155.888201926098,19.30744381472774],[-155.88818849888483,19.307684584002292],[-155.88800124373702,19.307769318342256],[-155.8883579721183,19.308001208403553],[-155.88814839869644,19.30809487313011],[-155.8878852980012,19.30809927491264],[-155.8877203611606,19.308687940238542],[-155.88782287965182,19.308821714942304],[-155.88778722498807,19.30898667125861],[-155.8876757247982,19.309124914197614],[-155.88754644267598,19.30918728592016],[-155.88732344244244,19.309521716969645],[-155.88734576060565,19.309682298868324],[-155.88712276047102,19.309802675781793],[-155.88706487843615,19.310204032242307],[-155.88718073323753,19.310377934501616],[-155.88719860590726,19.3107034205408],[-155.88731010597954,19.310783644433076],[-155.88733686962993,19.31110027696544],[-155.88757765183053,19.31153724680174],[-155.88770248847024,19.31164427762715],[-155.88788085250803,19.311711189570957],[-155.88818849888483,19.311844944482136],[-155.88809487130123,19.31209020893714],[-155.88832676290994,19.312362195001658],[-155.88815728968814,19.312478171035778],[-155.8876712793071,19.312545007614773],[-155.88755533365583,19.31267881055614],[-155.88763117916457,19.31282150435237],[-155.88751078803404,19.312977593371528],[-155.88743938803427,19.313164875749667],[-155.88761330647773,19.31339669506623],[-155.88772925214386,19.313534980131745],[-155.88787640701486,19.313722252165956],[-155.88842928153852,19.313762327157633],[-155.8885631001373,19.31382030318401],[-155.8886834915478,19.313994249629037],[-155.88871470078075,19.31413690273992],[-155.8887637827474,19.314275180487524],[-155.88899113847012,19.31440892240645],[-155.88906698421945,19.3145382128742],[-155.8890758752292,19.314828090213364],[-155.88909819347887,19.315015401970403],[-155.88918293025793,19.315202694976904],[-155.8893122128476,19.315421155191114],[-155.88929887632614,19.315635217819878],[-155.88939250415874,19.316107808927146],[-155.8894281589489,19.316420007889388],[-155.8895485505894,19.316901600133583],[-155.88959318713646,19.31716016117308],[-155.8896020781565,19.317360870821545],[-155.89001233541472,19.317873630324097],[-155.8902575645548,19.31814562491625],[-155.89047158447144,19.31831068290732],[-155.89065884064084,19.318542507608914],[-155.8906632861613,19.318761009409872],[-155.89076589604377,19.318912623880617],[-155.8905384487052,19.319037469336187],[-155.89059642190912,19.319278297811675],[-155.89076589604377,19.319354070721985],[-155.89087739699454,19.319510152126032],[-155.89071236833914,19.319621658658093],[-155.89063207679405,19.31987133808479],[-155.89057863983012,19.320058590628815],[-155.89045824791583,19.32016114582476],[-155.89036906538047,19.320281551819427],[-155.89041805680156,19.320428730376793],[-155.89044482063574,19.320598171912607],[-155.8905206666285,19.320830045076995],[-155.8905563215075,19.320959324900638],[-155.8904225023197,19.321057458174234],[-155.890391292969,19.321231356591195],[-155.8905206666285,19.321427523687127],[-155.89035119258557,19.321494457447447],[-155.890150509272,19.321712974933295],[-155.88999890814785,19.321926981115986],[-155.88991861672923,19.322283733995263],[-155.88982943430014,19.322479905465418],[-155.88996325331274,19.322738547341885],[-155.88988740741328,19.322957030272057],[-155.88989638916385,19.323166580284337],[-155.89016838205896,19.32318889328369],[-155.8902263552155,19.32336727928805],[-155.8899944626339,19.323438639349405],[-155.88986962536214,19.323532256241638],[-155.88978044294268,19.323648164050343],[-155.88993648950702,19.323897865857678],[-155.89000335366183,19.324116354034857],[-155.88992315296719,19.32423682608503],[-155.889842861562,19.32437501803614],[-155.88957531437217,19.324397358531943],[-155.88922303053795,19.324299254164984],[-155.88929887632614,19.324651525677293],[-155.88953521406097,19.324834307646253],[-155.88940139517484,19.324990386836102],[-155.88926313082152,19.325052769098114],[-155.889102638984,19.324972559014945],[-155.88909374797373,19.325150933756913],[-155.8889198289614,19.32514198334843],[-155.8888395377341,19.32541847150232],[-155.88898224746205,19.325570097211823],[-155.88872803728503,19.325592346790188],[-155.8883579721183,19.32546307510052],[-155.88812608049363,19.325503206067616],[-155.8880235619337,19.325605708278275],[-155.88756867012594,19.326243367902098],[-155.88737252425818,19.32634152088255],[-155.88719860590726,19.326675933528534],[-155.88681956030157,19.326765063208224],[-155.88656544206356,19.326747273104736],[-155.88644060573753,19.326854289039154],[-155.88617750603547,19.327023766522682],[-155.88596339742537,19.327188722665884],[-155.88583411579248,19.32735365853438],[-155.8856691796998,19.327594466128314],[-155.88555323456174,19.3278976951805],[-155.88557546191376,19.328084999372674],[-155.88565575256177,19.328254458823046],[-155.88549526200387,19.328414945774405],[-155.88545062586107,19.328682497842205],[-155.88554425289738,19.328976846708894],[-155.88542386232228,19.329110613770048],[-155.88516974486856,19.329391554548614],[-155.88512066329187,19.32959663339366],[-155.8851786358017,19.329926638551232],[-155.8853213443748,19.33031897439459],[-155.88549970747363,19.33041713373259],[-155.88551748935302,19.330599915058727],[-155.88554425289738,19.330769359014248],[-155.88561565259792,19.330925444967367],[-155.88536144431257,19.331019119945655],[-155.8853970987851,19.331152814841868],[-155.8852187357268,19.331371380018865],[-155.88529013537595,19.33153187827968],[-155.8851474268127,19.33165675396977],[-155.88503148180845,19.331817273329243],[-155.88485756435784,19.33190647673485],[-155.8847907009635,19.33206248954019],[-155.8845722382732,19.332138336426297],[-155.88442054829451,19.3322230109543],[-155.8842511672601,19.332396928287846],[-155.88410845902487,19.332655601634787],[-155.88405937756343,19.332847274325246],[-155.884072804654,19.33300781141882],[-155.88418421323183,19.333248653799487],[-155.88447407525484,19.333444794493218],[-155.88438044844025,19.33362769313045],[-155.88434034858955,19.333761400726356],[-155.88438044844025,19.33396206711623],[-155.88446518433557,19.334078022017025],[-155.88466586512754,19.334167175018038],[-155.88467475605074,19.334309940180596],[-155.8846970740833,19.33446595242881],[-155.8847907009635,19.334644324626133],[-155.88473717396565,19.33481374151031],[-155.88486645528482,19.335112490208765],[-155.88490220044207,19.335438035690235],[-155.88494230034263,19.33574569425253],[-155.88490664590597,19.33590182978381],[-155.884919982298,19.33637000724593],[-155.88491109136993,19.33667768750089],[-155.88486645528482,19.336856069331247],[-155.8848040373521,19.337096871252584],[-155.88487099147213,19.337422371832158],[-155.88510279070425,19.337792480039],[-155.88518752673502,19.33796638807534],[-155.88513853588017,19.338149167415963],[-155.88525892637924,19.338287421279222],[-155.88527670824922,19.338425662693027],[-155.8852945808437,19.33860846128934],[-155.88527670824922,19.338764539609688],[-155.8852633718467,19.339384345299912],[-155.88537487144183,19.339790151488966],[-155.8856601980331,19.340084432841195],[-155.88582077937352,19.340173584033476],[-155.88593218838216,19.34027172367572],[-155.8860525790926,19.3404277976826],[-155.8860481336174,19.34062843370751],[-155.8860927698192,19.340775608755365],[-155.8860927698192,19.340945049044024],[-155.8860525790926,19.341083243630326],[-155.88603479719214,19.341283965980384],[-155.88596793362368,19.34171649883648],[-155.88597237909806,19.341917106424038],[-155.88590996101263,19.342113366847823],[-155.88590097934116,19.34234518689102],[-155.88620426961884,19.34254585449776],[-155.8862309424798,19.34272420264527],[-155.88625770606637,19.342871339569964],[-155.88602590624217,19.343130026260727],[-155.88602590624217,19.34335292177197],[-155.88594117005425,19.343589332802058],[-155.88596793362368,19.343736470014186],[-155.88601247909355,19.343870228363993],[-155.88594117005425,19.344066433235984],[-155.8859232974342,19.34420910796216],[-155.88585643388225,19.344360710613824],[-155.88582077937352,19.344525673280906],[-155.88579401581282,19.34474423112716],[-155.88591440648645,19.344909219163053],[-155.88603924266718,19.345190138270855],[-155.8860525790926,19.34535508273631],[-155.88618195151193,19.34553346141577],[-155.88613731530134,19.34582325312027],[-155.88617296983503,19.34597485985687],[-155.88641828761894,19.346113121415446],[-155.88663230572033,19.34613992461838],[-155.8866546238495,19.346313763090304],[-155.88676603306357,19.346594757764],[-155.88694439673213,19.34667494901088],[-155.88703811480184,19.346804304284767],[-155.8871049785285,19.346955951278243],[-155.88717628775126,19.347187809102305],[-155.88725657868346,19.347464281944106],[-155.88738586072293,19.34761142598821],[-155.88740817888925,19.34780316924472],[-155.8872744513562,19.348115287844514],[-155.88725657868346,19.348342729810483],[-155.8873145514671,19.348525546727387],[-155.8876356246553,19.34870385394432],[-155.8879432708654,19.349096311069346],[-155.8880503256263,19.349319257721195],[-155.8879923527484,19.349470834608933],[-155.88813950770495,19.349604614563237],[-155.88824202629112,19.349885558944717],[-155.88833120840752,19.350005967103176],[-155.88860764586272,19.349948000680577],[-155.88883064672902,19.350023748745368],[-155.88892871996822,19.350139716034647],[-155.8888439832367,19.350487543057167],[-155.88898669296606,19.350710474426414],[-155.88918737576392,19.35081746520183],[-155.8891472754871,19.350969083712624],[-155.8891427392569,19.351183122637618],[-155.8890313294577,19.351352594600577],[-155.8892052485129,19.351446253226516],[-155.88928100357347,19.351941185054383],[-155.8891115299944,19.351999183421324],[-155.8891294027404,19.35243612392043],[-155.88931665835486,19.35249855783499],[-155.88947724099287,19.352413859963608],[-155.88965106949465,19.352476281445718],[-155.8896377329632,19.352623415115872],[-155.88944603170737,19.352636810720213],[-155.88923645778183,19.352846427723726],[-155.88920071228213,19.353069337502802],[-155.88901790221993,19.353194198448797],[-155.8889198289614,19.3533636693438],[-155.8889689109503,19.353756019015933],[-155.88904022046674,19.353929931590617],[-155.88922747604434,19.354063727935134],[-155.88940584068297,19.354313460923027],[-155.88958865090177,19.354366959289724],[-155.88978933396643,19.35477272000244],[-155.88995436228558,19.354835185250455],[-155.89011485442495,19.354959976270006],[-155.89020848242623,19.355178506602215],[-155.89036906538047,19.355258762925214],[-155.89050279382764,19.355423762842058],[-155.89047602999008,19.35558870513426],[-155.8905206666285,19.355847389103086],[-155.89082386927677,19.356284386393895],[-155.8905875308695,19.35644486290074],[-155.89071236833914,19.356556350402602],[-155.8907302411483,19.356712436012177],[-155.89042703856268,19.356908611505126],[-155.89074802323321,19.357029051575903],[-155.8908550786572,19.357211873618226],[-155.89095315233482,19.357363485620038],[-155.89083276032096,19.35750166451011],[-155.89091305190163,19.35775142459659],[-155.89107354438062,19.357836083061017],[-155.89085063313487,19.357952023005588],[-155.89090416085585,19.358143816444734],[-155.89111818107793,19.3582909519023],[-155.89121180928657,19.358464853399237],[-155.89109586272872,19.35869224201704],[-155.89105576228292,19.358884000047915],[-155.890939815765,19.358995477841948],[-155.89063207679405,19.35917828830132],[-155.8905384487052,19.35942356392904],[-155.8906811589685,19.359610869759067],[-155.89071681386014,19.359775809816444],[-155.89088628803984,19.35995863121828],[-155.89088628803984,19.3601593112501],[-155.89084618761257,19.360297526426326],[-155.89100223454403,19.360458104190457],[-155.89097991620056,19.360640896159506],[-155.89108697167936,19.36083712925291],[-155.89120291823494,19.360984288342205],[-155.89100223454403,19.36119379155471],[-155.89126978257661,19.361251774705416],[-155.89122514586435,19.361416763551293],[-155.89131432856823,19.361563910734912],[-155.89141693859813,19.361853796435927],[-155.89136785634395,19.36198311829304],[-155.89164429565255,19.362099029806682],[-155.89185840694932,19.36209013536627],[-155.8921080826231,19.362023171030167],[-155.89209919155388,19.362250611330833],[-155.89208131869074,19.362433433524767],[-155.89193416245354,19.36268759719664],[-155.8919876903025,19.362816941800755],[-155.8920233452969,19.362990794649047],[-155.89202779083075,19.36320041571336],[-155.89201000869562,19.363619573365412],[-155.89212595548733,19.36372210138802],[-155.89218837442974,19.363847005963418],[-155.89235331289737,19.364029792105377],[-155.8925183421503,19.364221585912468],[-155.89278589107778,19.364346438361025],[-155.89288396517313,19.364560426861836],[-155.8931247503224,19.364734313786045],[-155.89324514294495,19.36497510192812],[-155.8934056362496,19.36502862482315],[-155.89342350916493,19.365287308482284],[-155.89351269230121,19.36545227953088],[-155.8936777219761,19.365590530721892],[-155.8937534777843,19.36574657947011],[-155.89359298435653,19.365951699512543],[-155.89384710653715,19.366107768566696],[-155.8939006346119,19.36625934863436],[-155.8938025602967,19.36636637151201],[-155.89394527158754,19.366442184500645],[-155.89401213633366,19.366624992327893],[-155.89404334593362,19.366861360692624],[-155.89413252919178,19.367048650905534],[-155.8941726299097,19.367209129031945],[-155.89449815351583,19.367485594652695],[-155.89436442389018,19.367686316068756],[-155.89444462537057,19.36782007760886],[-155.89436442389018,19.36796719470149],[-155.8946185465029,19.36798944613326],[-155.89450259907395,19.36825706403955],[-155.8946676291089,19.368448779009405],[-155.89477904029343,19.36854244469376],[-155.89487275998366,19.368809968822752],[-155.89501982644856,19.368988307977208],[-155.8955906734126,19.369345028679177],[-155.89580469584627,19.36950108930376],[-155.8959562989114,19.36954123543509],[-155.8961256843229,19.369559091986368],[-155.89622384986617,19.369701819378314],[-155.89637545307124,19.369768695940838],[-155.89661179449433,19.36995147191769],[-155.89670986941655,19.370094187039758],[-155.89708447770943,19.370080775726954],[-155.89729850084714,19.37019228537046],[-155.897329710673,19.370397432009096],[-155.89736536608717,19.370602522264964],[-155.89710670562704,19.370816564364237],[-155.89700418503645,19.371525556181634],[-155.89674107920197,19.37157909846323],[-155.896486955401,19.371596898806107],[-155.8961480029196,19.37183321581923],[-155.8961034564533,19.371984817702007],[-155.89613466619704,19.372176556714805],[-155.89631747912867,19.37243967283606],[-155.89635313446337,19.37274735903149],[-155.89664744985214,19.37310857088225],[-155.89653150190495,19.373331472658652],[-155.896727742462,19.373420640847865],[-155.89685702720266,19.373603539795727],[-155.89673663362194,19.373777364439412],[-155.89661179449433,19.37386214220815],[-155.8965761391393,19.374009304180078],[-155.89644676375255,19.374169820510822],[-155.89654937494336,19.37442841479973],[-155.8964824190974,19.374580019730903],[-155.89611679317494,19.374780690680822],[-155.89591166173796,19.374896654516235],[-155.89570208482374,19.37509727952151],[-155.89547917130298,19.375449547824854],[-155.89541675190773,19.375650241544932],[-155.895394433347,19.37601141990367],[-155.89547028016764,19.376386005464603],[-155.89576005868773,19.37675609608173],[-155.89600982723493,19.37699685834495],[-155.8960588192654,19.37720195301113],[-155.89607669228522,19.377398192530443],[-155.89618819454162,19.377719220320817],[-155.89637989864775,19.378031367907038],[-155.8964779735199,19.37813395137823],[-155.89667865963327,19.378405945461612],[-155.89686591836514,19.37875379266517],[-155.89701752178456,19.378976738352605],[-155.89773988419432,19.37933791187843],[-155.89782906817862,19.3795296291582],[-155.89827498836272,19.3795964864637],[-155.89881009316125,19.379627714276467],[-155.8992292499541,19.37971246135471],[-155.89974648271104,19.379654453530424],[-155.90014341229997,19.379877467888836],[-155.90028158924162,19.380015709192328],[-155.9004733858014,19.380064714392752],[-155.90068741053477,19.38040367042177],[-155.90077214947783,19.380515080764226],[-155.90088800777988,19.380648839720923],[-155.90091921785222,19.380791537678988],[-155.90102183005274,19.38103232239767],[-155.9011377791454,19.38111704323825],[-155.90121353619764,19.381406938361202],[-155.90140977877604,19.381598629301575],[-155.901365141067,19.381808273242566],[-155.90141867002757,19.38195537035299],[-155.90141867002757,19.382151576481434],[-155.90130272086333,19.382254150127658],[-155.90133837658908,19.38239237989765],[-155.9013741230447,19.38261981489075],[-155.90135180419136,19.38284276820034],[-155.90144543451018,19.382967646030448],[-155.90133393096409,19.383119214668774],[-155.901307166488,19.383270853498164],[-155.9013830142955,19.383498218933738],[-155.90151674598687,19.383663252932074],[-155.90132503971424,19.383850520123502],[-155.9013919055465,19.383979797737563],[-155.9015390648483,19.38402442260037],[-155.90167733294095,19.384207235201593],[-155.90159703945685,19.384367757337635],[-155.90144543451018,19.384488165682306],[-155.9016014850844,19.38466651026146],[-155.9017085430674,19.384858276728572],[-155.90161491269444,19.38506785013639],[-155.901565829338,19.38521941921598],[-155.90159703945685,19.385446900353337],[-155.9017040974388,19.385598441596233],[-155.90197165177676,19.38597308188522],[-155.90199387993331,19.386454581514776],[-155.90217224958806,19.386583947022622],[-155.9022213330099,19.38671328235349],[-155.90237738385014,19.386864897183976],[-155.90264049294612,19.387029893306014],[-155.90309086348958,19.387435657174976],[-155.90318449416617,19.38772993234319],[-155.90343862170997,19.388015285247803],[-155.9038087898962,19.38829626769066],[-155.90412533837053,19.388483516195457],[-155.9046916603802,19.388603904212854],[-155.90485660338564,19.388603919910363],[-155.9051464786141,19.38888927345973],[-155.90527576574732,19.388960676368825],[-155.90527132008387,19.389121132651304],[-155.90549432913167,19.389237146985668],[-155.9057885597063,19.389237106470063],[-155.9058688539294,19.389433278590662],[-155.9060427794307,19.389491243505162],[-155.90625236110878,19.389732085651772],[-155.90640396765548,19.389821211781328],[-155.90636386585905,19.389963945792694],[-155.9064797255837,19.39015118124372],[-155.90667152475402,19.390356350539548],[-155.90678747528497,19.390449988994252],[-155.9069658468166,19.390641736078177],[-155.907179874601,19.390851292082026],[-155.90739390248586,19.390962739638823],[-155.90740723953837,19.39119018969547],[-155.90748753404654,19.391315074428054],[-155.90762126752992,19.391537998752412],[-155.9077060077629,19.391658414222004],[-155.90781751286858,19.39205526403384],[-155.90793790938028,19.392425352891145],[-155.908035986743,19.392550183036647],[-155.90828122560617,19.392692907180862],[-155.90863352421118,19.393013999849742],[-155.90887876339556,19.393210192608105],[-155.90903481651526,19.39341978083761],[-155.90916864118074,19.393660544063174],[-155.90928450161775,19.39404400566197],[-155.90935590504972,19.394494400508613],[-155.90948519337618,19.39494475560907],[-155.9095387232905,19.395140921148727],[-155.9097215416045,19.39537726091283],[-155.90988648642903,19.395377277141453],[-155.9099667813734,19.395684978636627],[-155.90996233566426,19.395827619047186],[-155.91020757556254,19.395925789650974],[-155.91031908127943,19.39604172489776],[-155.9104795806056,19.396095181753655],[-155.91052412847833,19.396251304542808],[-155.91063563427252,19.396509909818917],[-155.91088532025046,19.396612437785564],[-155.91061331496573,19.396781938874167],[-155.91054200206597,19.396906727693526],[-155.91068027288938,19.397053911062887],[-155.9106712907283,19.397227829115632],[-155.91080511587347,19.39730810495799],[-155.91082734446073,19.39746415810082],[-155.9106579535804,19.397727216344038],[-155.9109255131732,19.39780746701818],[-155.9109656153705,19.39795465103042],[-155.9111350970939,19.39800817921731],[-155.91104146478497,19.398132982753086],[-155.91086309166042,19.39819991607145],[-155.9109255131732,19.398418379095553],[-155.9110369283364,19.398570035275025],[-155.91104146478497,19.398797450422936],[-155.91099238041366,19.398949032607714],[-155.91082734446073,19.399100668987835],[-155.91080511587347,19.39923886839334],[-155.91063563427252,19.39935482911969],[-155.91040826772675,19.399921078016725],[-155.91023434056126,19.400210997724038],[-155.91019414769937,19.40038037479379],[-155.9100782870315,19.40054093435255],[-155.90999354635804,19.40098236818333],[-155.90989991428316,19.401102756167116],[-155.9096323552913,19.401165168996066],[-155.90949408478525,19.40123211384938],[-155.9094227720603,19.40140154389307],[-155.90950306692315,19.40154426022449],[-155.90934247721162,19.401553165353018],[-155.90926671880797,19.401700329877755],[-155.90912844841267,19.4018563899649],[-155.90891886541306,19.401909863069232],[-155.90878957724703,19.401994615003847],[-155.90872715602632,19.402244305890047],[-155.90862009639432,19.402409320627594],[-155.90849525400776,19.402761533308702],[-155.90853544672007,19.402926554947303],[-155.90836596596174,19.403029099190537],[-155.9083793030427,19.403207502374652],[-155.90843727852152,19.403350148185414],[-155.9081563833123,19.403604364653635],[-155.90785316910421,19.40381386517666],[-155.90765247806357,19.40392535929434],[-155.90742066731954,19.403974439806532],[-155.90712634496344,19.40416617201847],[-155.90731805367753,19.404398086186752],[-155.9071486640997,19.404442672323277],[-155.90695241904882,19.404594252908336],[-155.90689888943797,19.404950937684],[-155.90682313144012,19.405093685355375],[-155.90660910382314,19.405321109607346],[-155.9064708342334,19.405686712324542],[-155.9065867847133,19.405873978728124],[-155.9065778933609,19.406128197843863],[-155.90668930746264,19.40623963222851],[-155.90677404752248,19.406614252095117],[-155.90676071048844,19.40686835815339],[-155.90664920564114,19.40718942019587],[-155.9066447599643,19.407550608531427],[-155.9065778933609,19.407720063599506],[-155.90627468020227,19.4080099282062],[-155.9061631754738,19.408161498947315],[-155.90599369559706,19.40813477472702],[-155.90583764351786,19.408206092636107],[-155.90580198743982,19.408357769357476],[-155.9057039105576,19.408469209504265],[-155.90544524535713,19.408674331027765],[-155.90550322046295,19.408892855320893],[-155.90540958930978,19.409004323953855],[-155.90537837892964,19.409253971992797],[-155.9053204038397,19.409539419005284],[-155.90532484950361,19.409659797025533],[-155.90532484950361,19.409780146042444],[-155.90535161421585,19.409954066873283],[-155.90514203295191,19.410034344352997],[-155.90496366213398,19.41007893656775],[-155.90486113977278,19.410315278040375],[-155.90491457841657,19.410493616916316],[-155.90505284753425,19.410774576057943],[-155.90511082259013,19.41109562798211],[-155.90514203295191,19.411358694804896],[-155.90526242875714,19.411653021079257],[-155.90554332218366,19.411675337897353],[-155.9057306752921,19.411496972441277],[-155.9058732995987,19.411617370135254],[-155.90596693084711,19.411835803329495],[-155.90618095816262,19.412023075638913],[-155.90622559634366,19.41221486610692],[-155.9064396237806,19.41234858377273],[-155.9060918632696,19.41240660516066],[-155.90590006434311,19.412495740000924],[-155.9058510712528,19.41268306197592],[-155.90592238341935,19.4128480376093],[-155.90627014380107,19.413066535509532],[-155.9062969085688,19.41340545347819],[-155.9061631754738,19.413476756691242],[-155.9062479154358,19.41367748015409],[-155.90626125245484,19.41384239228359],[-155.90627014380107,19.414020770315126],[-155.90655112857667,19.41443997262402],[-155.9065867847133,19.414627195910494],[-155.90659123038955,19.414792220289492],[-155.90671162657753,19.41488582526704],[-155.90684545056152,19.415028587750054],[-155.90701928570715,19.415077571738767],[-155.9071753381908,19.4152916048786],[-155.9073582462861,19.415331760706252],[-155.9075320816272,19.41528271427814],[-155.9076881342863,19.415046402324265],[-155.90791114451625,19.414908170508912],[-155.90801811325346,19.415001760045637],[-155.90812961843545,19.415220327371284],[-155.90840606793418,19.41533623295543],[-155.90855767519676,19.415536912132904],[-155.90870928250973,19.415577007464243],[-155.90882967925674,19.415398671828378],[-155.90890552831635,19.41567063589034],[-155.9090660271456,19.41588020080223],[-155.90921318892555,19.415942674126395],[-155.90934692291475,19.416098750263714],[-155.90952084974214,19.416192390495823],[-155.90961892744505,19.415951596525026],[-155.90977951725384,19.415947117481718],[-155.9099132514089,19.415898048309156],[-155.91046615273444,19.416143352623028],[-155.9105643213693,19.41629495271454],[-155.91074269437715,19.416343976363965],[-155.9109255131732,19.41652679444271],[-155.9110636933837,19.41658028429474],[-155.91120641008627,19.416553522448854],[-155.91133125321417,19.416660567190124],[-155.91132236176935,19.41685674439515],[-155.9114071026894,19.417026239389298],[-155.9117637587039,19.417048478596502],[-155.9119020298971,19.417110978073676],[-155.91203576467365,19.417226908475943],[-155.9122008010631,19.417454257000042],[-155.91240140337376,19.417619283353947],[-155.91267794618793,19.41764607906449],[-155.9127091570672,19.417918073463667],[-155.91267794618793,19.41808752826309],[-155.91266896398758,19.418243547790066],[-155.91275815089364,19.418462048166976],[-155.91259765076697,19.41863595732982],[-155.91261098797148,19.4188455231662],[-155.91266896398758,19.41901050467065],[-155.91282057266534,19.419171041941667],[-155.91301237449966,19.419157696180807],[-155.91314166386098,19.419099683829035],[-155.91332448361683,19.41918438611918],[-155.91350285770216,19.41925131973597],[-155.91368567760242,19.41927804986738],[-155.91384617811113,19.419447472763746],[-155.913980004186,19.419509944214333],[-155.91413605904822,19.41956789241921],[-155.9142208004899,19.41971956640107],[-155.9143857469385,19.42001828962164],[-155.9143857469385,19.420156472759746],[-155.91424302924324,19.42021005738738],[-155.91435009019295,19.420366133817264],[-155.91395768471588,19.420455251841496],[-155.91386405182868,19.420660435011133],[-155.91383284087053,19.42079865645466],[-155.91380607566103,19.421003706727344],[-155.91368567760242,19.42109742610204],[-155.91375254524672,19.421231147693494],[-155.91368123185708,19.421471968069007],[-155.91334680305607,19.421592381317744],[-155.91325317029396,19.42171276935167],[-155.91304803114093,19.42168154893157],[-155.91290086812543,19.421636896986012],[-155.91298116359965,19.421503181009392],[-155.91284733781714,19.421369409075048],[-155.91276259663002,19.42148085757968],[-155.91258875929748,19.421422874730514],[-155.91246391582598,19.421547798387298],[-155.91228109641435,19.421574537718627],[-155.9120759576976,19.421605701780326],[-155.91187526480067,19.42157892280868],[-155.91172365643652,19.42160129460786],[-155.9115943674763,19.421512040297934],[-155.91149628934917,19.421364946275645],[-155.9112554944806,19.421494236751247],[-155.91143377702934,19.421668108486273],[-155.91145609637624,19.421819774282614],[-155.911375891899,19.42193567653027],[-155.9113713554471,19.42222549322203],[-155.91121085580752,19.42233701234422],[-155.9109789525274,19.422354829886498],[-155.91089874813397,19.42262240833907],[-155.91099238041366,19.422791882063336],[-155.9110904584326,19.422903328554607],[-155.9112554944806,19.422854237369396],[-155.91161215037675,19.422662510871653],[-155.91160770465157,19.423090608108822],[-155.91171921071026,19.423349249546387],[-155.91158992175133,19.42350087859708],[-155.91157204812268,19.423643514691857],[-155.91153194587216,19.42377734714915],[-155.91161215037675,19.423915571398844],[-155.9118396082509,19.42411170479231],[-155.91188415625626,19.424392618893386],[-155.91190647562513,19.42456652470632],[-155.91205363832043,19.424731538616182],[-155.91232119873064,19.424923280582586],[-155.91253967475993,19.424967919660396],[-155.91273138574707,19.42493224445208],[-155.9129588441783,19.42497678436908],[-155.91315953755102,19.425016977076563],[-155.9134672010254,19.42503473600903],[-155.91367224963705,19.425115007929183],[-155.91380607566103,19.4252220467091],[-155.9139621304639,19.42538703473981],[-155.91410929382099,19.425395954907906],[-155.91437240968222,19.42550745554891],[-155.91462654345602,19.42551193570291],[-155.91488512312802,19.425569834421058],[-155.91513934791647,19.425569827804516],[-155.9152998489352,19.425614484297537],[-155.91550498909825,19.425699181730106],[-155.91564770718722,19.425725896510368],[-155.91609355406584,19.425774992627325],[-155.91641464755904,19.425596601305728],[-155.91655282942833,19.42564568207721],[-155.91670897589813,19.42560111063304],[-155.91668221052038,19.425810665386745],[-155.91715926958952,19.425708121752386],[-155.91709240144738,19.425890919552437],[-155.91694977363812,19.42592660656867],[-155.91702553331496,19.426069303421162],[-155.91719048077456,19.426033604828767],[-155.91742238720434,19.426006868583915],[-155.91730643397474,19.42618966090398],[-155.91730198819423,19.42647508958494],[-155.91741794142268,19.426635560005433],[-155.91756510589107,19.42664897658613],[-155.91772560776033,19.42671587119177],[-155.91785934423936,19.426880872159586],[-155.91795306867428,19.426983392730993],[-155.91805114818578,19.42713057790102],[-155.91800206306223,19.427326735247043],[-155.91812690804485,19.427411464754776],[-155.9182116502254,19.427259861321527],[-155.91838113463353,19.427291091416915],[-155.9186219332527,19.427357953551784],[-155.9188359664948,19.427460533761124],[-155.91893404619532,19.42761663222315],[-155.91916586277722,19.427781548132305],[-155.91903657171414,19.42797775253982],[-155.9191703993064,19.428249805451927],[-155.91928626227718,19.428579777256505],[-155.91950029582958,19.428597560093404],[-155.91946019288423,19.42896321826518],[-155.91946463868567,19.429159413216365],[-155.91953604370693,19.429391309699984],[-155.91957170085638,19.429591965623136],[-155.91969654626664,19.42972126061393],[-155.91972775762454,19.42986399702438],[-155.91965190677013,19.43005122701474],[-155.91968765465927,19.430234070622365],[-155.9197678605933,19.430421364925742],[-155.91992391742826,19.430443668735002],[-155.9200265338993,19.430559577055956],[-155.92014248781723,19.43066216111741],[-155.92010673989262,19.430813760612708],[-155.92017814501386,19.431099136430163],[-155.9201246138546,19.43125970214744],[-155.9200042141344,19.43137116657048],[-155.9201379512784,19.43154949995145],[-155.92046793922879,19.43178582266273],[-155.9205125788048,19.43198655216296],[-155.92069095569045,19.43211138619021],[-155.9205303620517,19.43219607934117],[-155.9205259162399,19.432459193011205],[-155.92055712765426,19.432637498181414],[-155.9205838932584,19.432842682853035],[-155.92073105874348,19.433168139186883],[-155.92059278488313,19.433382185251336],[-155.92077116180002,19.433422305731533],[-155.92069095569045,19.433605192005583],[-155.92073105874348,19.433881598822015],[-155.92064187028416,19.43403767510065],[-155.9207176305715,19.434220530265016],[-155.92070873894428,19.434372161925666],[-155.92085590446948,19.434461299887253],[-155.92093166479214,19.434773436168935],[-155.92098964186192,19.43495184618936],[-155.92113680747724,19.435027572686952],[-155.92116357311517,19.435232759575968],[-155.92129731059737,19.43537094679176],[-155.9211368074772,19.435455651381876],[-155.92117700130024,19.435692007140258],[-155.92137760754397,19.435727691806857],[-155.92152032746236,19.435803474555616],[-155.9214489221321,19.435972910905612],[-155.92148467016136,19.436142432860045],[-155.92164072758058,19.43628510903264],[-155.92150689926726,19.436365320122636],[-155.9216451734032,19.436606177987155],[-155.92148911598244,19.436673000519434],[-155.92165851087125,19.4369806992018],[-155.92168972236271,19.437270548954558],[-155.92152032746236,19.43727497675555],[-155.9213910357353,19.437364227049176],[-155.92146679614638,19.437529174594278],[-155.92144003049074,19.437868022705807],[-155.92148013360926,19.438157931506836],[-155.92121710439577,19.43823818797471],[-155.92115468147935,19.438429935499585],[-155.9210164074913,19.43858150489022],[-155.9210431731222,19.438808934363937],[-155.92090498989867,19.43894268997407],[-155.92083358466422,19.439232579398272],[-155.92084256702475,19.439540194534224],[-155.92084256702475,19.43977210461242],[-155.92082913884948,19.440405258301233],[-155.921047618939,19.44060592956214],[-155.92086479609952,19.440641660737317],[-155.9208470128396,19.440802149164465],[-155.9209406471546,19.440971558829887],[-155.92075337854374,19.441038498486307],[-155.92072661292974,19.441203499354497],[-155.92067752751964,19.441390750783857],[-155.92082913884948,19.441528990324493],[-155.92063742447127,19.44160481303681],[-155.92051702461643,19.441916946713643],[-155.92042783619877,19.44205069660256],[-155.92037430501034,19.442255829519148],[-155.92021380221325,19.442385093433128],[-155.92038773317225,19.442643778966275],[-155.92053480786356,19.44272849911447],[-155.92034753941843,19.442822091031953],[-155.92061955048933,19.44297374087611],[-155.92046349341757,19.44312086055646],[-155.92049915063916,19.443317113169808],[-155.92069095569045,19.443477631224795],[-155.9205838932584,19.443589095064],[-155.92049915063916,19.443727288355646],[-155.92061065886406,19.44394581127852],[-155.92045904760644,19.444084046725266],[-155.92049915063916,19.444302569979367],[-155.92046349341757,19.44456114340977],[-155.9205259162399,19.444699438605877],[-155.92045015598427,19.444855444835262],[-155.92055712765426,19.44498029586396],[-155.92064187028416,19.44509184207605],[-155.92067752751964,19.44538614158955],[-155.92080237323106,19.445577845573975],[-155.9209406471546,19.446028219786957],[-155.92109670438873,19.446286865795077],[-155.9211279158419,19.446500918257406],[-155.92102538985537,19.44666140444761],[-155.92113236165957,19.446772844793202],[-155.9213330586148,19.446723837363674],[-155.92146679614638,19.44685312417779],[-155.92146679614638,19.447031474861628],[-155.92155153894439,19.4472054157918],[-155.92169425891686,19.44728121005617],[-155.92190829359328,19.447330252271364],[-155.9219884999157,19.447508650548027],[-155.92212232836954,19.447597798348802],[-155.9219884999157,19.447749395407282],[-155.92201081977717,19.447976803297585],[-155.9222605119598,19.448181951146598],[-155.92240323215282,19.44861453554006],[-155.9222516203027,19.449140631162606],[-155.92230959753928,19.449385946284966],[-155.92223374625783,19.449586594043232],[-155.92221596294488,19.449733759085206],[-155.9219929457417,19.45006367325948],[-155.9217343620576,19.45024649140445],[-155.92158719625056,19.450313448333883],[-155.92157830460653,19.45046500146203],[-155.92141771065707,19.45063448765614],[-155.9216451734032,19.45068796556189],[-155.9216451734032,19.45087973073706],[-155.92176112773043,19.45105364049903],[-155.92168083071667,19.451276583839004],[-155.9217164880329,19.451691264327767],[-155.92175214535192,19.45183395875172],[-155.9217343620576,19.45199895080192],[-155.9218859737368,19.452190683632093],[-155.9218503164074,19.45233338849945],[-155.92169870473998,19.45241364228177],[-155.92187708208698,19.452583070305376],[-155.92182799655376,19.452770410615926],[-155.92185476223202,19.45297102632535],[-155.92191273941847,19.45317169258825],[-155.92192607689432,19.453323310297964],[-155.92207768863688,19.453675572379563],[-155.9220865802906,19.453836074289157],[-155.92222930042954,19.454054575709726],[-155.92232738085588,19.45421070056151],[-155.92268858194075,19.45495978361632],[-155.92287140550707,19.455173812471013],[-155.9232549269421,19.455642071188958],[-155.92337532751543,19.455726795380063],[-155.92358038056162,19.4558560822],[-155.92365178622353,19.456021029650707],[-155.92369633537783,19.456208355043376],[-155.9239282450981,19.456172646445793],[-155.9241020867336,19.456333208163258],[-155.9241288525445,19.456502673126284],[-155.92415117251005,19.456689935861483],[-155.92435631663434,19.45676125504309],[-155.92444105996586,19.456908465195717],[-155.92427601916654,19.45707783979103],[-155.92434288835625,19.457225003714587],[-155.9244767174965,19.457171541250343],[-155.9248200461269,19.457251810669327],[-155.92537741130778,19.457412286686345],[-155.92551124074944,19.457537182713786],[-155.9255870018405,19.457314189213726],[-155.92577871828598,19.45724287105417],[-155.92601507492256,19.457340980797806],[-155.92617557974816,19.457336507447597],[-155.9263271928938,19.457403369824593],[-155.9262157740123,19.457546060832396],[-155.92631830115795,19.45767539319994],[-155.92649223443,19.457862710410083],[-155.92670627134274,19.457916175433258],[-155.92689798825512,19.45789833876264],[-155.92703617328226,19.4579340286485],[-155.92733050843583,19.458188158516524],[-155.92750444209082,19.45846461494701],[-155.92765605567473,19.458593959586562],[-155.92775858314164,19.458812431772238],[-155.92793251695852,19.458848129303046],[-155.92801272433286,19.4589685580934],[-155.92819555001785,19.458937333034434],[-155.92827584817044,19.459271708713512],[-155.92811089672637,19.459302979791826],[-155.92805736464229,19.459472387986068],[-155.92784332710053,19.459521474825067],[-155.92754009985921,19.459637421538332],[-155.92758464939052,19.459789012047164],[-155.92731717080306,19.459918293913514],[-155.92721455270242,19.459775618365214],[-155.92706293926412,19.459632943804493],[-155.92695596607828,19.459788993395605],[-155.92667950538168,19.459753337722685],[-155.9265947616373,19.459869295286808],[-155.92659031576676,19.460043213076812],[-155.92631385529012,19.460029798489824],[-155.92592588543658,19.460096663768816],[-155.92559589356216,19.460203669342476],[-155.92547104654693,19.460333013221593],[-155.92542649722049,19.460538145381314],[-155.9253284161321,19.460663010767842],[-155.92530609610935,19.46080122564356],[-155.92513216328632,19.460890401359517],[-155.92505640227031,19.461019757220228],[-155.9251990326007,19.461095550695106],[-155.92506973983748,19.461322915707637],[-155.92495823052917,19.461492332337443],[-155.92487802368788,19.46165739826952],[-155.92474873101503,19.461755469926537],[-155.92478883442263,19.461942770621107],[-155.9246863076183,19.462107759571555],[-155.92458813595627,19.46237973102683],[-155.92458813595627,19.462549178268286],[-155.92454803256618,19.46275433952681],[-155.92449894674732,19.46291036002513],[-155.9243741000302,19.463070856996335],[-155.92422702410835,19.46320913232632],[-155.92422702410835,19.46338307893468],[-155.9240263258875,19.46340083357672],[-155.9239594567439,19.46358373025873],[-155.92377663274425,19.463556962520293],[-155.92365178622353,19.46373087113126],[-155.92370522706292,19.463976074270622],[-155.92353138557766,19.463958292046534],[-155.92336189926607,19.46398951011421],[-155.92342876832265,19.464185662362166],[-155.92319694958607,19.464265941809114],[-155.923031909234,19.4643194310073],[-155.92310776064735,19.464542397183955],[-155.92295614856448,19.464658299972758],[-155.922777770798,19.46462714535726],[-155.92280453653171,19.46485009682879],[-155.9226082847647,19.464894703787092],[-155.92256818154755,19.46505520915646],[-155.92239424976174,19.46517561747504],[-155.92248797512377,19.465407460477227],[-155.92249686678545,19.46556796821331],[-155.92261282132793,19.465786463380187],[-155.9227242393353,19.46590686446167],[-155.9226082847647,19.46612089997789],[-155.9225102042783,19.46628141524321],[-155.92202860308217,19.466887847987625],[-155.92194839675273,19.4671018926796],[-155.92177001937802,19.46713763002159],[-155.92168527653965,19.46736504463975],[-155.92185476223202,19.467588002056644],[-155.92168972236271,19.467636987274393],[-155.92160507027023,19.467810931852366],[-155.9215783046065,19.468114147159838],[-155.92165406504856,19.46829253438956],[-155.92192607689432,19.468390579758896],[-155.92202415725586,19.468288047956925],[-155.92218021485863,19.46828355912351],[-155.92205990532995,19.468618039900846],[-155.9218859737368,19.46887215206891],[-155.92173880788113,19.469028234943746],[-155.921542647301,19.46912191707638],[-155.92139992737572,19.469148651780003],[-155.92125276167596,19.469104045899265],[-155.92118144711833,19.469237840532823],[-155.9212304418514,19.469389463820878],[-155.92137760754397,19.46954103566943],[-155.92164072758058,19.46951872939741],[-155.92182799655376,19.469558864553914],[-155.92205990532995,19.46964364005277],[-155.92214011167889,19.469821974036783],[-155.92233636324565,19.469741717348732],[-155.92252807833393,19.469799709785296],[-155.92270201017047,19.46995571957603],[-155.9227421133993,19.470147523905453],[-155.92280898236555,19.47029019783446],[-155.92270645600334,19.470406113292864],[-155.922594947269,19.47061126444797],[-155.92256818154755,19.470843087334167],[-155.92227394017695,19.47110619754726],[-155.92222040877303,19.47125777168079],[-155.92194839675273,19.471253359674144],[-155.92181012252541,19.471387089810825],[-155.92163628175803,19.47124000432152],[-155.92143113884953,19.47125338669677],[-155.92125276167596,19.471418327717977],[-155.92077116180002,19.471182007344026],[-155.92054823603019,19.471177525210823],[-155.9203921789827,19.471413853300888],[-155.9201602710498,19.47141829591632],[-155.92002208809237,19.4714763108905],[-155.91992391742826,19.471623480249114],[-155.91969210046295,19.471632348991324],[-155.91950029582958,19.471690302402468],[-155.91927737067775,19.47165024753836],[-155.91915252538166,19.47172600948875],[-155.91917929090377,19.471864239135353],[-155.91882253837835,19.47213179876891],[-155.9187021390002,19.472274485540833],[-155.9186531445374,19.472506321932535],[-155.918728904496,19.472680297248782],[-155.91881364678792,19.47301912309796],[-155.91896081170466,19.473179698502054],[-155.91923282195265,19.473255514353806],[-155.91940221600788,19.473224297437916],[-155.91943787314693,19.473438313282845],[-155.91955382691594,19.473581006972477],[-155.9196118038115,19.473857498954704],[-155.91969210046295,19.47404026291573],[-155.91983472912597,19.474205295876438],[-155.91986594049328,19.474347971904802],[-155.91986149468792,19.474499561892145],[-155.91986594049328,19.474727022585622],[-155.9198481572721,19.475003485706203],[-155.91998634017713,19.47528886925849],[-155.91995512880166,19.475453848427097],[-155.91974563157174,19.47558758551507],[-155.91966978071434,19.47618069616248],[-155.91982139171097,19.476350134701768],[-155.9198437114669,19.476590889001553],[-155.91991058001065,19.476729152269964],[-155.92038773317225,19.4773400176984],[-155.92057944744604,19.47762095523219],[-155.9208246930348,19.477964340617866],[-155.92103872730544,19.478160463602162],[-155.92115912729724,19.47827645044439],[-155.9212304418514,19.478436988231714],[-155.92142224720854,19.47860638812294],[-155.921872545531,19.478798179022697],[-155.92239878632287,19.478954199779686],[-155.92262171299205,19.47902108763553],[-155.9229249369869,19.479199432799966],[-155.92306765738658,19.479226188505766],[-155.9232638186186,19.47929755097974],[-155.92342876832265,19.479333202085606],[-155.92376320448312,19.479556172492345],[-155.9243116766844,19.479854968716598],[-155.92491812710676,19.480247315859742],[-155.9256137677379,19.480523826224527],[-155.92624253994634,19.480996481404414],[-155.92703172740747,19.481415600990328],[-155.9274776760833,19.481732257757237],[-155.9277229253563,19.481857123526034],[-155.9279592829925,19.48192394267587],[-155.9283070601115,19.481964131536024],[-155.9287217980527,19.48209786033443],[-155.92894917368298,19.48219151876187],[-155.9293593755731,19.482294045571045],[-155.92987219649953,19.48233423471335],[-155.9301709793728,19.482325343255916],[-155.9303091653831,19.48237438149064],[-155.93067481865057,19.48237878619785],[-155.93081309554498,19.482414507448038],[-155.9310940046395,19.48254378461658],[-155.93136157615535,19.48253933709027],[-155.93160238157924,19.482476878126338],[-155.9317004640054,19.482289606706875],[-155.9318475423172,19.482164741297336],[-155.93191005741895,19.482347568321202],[-155.93231581602132,19.482472472620483],[-155.93252087305382,19.48261962261681],[-155.9327795535378,19.482699844373396],[-155.93302480563554,19.48257051001882],[-155.93296682704792,19.482374310426668],[-155.9331228883645,19.48231641830978],[-155.93319865070873,19.482182639366897],[-155.93300693117192,19.48193293429902],[-155.9332165251798,19.48183925923262],[-155.93326116599377,19.48163862217437],[-155.9332923782728,19.48141122321562],[-155.93327005786375,19.48123726662709],[-155.93331460794954,19.481009872872566],[-155.93350188167707,19.480586275366566],[-155.93369369215324,19.4803811719794],[-155.93366247984704,19.48022506999729],[-155.93385864559724,19.480207191589013],[-155.93382743327987,19.479997686410645],[-155.93384077110127,19.479850471769424],[-155.93371592184934,19.479716711420128],[-155.9336579431748,19.47958741613748],[-155.93352864803487,19.479440296576183],[-155.9336089471175,19.479248486928338],[-155.93378279241105,19.479105809758614],[-155.93372490446154,19.47896311316992],[-155.93386753747873,19.478873956107066],[-155.93435359701692,19.47873571872403],[-155.93463895421806,19.47874912320646],[-155.93483076516725,19.478713395214495],[-155.93497339852652,19.478677724576468],[-155.9352454182487,19.478726781956723],[-155.93529450521368,19.478512758078573],[-155.93565117978687,19.47857522754818],[-155.93582511658414,19.478619768242552],[-155.93597228694583,19.478584138909472],[-155.93624421652305,19.478668840842236],[-155.9363913870184,19.478695614487645],[-155.9365564321612,19.478686691102908],[-155.9366901741179,19.478744606528018],[-155.93683734475547,19.47876696489446],[-155.9369309823249,19.478878427624704],[-155.93713159543725,19.478882902221805],[-155.93719402052122,19.479003228252573],[-155.9372698742683,19.479252964147264],[-155.93737684984913,19.479391176351168],[-155.93742593704079,19.479524997862683],[-155.93759533779598,19.479471431847],[-155.93770685016418,19.479627516559855],[-155.93770685016418,19.479765739512185],[-155.93784503843327,19.47985051457209],[-155.93798331747803,19.47994413237327],[-155.9381349345097,19.48005116953787],[-155.93835786879927,19.48000214628716],[-155.93845150667707,19.480140354745153],[-155.93865665717144,19.48025185038201],[-155.93861201583536,19.480461409886615],[-155.93879039973646,19.48056396917125],[-155.93880827442416,19.48074681511867],[-155.9389643377165,19.480844882754518],[-155.9390133343424,19.480974193159167],[-155.9393388898333,19.480951886398696],[-155.93944586589333,19.4811659201913],[-155.93953505799624,19.48127743992537],[-155.93979818841035,19.481380009573304],[-155.94015042046124,19.481776802199615],[-155.94032435895323,19.48194182262566],[-155.94017718720457,19.48216034076808],[-155.94038678446867,19.482227207498482],[-155.94053395628407,19.48221382041027],[-155.94065427063902,19.482356540028476],[-155.94059638182782,19.48261068682181],[-155.94046254800526,19.482731059115164],[-155.94052497353937,19.482954039384385],[-155.94088618889566,19.48278008721937],[-155.940908509673,19.483038787032548],[-155.94125185054605,19.483101164886616],[-155.9414569115485,19.48316807410118],[-155.94162195850106,19.483230469846177],[-155.94187166131417,19.483279532119045],[-155.9420054048095,19.483391024398482],[-155.9421213642621,19.4835828041264],[-155.9422863207166,19.48366751749006],[-155.94254500667213,19.48354709297288],[-155.94255834474532,19.48372548640947],[-155.9427768351417,19.483649683732978],[-155.94298643358405,19.48383244765623],[-155.9430711803405,19.483979600734983],[-155.94327624214947,19.483935026072075],[-155.94337886382337,19.48382359878115],[-155.9436597805644,19.483863710246386],[-155.94377564969616,19.483721028046197],[-155.94390948447727,19.48366747290958],[-155.94409231646117,19.483778977712255],[-155.9442795945582,19.48369420587018],[-155.94437767967705,19.4835738194027],[-155.94464072211042,19.48358272093001],[-155.9448726423653,19.483533676840814],[-155.94499304858414,19.483297381615273],[-155.945256091367,19.48358274206721],[-155.9454880119301,19.48345787383859],[-155.9456618616928,19.483417744104674],[-155.94581792729738,19.483498065215482],[-155.94604540208377,19.483520312166213],[-155.94616127181249,19.483350879815983],[-155.94633965862454,19.483208221922702],[-155.94650915338036,19.483159158434503],[-155.9464689573486,19.483328598502943],[-155.9464288520563,19.483498051290745],[-155.94647794020867,19.483658540433566],[-155.94663400608815,19.483725445700276],[-155.94685694447338,19.48381464246647],[-155.94700856441327,19.48379236361143],[-155.9470887751017,19.483640765511552],[-155.94725827013153,19.48372101771315],[-155.94725827013153,19.483538208609485],[-155.94754808136997,19.4834846322908],[-155.94769080938838,19.483489124448827],[-155.94790476539401,19.48358724819635],[-155.94830609195927,19.483676429616512],[-155.94856922735897,19.48389939422675],[-155.94878327450633,19.484095601338183],[-155.9488367182563,19.484282855700243],[-155.94897944667133,19.484443411837244],[-155.948957125505,19.48467081008829],[-155.94909985395708,19.484746626353537],[-155.94904187335365,19.48498736106647],[-155.9492202612741,19.485254899777395],[-155.9493362225328,19.485473430396016],[-155.94950118155643,19.485522478589296],[-155.9496528023609,19.485709757301656],[-155.94988018829218,19.48580789902968],[-155.95006302263138,19.485914902463712],[-155.95006746872787,19.486075413625],[-155.95026364143587,19.485959444849872],[-155.9501967684914,19.486204708001647],[-155.950205660687,19.486374164659],[-155.95030828389534,19.486557030514177],[-155.95042424542598,19.486646158492263],[-155.95061152608122,19.486936006350355],[-155.95072295084802,19.487043008554902],[-155.9507318430537,19.48724812891416],[-155.95076759335163,19.487475529490176],[-155.95066941614402,19.487658405955695],[-155.95040192419012,19.487903619458333],[-155.95033505122572,19.488126551631378],[-155.95022353581535,19.488224681641025],[-155.9502279819134,19.488608171576193],[-155.95008978994764,19.48900501187703],[-155.95012989555656,19.489232430098145],[-155.9500495936055,19.489397435470615],[-155.950076360921,19.48954902371956],[-155.95006746872787,19.489709532347295],[-155.95005413043856,19.489945922426504],[-155.9499158477879,19.49017335081141],[-155.9500495936055,19.49036058915159],[-155.9500005958117,19.490579067500587],[-155.9499069555979,19.49068607362027],[-155.94993372290512,19.490864494623807],[-155.94980442321489,19.49100275237013],[-155.94966169454605,19.491225649910483],[-155.94941643362387,19.491426342055863],[-155.94920238618434,19.49179198308346],[-155.9492247073625,19.49194354229152],[-155.94913995948045,19.492090769873762],[-155.94899732175247,19.4921843578087],[-155.94896610841326,19.492416285279486],[-155.94871640177524,19.492572281034576],[-155.94865842121973,19.492772938994204],[-155.94852912188497,19.49288444667091],[-155.94856922735897,19.49318319230301],[-155.94856033519477,19.493437358446787],[-155.94873418610985,19.493691537676458],[-155.9488322721716,19.493927862774132],[-155.94881448783323,19.49415530770634],[-155.94877882842215,19.49441836861171],[-155.94866286730277,19.494766190711786],[-155.94849337175947,19.495047142501058],[-155.94827487866655,19.49511402875697],[-155.94819466777292,19.49546627487174],[-155.94803860136804,19.495684747455716],[-155.94794051547413,19.495970119980264],[-155.94802970921396,19.496304545815295],[-155.94816345448774,19.496474044878912],[-155.94848447959671,19.49670592887769],[-155.94860044067147,19.49678615063128],[-155.9488322721716,19.4967950973042],[-155.94907308669795,19.49685302589798],[-155.94898389275744,19.49719637135523],[-155.94909096178267,19.49738369359568],[-155.94924702854172,19.497401531824487],[-155.94947886036496,19.497347982270533],[-155.94968401574627,19.497370335082564],[-155.94986231317702,19.497495143023162],[-155.9500719148244,19.497548688604116],[-155.95000948800353,19.497677992430678],[-155.94989352657652,19.4978340842739],[-155.94976867299113,19.497967783864908],[-155.9500005958117,19.49803915440445],[-155.9499158477879,19.49829778893613],[-155.94991140169287,19.498467246385392],[-155.95003625531666,19.498917582602473],[-155.95017444726648,19.499011286739314],[-155.95032162219198,19.499064729396068],[-155.95051334890658,19.49926538498143],[-155.95037960295534,19.499461606814336],[-155.95034394342397,19.4997826692187],[-155.95028151656646,19.49993872122491],[-155.95034394342397,19.500259801369552],[-155.95030383779655,19.500393598540395],[-155.95045545886327,19.500826129629043],[-155.95044202982604,19.50100001645009],[-155.9504509220263,19.5012229765493],[-155.95035728172164,19.501517301597477],[-155.95040192419012,19.501709023952515],[-155.95062041828476,19.502003282436497],[-155.95060698924274,19.502190586385748],[-155.95070062959778,19.502315484444548],[-155.95094589119867,19.50229761986024],[-155.95115993944233,19.50234670002714],[-155.95128479340198,19.502489313267372],[-155.9512982224636,19.50268556976227],[-155.95120902809543,19.503296490817885],[-155.95110640468795,19.50363091024055],[-155.95118670682186,19.503791383961456],[-155.95142752256996,19.503778075912813],[-155.9516816767787,19.503595196197853],[-155.9518645118274,19.503537230807808],[-155.95199381209144,19.50372454089176],[-155.95214098759368,19.504094637762112],[-155.95216775502976,19.504268568227598],[-155.9519402772409,19.504339879474266],[-155.9517173364128,19.504402316782652],[-155.9515433936432,19.50451375310363],[-155.95133388206827,19.504723365986145],[-155.95115104722848,19.505160392382994],[-155.9511109415313,19.50554834336777],[-155.95102174719912,19.505802450941562],[-155.9509860876184,19.506114602437606],[-155.95093255288407,19.50638662567396],[-155.9509369989889,19.5065962278381],[-155.95097710467104,19.50684590910655],[-155.95116438554933,19.507024214035706],[-155.951534501422,19.507153558662523],[-155.9517173364128,19.50706884806844],[-155.95206068529475,19.507086673185327],[-155.95219896858424,19.50714464769395],[-155.95250656738764,19.507278456891484],[-155.95255121006278,19.5074969339691],[-155.95281425713193,19.507706515716908],[-155.95292132704063,19.507844768533513],[-155.95309073346348,19.507947280269168],[-155.9532958904407,19.508018638515356],[-155.95322003406883,19.508317422695026],[-155.95325569382106,19.508460082170664],[-155.95339842359465,19.50855816824951],[-155.95367045414275,19.50876332380408],[-155.95398703692572,19.50887928949403],[-155.9541743190175,19.509093262085507],[-155.95440170716253,19.50915568471885],[-155.95440170716253,19.509334097492037],[-155.95439281488663,19.50952136664654],[-155.9543169583357,19.509726489111312],[-155.95430361992433,19.50997614310061],[-155.95440170716253,19.510118910852206],[-155.9544596884352,19.51026156524917],[-155.95449534828256,19.510413142942525],[-155.95464252457708,19.51041759559919],[-155.95482091464882,19.510466683639443],[-155.9550483031101,19.510609355557254],[-155.9552980131526,19.51059152422919],[-155.9554228682241,19.51052915199426],[-155.95554772332915,19.51065394074716],[-155.95537377912584,19.51096162725337],[-155.9556279354928,19.511269320455845],[-155.9557662198436,19.511407545147794],[-155.95602482257848,19.511514605019453],[-155.95594007345585,19.511666171174582],[-155.95604714408447,19.511924843577255],[-155.95627897930117,19.51204071241186],[-155.95628342545712,19.512192323873364],[-155.95642615616012,19.51234841267802],[-155.9566134392342,19.51239747634999],[-155.956787383901,19.51226820297056],[-155.95694336250727,19.512410866920302],[-155.95685425779385,19.51259366756232],[-155.9571886274023,19.512901336257386],[-155.95738035694964,19.512968263088],[-155.9576122835687,19.512986061982485],[-155.95777724553002,19.512932548184352],[-155.95811615271325,19.51309759326662],[-155.95842829234516,19.51315102926536],[-155.95867800420137,19.513302697329273],[-155.95903025058664,19.513316077866474],[-155.95919521305032,19.513396313173278],[-155.95934683701648,19.51361929617402],[-155.95955644293963,19.51369510143054],[-155.95960997866675,19.5138957317894],[-155.9597036208347,19.514007222621704],[-155.95970806702337,19.514207837533814],[-155.9594360329454,19.514404099368004],[-155.9595431043781,19.51458244183126],[-155.95949401484532,19.514854429944602],[-155.9595296750784,19.51498376391307],[-155.95942269438729,19.51515768894639],[-155.95971251321208,19.51533605346333],[-155.95961887104235,19.515585734291022],[-155.95956978150159,19.51611189444173],[-155.9595431043781,19.51629472104933],[-155.95980615540066,19.516281395241414],[-155.9597616027679,19.516464174140925],[-155.95977049514642,19.516615820373726],[-155.95989535141754,19.516704947258784],[-155.9599711181391,19.516910061678665],[-155.9601004206564,19.516972468252103],[-155.9601360809359,19.517155304812608],[-155.96021193843524,19.517289097593036],[-155.96003354629732,19.517373844923807],[-155.96001576153049,19.5175655645934],[-155.96013163474314,19.517743957973405],[-155.96026547423767,19.51781082400455],[-155.96012718855044,19.51802485204429],[-155.96011384997254,19.518167516839068],[-155.96025204491715,19.518354821154336],[-155.96028325901406,19.518515378869886],[-155.9604973115547,19.518519799783622],[-155.9604572050517,19.518689277273097],[-155.96032790243538,19.518782872788446],[-155.9604215447476,19.518930035255185],[-155.9602699204317,19.51907722356635],[-155.96026547423767,19.519309118186538],[-155.96044377572565,19.519491867104055],[-155.96022527701595,19.519563251086264],[-155.9600870820793,19.519754956595666],[-155.96002910010557,19.51996905497725],[-155.95981949396975,19.520053745918652],[-155.959605532479,19.520245506735254],[-155.9589990365737,19.520530905052915],[-155.9590079289376,19.520731552856017],[-155.95880730635977,19.520673559237185],[-155.95877609236175,19.520869761158664],[-155.95866466566497,19.52096790269957],[-155.95868689655916,19.521150722335854],[-155.9584996126509,19.521230987500786],[-155.95835697205035,19.521159653618756],[-155.95818747297116,19.521172950377252],[-155.95803584938247,19.521293382766217],[-155.95787088732948,19.521342389347456],[-155.95783522722343,19.521534144021597],[-155.95758996198768,19.521632246799083],[-155.95746066016736,19.521690254293258],[-155.95734025071505,19.521779403632184],[-155.95728226908332,19.521913161606545],[-155.957398232354,19.522029154194243],[-155.95721539512897,19.522149529843304],[-155.95702366564956,19.52225209574199],[-155.95699245177116,19.522577632196338],[-155.9569211316963,19.522724716554578],[-155.95667586694228,19.522916484899557],[-155.95662233155255,19.52311719102794],[-155.95647070847372,19.523175116959315],[-155.95635039001542,19.523322278741713],[-155.95629240850707,19.523456035568763],[-155.95635928232878,19.523612093407245],[-155.95623887316148,19.52374140848532],[-155.95613189322657,19.52395099354401],[-155.9562611946777,19.52406690949794],[-155.9560649286997,19.524272099593546],[-155.95608725020762,19.524432597116743],[-155.9559446103464,19.524584178984547],[-155.956020376425,19.524816048885327],[-155.9558375397414,19.524954338316498],[-155.9559802703076,19.525159442710045],[-155.95590885965012,19.525377932457936],[-155.95609614251592,19.525493846062105],[-155.95606048254584,19.525823853162496],[-155.95604714408447,19.526024518514134],[-155.95612291017974,19.52619838788285],[-155.9562344270059,19.52630543745441],[-155.95625674852195,19.52645701931294],[-155.95622998085042,19.526702250468905],[-155.95647969152728,19.526858360980267],[-155.9564440315278,19.527005530848164],[-155.95633251465136,19.52709915321476],[-155.95623887316148,19.527215074757148],[-155.95627453314523,19.52735333060648],[-155.9564306023175,19.527446940851554],[-155.95629240850707,19.52788397846005],[-155.95640828079314,19.528026629980275],[-155.9563548361721,19.52829859994161],[-155.95644847768534,19.52849927191963],[-155.95644847768534,19.528704446327232],[-155.95670263463944,19.528927340515878],[-155.95668920542167,19.529101244371933],[-155.9567784008415,19.52935097264874],[-155.95713064578948,19.52952039532456],[-155.9571396288558,19.529703224893165],[-155.95701032716056,19.52983706394306],[-155.95687204243995,19.529899408178405],[-155.95664465308715,19.53009121968244],[-155.9564440315278,19.530158048967856],[-155.95627897930117,19.53018486824571],[-155.956180891667,19.53030075845513],[-155.9563057469755,19.53055048987125],[-155.95638605000775,19.53076007449276],[-155.95635039001542,19.531027581716796],[-155.9561184640253,19.531611779668488],[-155.956180891667,19.531848066130653],[-155.9559668411107,19.53197737715103],[-155.955810772094,19.532071018076756],[-155.95570823840805,19.53223604732977],[-155.95577066599466,19.532387665111994],[-155.9560649286997,19.532432175319933],[-155.95619432087008,19.53258386573729],[-155.95621210549098,19.532824577591214],[-155.95614967784508,19.53295397261884],[-155.95610512556226,19.533087748900968],[-155.95625221162837,19.53319921073099],[-155.9561897839771,19.533395356119435],[-155.95625221162837,19.53353805792377],[-155.9564306023175,19.533640673004765],[-155.9564974761591,19.533778904684162],[-155.95662233155255,19.53385463081595],[-155.95673829465875,19.53397505096333],[-155.956787383901,19.534189083123152],[-155.9570325579758,19.534229241187916],[-155.95697911328304,19.534407627710532],[-155.95691214863425,19.534541396317618],[-155.95707720108547,19.53487585006106],[-155.9571173072974,19.535121061632974],[-155.9573491430473,19.535223633593176],[-155.95726448442153,19.535451050155594],[-155.9573045906496,19.53565617776982],[-155.9571976104697,19.53584792968652],[-155.9571529673485,19.536209039147668],[-155.95709943190388,19.536498920123787],[-155.9571976104697,19.536837817838148],[-155.95713064578948,19.536976002723804],[-155.95723771669202,19.537185621074748],[-155.95723327052696,19.53744868938594],[-155.95746066016736,19.537653824353168],[-155.95757662348242,19.537863420030444],[-155.9577192638439,19.538032860257207],[-155.9578531026452,19.538135415417152],[-155.95784411956512,19.538322687897935],[-155.95811170653974,19.538487700892777],[-155.95806261715785,19.53864818804333],[-155.95836141822616,19.53890234673878],[-155.95849516647377,19.539018308163186],[-155.95849516647377,19.53919665364458],[-155.95836586440203,19.539317072814185],[-155.9585130419209,19.539513310093685],[-155.95859325459563,19.539655970006244],[-155.95877164618196,19.539856596698563],[-155.95886973436205,19.539972555579123],[-155.95892327001022,19.54021779334321],[-155.9590614646017,19.540400624194678],[-155.9591150002719,19.540596859644275],[-155.9593067306125,19.540855500106062],[-155.95928885513487,19.54099812719261],[-155.9592487487359,19.541140855583517],[-155.95909267861882,19.541100735654457],[-155.95885639582016,19.541136386741865],[-155.9587672000022,19.541296925645675],[-155.9585398097237,19.541403975945485],[-155.95833909660922,19.541742805666882],[-155.95839707837254,19.54187656615183],[-155.9585710237059,19.541943490279902],[-155.9584416308748,19.542041559814624],[-155.95837920292988,19.542211042752957],[-155.95831232881795,19.542398329531565],[-155.95815181284084,19.542639115213216],[-155.95790654743828,19.542835285074194],[-155.95779956712008,19.543071623832],[-155.95779067477918,19.543276745747928],[-155.9578575488162,19.543548744966756],[-155.9579199766912,19.543740542517906],[-155.95807604641521,19.54391884269025],[-155.95805817098486,19.544088306424808],[-155.9581384743195,19.544248817458396],[-155.958183026797,19.544445065829443],[-155.9582811148531,19.544667952340767],[-155.95837475675387,19.544815137854542],[-155.95857102370587,19.54495781789719],[-155.95862446858138,19.54514062527061],[-155.95874932454535,19.545256616472596],[-155.95905701841917,19.545622277422012],[-155.95958765698995,19.546023540797027],[-155.95987302972708,19.54615285040516],[-155.9600514218035,19.54625097785819],[-155.9604973115547,19.546509617566183],[-155.96053297186458,19.546647801390733],[-155.96070691799542,19.546687976550633],[-155.9605686321772,19.546861826967593],[-155.96052852566805,19.547017976321012],[-155.95989090522707,19.547454943915973],[-155.95971695940085,19.547731381723676],[-155.9595519967524,19.547958804593122],[-155.9593067306125,19.548088134734712],[-155.95922198089235,19.548204031984636],[-155.95947613936053,19.548395794930684],[-155.95971695940085,19.548801571589635],[-155.96001122460027,19.548988869940256],[-155.96032336550212,19.54901111688924],[-155.9602966883355,19.549198455855436],[-155.96041700781345,19.549363411447736],[-155.96035911653735,19.549519522452076],[-155.9604973115547,19.54968444481653],[-155.96084066691637,19.549675581761125],[-155.961005630021,19.549688932510136],[-155.96116614698136,19.549773678345097],[-155.96121968289336,19.54994758621295],[-155.96139362928045,19.550219538698528],[-155.96135787816587,19.55035778739982],[-155.96160314538525,19.550674423823374],[-155.96172800214734,19.55074124515172],[-155.961991145142,19.550781399611296],[-155.96195094777147,19.551013296622074],[-155.96218732287804,19.55122736131108],[-155.9622453051202,19.551396800408128],[-155.96241916115082,19.55149488916808],[-155.9626867507525,19.551668756117998],[-155.96290969683494,19.55168219367627],[-155.96316830353533,19.551566200273907],[-155.963440339791,19.551584078381516],[-155.96363207191038,19.551539447752422],[-155.96376582167022,19.551682174413468],[-155.96399321449778,19.551704474086016],[-155.96420726874115,19.551642003948416],[-155.96446587616063,19.55155726222004],[-155.96463093128673,19.551419104858994],[-155.96480034196892,19.55139231106158],[-155.96488064646482,19.55150382483418],[-155.96514814673833,19.551508236871154],[-155.96544695234712,19.551610816413646],[-155.96562525581547,19.551601919042547],[-155.96575455989998,19.551775785007706],[-155.96603104391167,19.551931875107055],[-155.96612024111874,19.552070119796785],[-155.9662628840936,19.552168233493347],[-155.96644127861325,19.552199436759135],[-155.96645470811188,19.55246249460868],[-155.96657058292365,19.552587335072182],[-155.9666686727437,19.55277464842587],[-155.96673110179808,19.552921784459215],[-155.9666686727437,19.55310461435765],[-155.96685595993182,19.553216056918842],[-155.9668202991388,19.553407832584906],[-155.96683817490495,19.553554988349507],[-155.9667667625843,19.55379575375027],[-155.966610780692,19.55404101721594],[-155.96680251411323,19.554250590232808],[-155.9666686727437,19.554437900322085],[-155.96661967320105,19.55464300316022],[-155.96651260014426,19.554741075330917],[-155.96650815389074,19.554928408125484],[-155.9664323861076,19.55512014838083],[-155.9665483516537,19.5552360861473],[-155.96639227909446,19.555369817947604],[-155.96643683236042,19.55555266167553],[-155.9662628840936,19.555829115449637],[-155.9663788495976,19.556047653977387],[-155.96620499209217,19.556176929937802],[-155.96620499209217,19.556408799222314],[-155.96607115089384,19.556618360132035],[-155.96601325891618,19.556832403790278],[-155.96611579486895,19.55702416874531],[-155.96613357986837,19.557291664377065],[-155.9661737775991,19.557483494158213],[-155.96611579486895,19.55762618079409],[-155.96619600885126,19.557773273864594],[-155.96611579486895,19.558134511367957],[-155.96621388459351,19.558294991027058],[-155.966320866842,19.558402024078635],[-155.96648592262375,19.558580417624427],[-155.96648138563063,19.55875431968008],[-155.96629409859264,19.559119945918805],[-155.96614700935817,19.55923141199718],[-155.96603993640971,19.55961936297828],[-155.96588840100765,19.559811145319838],[-155.9657100066991,19.559949292173947],[-155.9655672731534,19.560007266422623],[-155.96521057558948,19.559944853531533],[-155.96471114501398,19.560118774280266],[-155.9645328418947,19.560234678614044],[-155.96438121624226,19.56023916570385],[-155.96411807189952,19.56029709840446],[-155.96394421523587,19.56045320609658],[-155.96358298194707,19.560582524554956],[-155.96342691037907,19.56073416880124],[-155.9631950716055,19.56087685044157],[-155.96308355311317,19.560983802741966],[-155.96239239312516,19.561327182396717],[-155.9622453051202,19.56143864069406],[-155.96217843045346,19.56157692879392],[-155.96227207313737,19.56186231632088],[-155.96208025083794,19.56195592822215],[-155.96213378685493,19.562424138863037],[-155.96236571584015,19.562508840380524],[-155.9625262332687,19.562549009730063],[-155.96284726829154,19.562441984800113],[-155.96307466067148,19.56237061860603],[-155.96329760693928,19.56240632213885],[-155.96338235740035,19.562277002956037],[-155.9635517676293,19.562178876213483],[-155.96371228546593,19.562201208038502],[-155.96379258977467,19.56237507118781],[-155.96399766072736,19.562401803468063],[-155.96421171497278,19.562517791308792],[-155.96436334057015,19.56265157930018],[-155.9645060737478,19.562651533642477],[-155.96465316246542,19.562624751812592],[-155.9648895389409,19.562553457073225],[-155.96508127165555,19.56254009076984],[-155.9651570392195,19.562740750317925],[-155.96522845129402,19.562910135817322],[-155.96509461037553,19.563159867207958],[-155.96490287765536,19.563342677504156],[-155.96461305560507,19.56381982756378],[-155.9645060737478,19.56392682464903],[-155.9645417343642,19.564114112389042],[-155.96468882309304,19.564256776450907],[-155.9649073238936,19.564395050544764],[-155.9651570392195,19.564479791338545],[-155.96549150552292,19.5643460283556],[-155.96579475759813,19.56402492140525],[-155.96615590185837,19.564247900999632],[-155.96642349360212,19.56423008981865],[-155.96659290493454,19.564283569292748],[-155.96662856571027,19.56442626770418],[-155.9667667625843,19.56468039029411],[-155.96669544101454,19.56497918169822],[-155.96680696036955,19.565099599311388],[-155.96701203264598,19.56527352524734],[-155.96707446174622,19.56549643350344],[-155.96722608827298,19.5659378634584],[-155.96740448316038,19.566200957246878],[-155.96749368062962,19.566325879270085],[-155.9676854144131,19.566419448456482],[-155.96763632402374,19.56681632993483],[-155.9676898606778,19.567008091059343],[-155.96780573579582,19.5671195254747],[-155.96786816500207,19.567431704806044],[-155.96794402375815,19.567654636861985],[-155.96797079210202,19.56791329979018],[-155.968095650567,19.568038145117796],[-155.9682159720553,19.568149611524206],[-155.9681000968356,19.568252218038918],[-155.96797968463693,19.568354695527052],[-155.96814465026435,19.56852867306774],[-155.9682115257856,19.568684685663438],[-155.9680912042984,19.56884527305355],[-155.96815354280258,19.569001326911717],[-155.96798857717204,19.56920642415858],[-155.96773886033267,19.569193026618027],[-155.96777007493029,19.56958541306177],[-155.96785037993666,19.56974594929849],[-155.96772552153723,19.569812890788633],[-155.96763187775952,19.569928817070462],[-155.9677433065979,19.570071480049837],[-155.9675694485848,19.570205251032828],[-155.96756500232124,19.570401425311285],[-155.96744014399803,19.57061106094189],[-155.96749812689254,19.5707894359606],[-155.96750701941843,19.570963280510455],[-155.96743569773568,19.571195144872437],[-155.96725730283637,19.57129328171067],[-155.9673018561848,19.57160541232096],[-155.96742226820885,19.57196211018905],[-155.96757389484844,19.572100410157695],[-155.9675248952109,19.57222966899782],[-155.96752035820765,19.57238132395697],[-155.96768096814841,19.572483855823208],[-155.96762743149534,19.57264441289143],[-155.9675783411121,19.572773743978974],[-155.967614001963,19.573424716995085],[-155.96768541441307,19.57357636037657],[-155.96770319947223,19.57383053559341],[-155.96759621690725,19.574173831643808],[-155.96749368062962,19.574285362274495],[-155.96758732437962,19.574419155780813],[-155.9678592724693,19.57460191495203],[-155.9679484700253,19.574784771970776],[-155.96830961594998,19.57505228475603],[-155.96842558196187,19.575186078276445],[-155.96857276265374,19.575846046067845],[-155.9686173161275,19.576135844276223],[-155.96842558196187,19.57651936594818],[-155.96818475742788,19.57658620361093],[-155.96827395504602,19.576795818495537],[-155.96833638431482,19.57705441273501],[-155.96823384787484,19.57721945518869],[-155.96835426013897,19.577366617663806],[-155.96849245752327,19.57745572214057],[-155.96855933309422,19.57762966395562],[-155.96881803366296,19.577785761365206],[-155.9686217624011,19.57798636449385],[-155.96847467243407,19.578097908868173],[-155.96835870641004,19.57831193955746],[-155.96818031115848,19.57842340808532],[-155.9680644359476,19.57860619319954],[-155.96779239699848,19.578762236231142],[-155.9676006631711,19.57872216251244],[-155.96751146568147,19.57899415118352],[-155.96729740992376,19.579087771140557],[-155.96715921289274,19.579234964994722],[-155.96702101590262,19.579328561981704],[-155.96696747932518,19.579520291479263],[-155.96680696036955,19.5798324360923],[-155.96667765599375,19.580037620071696],[-155.966584012426,19.580157959291316],[-155.966584012426,19.580331914459755],[-155.9664724931242,19.580501294532954],[-155.9665750291778,19.580800108070665],[-155.96671331677592,19.58097399900084],[-155.96690505023923,19.58113010359237],[-155.96706112296974,19.581281696793216],[-155.96735539280056,19.581758786478527],[-155.9675827873758,19.581950491476597],[-155.96763187775952,19.582124480445454],[-155.96769875320737,19.582298340664515],[-155.9679305942167,19.582681787919455],[-155.96812686518842,19.583034065996188],[-155.96822050906525,19.583158948373608],[-155.96845679660532,19.58326153072927],[-155.96855044054828,19.583738662370898],[-155.96867085289392,19.583943761321706],[-155.96876449687974,19.58423359975719],[-155.9688804630044,19.584371819277667],[-155.96917028770153,19.584510056854487],[-155.9693620221725,19.58486679694115],[-155.96947789770488,19.58498274963739],[-155.96973215249756,19.58514774721021],[-155.96997288708775,19.5852279379495],[-155.97015128302303,19.585442053062724],[-155.9703742326675,19.585593638991924],[-155.9705927361258,19.58563825139567],[-155.97072648787778,19.585870119522994],[-155.97091377669105,19.586035031967803],[-155.97093609890928,19.5862312491306],[-155.97101631371845,19.586445301660888],[-155.97117238782096,19.586565726621398],[-155.9711322804013,19.5867708217293],[-155.97116349522534,19.586980438526986],[-155.97128390824352,19.58728365106662],[-155.97137301571172,19.587439666920393],[-155.97186356079453,19.58783211958837],[-155.9719304368473,19.588117432171746],[-155.9718278996197,19.58853662901885],[-155.97180557735896,19.588755102842274],[-155.97184568483632,19.588906768355677],[-155.97195720541927,19.589022705724258],[-155.97200629626198,19.589183196484406],[-155.97179668475133,19.58933477860143],[-155.9717520402339,19.589557754150217],[-155.97189477566738,19.590030434056207],[-155.9717074864616,19.59039607382024],[-155.971645056743,19.590561076647003],[-155.97173870132403,19.590806330788944],[-155.97209095756108,19.59091336083648],[-155.97222924678996,19.590975732573288],[-155.9721310650629,19.59113629583332],[-155.97207317233514,19.591466220004946],[-155.97199286660396,19.591684768935487],[-155.97150685842752,19.5919211003948],[-155.97131956937693,19.592028084554844],[-155.97116349522534,19.592380365185793],[-155.9713105860377,19.592572073968274],[-155.97127946194465,19.592728149393704],[-155.97145332133658,19.592799525598586],[-155.97150685842752,19.59297788851224],[-155.97140423055185,19.59324544820125],[-155.97145776763713,19.59349066247898],[-155.9716182881889,19.593624463489896],[-155.97172082537057,19.5938875377628],[-155.971694147553,19.594467263555572],[-155.97190811458168,19.59468572345958],[-155.97209985017432,19.594779326464437],[-155.97240310653459,19.594908684205137],[-155.97249230495683,19.595060302778048],[-155.97265727217513,19.595243150328166],[-155.97279102451688,19.595332324033308],[-155.97286243775704,19.595515161273596],[-155.97294265289622,19.595671206502352],[-155.97315226491978,19.59605469843629],[-155.9733752159932,19.596201797490593],[-155.97340643096678,19.59648719460826],[-155.9734286625626,19.596674488447707],[-155.97371858081686,19.59714718987468],[-155.9739058708267,19.597642133695878],[-155.97399497879374,19.598074659758083],[-155.9741020535627,19.5982262510936],[-155.974284806657,19.59833770453443],[-155.9743294514158,19.598533933731026],[-155.97442754286214,19.598645439510886],[-155.97507407580426,19.598868346514845],[-155.9752613663557,19.59894858404157],[-155.9755334096446,19.598962013193816],[-155.97565382378585,19.599033340305287],[-155.97594809901773,19.599287498497958],[-155.97615317529835,19.59947922878759],[-155.97636723510462,19.599635357298308],[-155.97640734297235,19.599978674459113],[-155.97659018770696,19.600326466950296],[-155.97659463405623,19.600607422028634],[-155.97653220368665,19.60103551663832],[-155.9765500798236,19.60124505352403],[-155.97640289662485,19.601543811283996],[-155.9763583424104,19.601740051811547],[-155.97610862110764,19.602038805780243],[-155.97565382378585,19.602382149041823],[-155.97539067310277,19.60242671269864],[-155.97511427430294,19.60240000698084],[-155.97496264522096,19.602471323731628],[-155.97491800040186,19.602680886424526],[-155.9746906022632,19.60264969973288],[-155.97452563432904,19.602783441768747],[-155.9744498652478,19.603193682493252],[-155.9744632042349,19.603416680592797],[-155.97453906405968,19.603764441108773],[-155.97470847833,19.604009684050514],[-155.97480212352332,19.604197021132595],[-155.97503841438504,19.604317384008407],[-155.97523015125861,19.604433338519794],[-155.9753817804271,19.604656283887415],[-155.9753817804271,19.6050174846646],[-155.97556907110146,19.605320719779957],[-155.97589900776208,19.605485623666716],[-155.97610862110764,19.60553027711926],[-155.97629591207226,19.60553024530264],[-155.97632268089356,19.605806703243292],[-155.9764385581478,19.606092063257467],[-155.9766437253847,19.606292736964356],[-155.97675515636737,19.60647111471897],[-155.9769692164483,19.60667626994218],[-155.9771966156917,19.606966045856044],[-155.9772724759586,19.60714000745629],[-155.97744633757353,19.607260411564308],[-155.97758009128148,19.607461049357013],[-155.97763362907213,19.607804400186488],[-155.97771838212947,19.608076373951285],[-155.97782981336738,19.60823249686468],[-155.97803942757545,19.608397441343026],[-155.97836491960703,19.608491128303633],[-155.97852544252368,19.60849998276299],[-155.97866373365014,19.608584793981468],[-155.9787751651124,19.608722992862262],[-155.9788643647466,19.608870122626655],[-155.97890447282774,19.609137677493838],[-155.97906944230152,19.6093071214168],[-155.9791140875156,19.609556796810157],[-155.97927016431368,19.609766444571335],[-155.97942170404514,19.60989568396686],[-155.97965808797537,19.610029486704192],[-155.98006388822813,19.610163287450828],[-155.98013965821576,19.610497714431897],[-155.98022885810911,19.610627006091786],[-155.98046070531694,19.610734004804122],[-155.98065244440537,19.610894564232154],[-155.9807148753228,19.611037245071305],[-155.9807371980075,19.61121114436958],[-155.98079962893618,19.611380585473583],[-155.98092449081844,19.611545570337878],[-155.98112067648822,19.611710580098435],[-155.98126332402944,19.611750727084647],[-155.98142829433144,19.61175519567113],[-155.9818564188506,19.611612476960243],[-155.98213291236215,19.611590180354472],[-155.98228000661354,19.611612433076882],[-155.982404868889,19.611697222386933],[-155.98245840722944,19.61196472229808],[-155.9826501471327,19.612366040841657],[-155.98277945591417,19.612455280047715],[-155.98265459353928,19.612615751079737],[-155.9826099479889,19.612883351316068],[-155.98255205396845,19.61305274754908],[-155.98248517640195,19.61337829706425],[-155.98248517640195,19.613752857865684],[-155.98255205396845,19.61401595273295],[-155.98264116357655,19.614163075058404],[-155.9828017786969,19.614287905107844],[-155.98299796515,19.614403899646785],[-155.983510754457,19.6146223563505],[-155.98386746594676,19.614644665106148],[-155.9839700058043,19.614769553324276],[-155.9840235443229,19.614988039081652],[-155.98409042210807,19.615210953155437],[-155.98437580977838,19.615496342838693],[-155.98453188832315,19.615545434192015],[-155.9846611976218,19.615853095437153],[-155.9847637376523,19.61599574036662],[-155.98499558709563,19.616267811250058],[-155.98516509588026,19.616356940135347],[-155.98542371486093,19.616597781605975],[-155.98581609003475,19.616678041956614],[-155.9860078313059,19.61682518471],[-155.98627979007188,19.61720867867322],[-155.9863556518044,19.61736914505893],[-155.98655628618212,19.617801720965865],[-155.9866187178829,19.618015772364444],[-155.98654294685178,19.618332349348606],[-155.98656517906923,19.618586528785382],[-155.98640020696638,19.618871846740493],[-155.98635120536278,19.619032391883884],[-155.98638686764042,19.619264336242598],[-155.98670791900463,19.619522900495895],[-155.98676590428,19.61983062930816],[-155.9868237988187,19.620035717528747],[-155.98713595758255,19.620178422839853],[-155.9871226182358,19.620209591642602],[-155.9870155405,19.620512838677787],[-155.98709584879958,19.620829406638535],[-155.98690855353237,19.620985503211017],[-155.9868461217932,19.621203966746602],[-155.98672570478473,19.621422500063897],[-155.98670791900463,19.621569688650254],[-155.9866499337364,19.621730157935215],[-155.98653396322138,19.621837173631636],[-155.98646708508912,19.62196648452329],[-155.9862486649866,19.62217163081737],[-155.98618623333488,19.62243919877435],[-155.98606137005623,19.62264877808007],[-155.98596772261897,19.622822656467747],[-155.9858606451457,19.62315266252418],[-155.98584285939825,19.623366627184687],[-155.98588741451172,19.623536109590287],[-155.98581164359825,19.623741222625092],[-155.98588741451172,19.623919607443025],[-155.98599893842933,19.624120277742893],[-155.986275343631,19.624209443147578],[-155.98648496160385,19.624329805526333],[-155.9866320572154,19.624517138852113],[-155.98674358130927,19.624717810079577],[-155.98697987817476,19.624878294889285],[-155.98712706468467,19.624882726524763],[-155.98726971404642,19.6247935741611],[-155.98742134709852,19.62486048178853],[-155.98739902409673,19.625159193060284],[-155.9875774266525,19.625328680486284],[-155.9877290598036,19.62543127108766],[-155.98780927748075,19.62566312927487],[-155.9878360469575,19.62585483085129],[-155.98776472218552,19.626073317857863],[-155.9878404934131,19.626291806217445],[-155.98807688157265,19.62641670785569],[-155.98821063830354,19.626501402354492],[-155.9882017453854,19.626817981218963],[-155.98809466740443,19.626983003200476],[-155.98816154576767,19.62730405950452],[-155.98809911386246,19.627486843372406],[-155.98813032981403,19.627683081166893],[-155.98803223550811,19.62779006745505],[-155.98802778905068,19.62812452038231],[-155.98816154576767,19.628414393690075],[-155.98829983972658,19.628530315037032],[-155.98870555668663,19.628659630409253],[-155.9888036511326,19.628802340535564],[-155.98885719020058,19.62898515900126],[-155.9889597311443,19.62914124016042],[-155.98916490384286,19.629341863043905],[-155.98931644676026,19.62950238742885],[-155.98945918752878,19.629801176315443],[-155.989521619614,19.63010436401507],[-155.9896821463363,19.63026938404146],[-155.98988722860474,19.63033176464096],[-155.98992733762518,19.630470041681214],[-155.9899897697724,19.630639417364463],[-155.99014585017656,19.630742044663137],[-155.99038223949165,19.630804420032778],[-155.9905204433572,19.630951596119377],[-155.9907166330245,19.63122359717172],[-155.990854836988,19.631428717371083],[-155.99098414802137,19.631522389323216],[-155.99106445699675,19.631660556311378],[-155.99106445699675,19.631812212738335],[-155.9908013884379,19.63197717159397],[-155.99089049960628,19.63214665599759],[-155.99077461879284,19.63224476545036],[-155.99077017230957,19.63241414679048],[-155.9907389561833,19.632628182962033],[-155.99063641485282,19.632779828946862],[-155.99063641485282,19.632940321425952],[-155.9904223485542,19.63302509966277],[-155.990194942919,19.63298497286221],[-155.99010129466058,19.633105331271466],[-155.99021272883067,19.633225711923483],[-155.99010574113754,19.633341641063403],[-155.9901548338758,19.63356020050625],[-155.98990510524916,19.63380987274267],[-155.98990510524916,19.63402389069515],[-155.99000319994468,19.634202289662618],[-155.99007452505523,19.634398495350542],[-155.9901637268308,19.634608096468106],[-155.99020828235268,19.63478192218416],[-155.99027516101563,19.634915734394895],[-155.99051599687635,19.63511638109698],[-155.99068541690175,19.63534383389742],[-155.99083260456828,19.635499843222355],[-155.9911982145748,19.63563362767048],[-155.99134540240127,19.63566933030474],[-155.99140783473607,19.635838795661815],[-155.99157725508164,19.635883324929004],[-155.99209894671498,19.6358431868681],[-155.9922995835359,19.635807577692223],[-155.992500311187,19.63594131245115],[-155.99276782719457,19.636182084859634],[-155.99299523406913,19.636280242550644],[-155.99307998989156,19.636449712356697],[-155.99325830385033,19.6365655892631],[-155.9933073969164,19.636708281539395],[-155.99355259008817,19.63681973704209],[-155.99369977864842,19.63679299031092],[-155.99369977864842,19.637122990214603],[-155.99377555082896,19.637247862977198],[-155.9939405255107,19.637310286875184],[-155.99402972801664,19.637577838680908],[-155.99407437464853,19.637876579279496],[-155.99410559099528,19.638037144160794],[-155.99433744503057,19.638304669563716],[-155.99439987776086,19.638541005612996],[-155.9942615820147,19.638768417283302],[-155.9944399871646,19.63890665496794],[-155.994600515559,19.639102867602947],[-155.99478336735783,19.639285659264235],[-155.99476549052872,19.63947736902796],[-155.99483236983704,19.63971815680915],[-155.99514008737347,19.6399143885296],[-155.9953318324333,19.63994116405572],[-155.99558601045786,19.6399634858568],[-155.9957955418204,19.64003032294224],[-155.99600961055387,19.640012493946003],[-155.99629945196926,19.639963457666127],[-155.99672749924355,19.63983857042697],[-155.99646887406863,19.63897794644991],[-155.99670072926273,19.638518676166374],[-155.9968969214962,19.638581080845295],[-155.9967988253693,19.638951214444358],[-155.9968924749553,19.639080563118082],[-155.99707088109778,19.639102821342817],[-155.99720464037588,19.639218791355738],[-155.99735627661815,19.6394283650153],[-155.99748558943045,19.639325770057805],[-155.99748558943045,19.639147425953738],[-155.99738749318152,19.638946758623742],[-155.99720464037588,19.638897704645863],[-155.99711099072806,19.638795120379804],[-155.9972715200291,19.638688173953064],[-155.99753014564277,19.638505329412094],[-155.99762824192126,19.638375987819163],[-155.99773523131756,19.638286813977388],[-155.99791808432823,19.638291259428122],[-155.9980518438458,19.638514200966736],[-155.99836845658578,19.6385499036967],[-155.99848443000698,19.638219925552576],[-155.9983283468489,19.638090614730896],[-155.99792253087875,19.63817531247289],[-155.9979269774293,19.637952393118784],[-155.99829713022345,19.63786768161632],[-155.9983996732159,19.637720527752183],[-155.99853787942584,19.63779183550544],[-155.99878761261397,19.637568903367654],[-155.99928698863917,19.637595693225176],[-155.99944307211325,19.63762686638321],[-155.99951893595994,19.637453009765157],[-155.99961258608406,19.6373503977585],[-155.9997641323513,19.63749308733147],[-155.9999558792846,19.63740387443031],[-156.0002501696887,19.637261222963566],[-156.00034381995738,19.637131930297112],[-156.00056678389834,19.637024853582947],[-156.00071842121721,19.637127450703396],[-156.0007674243109,19.637283473857934],[-156.00094138533441,19.63723449115284],[-156.00105726863904,19.63710960497847],[-156.00118658246188,19.63703827139153],[-156.00133821997912,19.637096260204185],[-156.00124456951391,19.637288005478705],[-156.0013515597271,19.637435121780783],[-156.00165038833006,19.637439590235783],[-156.00165928150122,19.637720472746043],[-156.00183315210532,19.637840902503743],[-156.00228797467616,19.637858770224057],[-156.00247082944404,19.63792115782752],[-156.00276067481357,19.638095060589507],[-156.00297020935037,19.63815746879576],[-156.00314861778168,19.638153038898817],[-156.00338047624507,19.638041602212592],[-156.0035097907015,19.63818872108633],[-156.0035677780376,19.638380424762037],[-156.0037194163162,19.638500865397486],[-156.00390662749544,19.63837599935179],[-156.00400926244862,19.63862574075475],[-156.00416970333941,19.638723800327153],[-156.00441054627169,19.638652458799108],[-156.00450864397428,19.639004714583482],[-156.0046424053517,19.639080576629915],[-156.00476282692247,19.639004757474282],[-156.00490103498748,19.638866527377548],[-156.00502590324103,19.638790739517415],[-156.00516855800112,19.6388174670168],[-156.00511955445273,19.63912070244571],[-156.00548517549393,19.639602251925684],[-156.0055699335516,19.639807416662624],[-156.00572592834612,19.639923288704637],[-156.00585079681662,19.640155178179914],[-156.00612730436774,19.6403157312783],[-156.006430491861,19.640387085541537],[-156.0065687004114,19.640462894645086],[-156.0067025531167,19.64068585448998],[-156.00692542929815,19.640654633759638],[-156.00704585144788,19.640757166845994],[-156.00723315468633,19.640948911358535],[-156.0073892407748,19.64105145625627],[-156.0073981340535,19.641051434721092],[-156.00770132235775,19.641180738738324],[-156.0079109498228,19.64130561241621],[-156.0083523475233,19.641546413558814],[-156.0087537257634,19.6418853272161],[-156.00923532564988,19.642170710076588],[-156.009315546971,19.642291117300463],[-156.00947608040198,19.642643344029587],[-156.00960984317783,19.642830606243322],[-156.0098372581327,19.643008970651852],[-156.01054182774135,19.643249803352695],[-156.01093422373563,19.643437051229053],[-156.01123741429416,19.643691266469823],[-156.01152726501164,19.64379379358779],[-156.01174134084275,19.64393654436353],[-156.0121069669761,19.64401677668275],[-156.0123343831242,19.64410149983525],[-156.01245471589456,19.64420852549677],[-156.01298541462913,19.644525128939513],[-156.01331982410466,19.644618721781846],[-156.01350712981304,19.644654456399852],[-156.01365868051278,19.644716849499776],[-156.01377910436665,19.644837229303608],[-156.01389054410177,19.644948695763038],[-156.01418039643394,19.64503346145193],[-156.01441226027677,19.64526080442489],[-156.01467543268123,19.645416929881087],[-156.0148493080461,19.645497168647818],[-156.0149518546115,19.645590812364926],[-156.0151301767888,19.645889556191108],[-156.01539334958963,19.646183853521677],[-156.0154512476253,19.64635329495466],[-156.0156920962692,19.646585219658185],[-156.01579908973366,19.646719004627883],[-156.0159284075663,19.64698654384362],[-156.01599973657528,19.64716042756622],[-156.01611571429973,19.647267436370825],[-156.01633414816558,19.647316478484665],[-156.01663289543447,19.647521635483425],[-156.01678453787736,19.647552855348795],[-156.01696295148946,19.647338777968404],[-156.01709671636755,19.647285305843422],[-156.01730181048677,19.647343259641815],[-156.01753812258127,19.64725409591585],[-156.01771199898974,19.647249611913516],[-156.01792163086077,19.647151505237755],[-156.01819360793195,19.647249641168955],[-156.01844779818762,19.64725850888054],[-156.01865289288742,19.647263009902986],[-156.01882232295588,19.647338797347473],[-156.01901407757296,19.647419088988954],[-156.01928605526643,19.647405647224346],[-156.01945557630955,19.647459182754965],[-156.01960712889908,19.647753480992307],[-156.01991486247877,19.647753487761833],[-156.0200351971616,19.647914051644992],[-156.0201823939265,19.647967501799474],[-156.02034293101704,19.648168230082156],[-156.02069068593977,19.648203870646547],[-156.02082898937707,19.648275188275107],[-156.02104297863258,19.648230631905836],[-156.02122584060407,19.64824848476704],[-156.02144427680764,19.64824398451763],[-156.02160926109403,19.64825736435476],[-156.02176535189045,19.64817711840267],[-156.02201509727075,19.648123574516323],[-156.0221934220861,19.64818157740322],[-156.02255905622852,19.648114696245894],[-156.02288013205987,19.647949674744684],[-156.02316554306321,19.647713344495923],[-156.02333497473143,19.647735676256577],[-156.02350440645967,19.647744580936358],[-156.02369171616368,19.647472592958636],[-156.0237942646277,19.64736551235008],[-156.0240038084158,19.64733434529719],[-156.02411534128805,19.647218416728954],[-156.0242847732926,19.647285276892944],[-156.0243427631569,19.647142602237153],[-156.02456564758333,19.647133708025542],[-156.02475740450393,19.647084653106763],[-156.02495805510748,19.647071267524858],[-156.02516315260007,19.647115870095934],[-156.0253995593322,19.647285299782023],[-156.02558677902667,19.647164900164558],[-156.02584097321275,19.647057839964063],[-156.02602828383107,19.647142597592122],[-156.02622004133744,19.6471604208669],[-156.02633148397462,19.64732542592357],[-156.02655001326025,19.64730758708849],[-156.02668378082063,19.64735667611491],[-156.02677734553401,19.647561740082992],[-156.02698253455716,19.64769550014697],[-156.02707165250612,19.64782039507727],[-156.02737494406153,19.64774455005684],[-156.0273347411304,19.647918457031682],[-156.0275399303922,19.648092413964406],[-156.0278342378327,19.64810130556226],[-156.02797245258265,19.648203879815892],[-156.02777624754566,19.648270754039032],[-156.02781635976223,19.64841789825814],[-156.02785647198218,19.648716651877397],[-156.02804823022018,19.648707705005258],[-156.0282399885349,19.648712185163575],[-156.0282221104493,19.648908358088743],[-156.0282399885349,19.649077867115935],[-156.02843174692632,19.649140305938925],[-156.02853874324146,19.649233896158808],[-156.0286636176819,19.64913139780947],[-156.0288687167607,19.649166990280158],[-156.02896681949272,19.649430144927233],[-156.02885528549092,19.649577268685732],[-156.02910503456914,19.64963521029225],[-156.02910503456914,19.64983585660146],[-156.0293101338368,19.649791309736997],[-156.02937257115337,19.649969643795725],[-156.02944834901217,19.65009453196063],[-156.02954645186273,19.650219334318606],[-156.02969809839922,19.65028181915363],[-156.0298497449837,19.65054044728064],[-156.03010829752932,19.650754469804554],[-156.03007707882216,19.650892677716616],[-156.0301128351323,19.651071080491988],[-156.03026439109576,19.651231625071656],[-156.0302688379481,19.65137426030673],[-156.03046059715066,19.6513564744489],[-156.03047847531968,19.65149913144226],[-156.03058547209142,19.651610654921804],[-156.03057204077356,19.651815701500905],[-156.03065680328584,19.651940581529775],[-156.03082179074556,19.65201641871278],[-156.03075935324037,19.65217249770817],[-156.03073258134748,19.65235526986503],[-156.03104476893722,19.65252917104159],[-156.03108488142715,19.65268524297004],[-156.03121865025255,19.65275659978191],[-156.031312306603,19.652868115459917],[-156.03119187833406,19.653117756794906],[-156.03139253163093,19.65332736994825],[-156.03130341287905,19.65345224237377],[-156.03105810951607,19.653496821594295],[-156.03090655330195,19.65382680928622],[-156.03090201569148,19.65412557367746],[-156.03108488142715,19.654196876915076],[-156.03124542217262,19.65412557500179],[-156.03140596297175,19.654138918456656],[-156.03166006949056,19.654442150919227],[-156.03155751934355,19.65454023126632],[-156.03133009405147,19.654468857189894],[-156.03119187833406,19.65487466179176],[-156.03128998154108,19.655057513519818],[-156.03127664095578,19.655302773480695],[-156.0313256471893,19.655449901375558],[-156.03141930356063,19.655623798868387],[-156.0316155100877,19.65582446121171],[-156.0317760510106,19.65588242359952],[-156.0320079233824,19.655744169415073],[-156.03224868960748,19.6559270555987],[-156.03247611533465,19.65603404003803],[-156.03276153205206,19.656172307056554],[-156.03256977193038,19.656234709231104],[-156.03238690562915,19.656270402893075],[-156.03228435532694,19.656363979259243],[-156.03232900554434,19.65653794551876],[-156.0323244679204,19.65671178393652],[-156.0324271089837,19.656845559689216],[-156.0324092307421,19.65709978673085],[-156.03261433142177,19.657188926120504],[-156.03266342854437,19.65732714501135],[-156.03250288732477,19.657527881693273],[-156.03250288732477,19.65778199242256],[-156.03242257135886,19.657915753991887],[-156.0324047838699,19.658089681716685],[-156.03222191763152,19.658134296984453],[-156.03223979586613,19.658294805428365],[-156.0321818050466,19.658437489892524],[-156.03186526060261,19.658464297200812],[-156.03194993259086,19.65863812216292],[-156.03181171669496,19.658682735783508],[-156.03170027278424,19.658838797985755],[-156.03135686597773,19.658878902261087],[-156.0313167534651,19.65933379492805],[-156.03134797225292,19.65949873185837],[-156.03159772262865,19.65956118956868],[-156.0314861880153,19.659779703703865],[-156.0314549692185,19.659953608867884],[-156.03127664095578,19.660158720174753],[-156.03110275961942,19.660328167969986],[-156.03116065955638,19.660528818568192],[-156.0310268907471,19.660635841680158],[-156.03104032207767,19.66088997439982],[-156.03091100016022,19.661255643478196],[-156.03093777206308,19.661505366642647],[-156.03099567198015,19.661679247180185],[-156.0310268907471,19.66182191862816],[-156.03091100016022,19.661960184920805],[-156.03104921579677,19.662142999996384],[-156.0309778845441,19.662379329277197],[-156.03089756883327,19.66250416455673],[-156.03101355016912,19.66259784113088],[-156.0309644532152,19.66278061615789],[-156.03106255637576,19.662932285349253],[-156.03093323445233,19.663043757970307],[-156.0310224438877,19.66332463000728],[-156.0310536626564,19.6635075013436],[-156.0309778845441,19.66366357123326],[-156.03091100016022,19.66380627611035],[-156.0310982220071,19.6638820291357],[-156.03116964402997,19.664131755650825],[-156.03108932828707,19.664252171550636],[-156.03116065955638,19.664470695190268],[-156.03096890007404,19.6646133150718],[-156.03095111263897,19.664764976553055],[-156.03104476893722,19.664952225813018],[-156.03087088768487,19.66518413621274],[-156.0310536626564,19.665277791809487],[-156.03089312197508,19.665473932077035],[-156.03087533454283,19.665701402749047],[-156.03072368763424,19.66586633018278],[-156.0305943658021,19.666209732248724],[-156.03020640051486,19.66640144848556],[-156.03008606327546,19.666561947047537],[-156.03008606327546,19.666731412187858],[-156.02927891518155,19.66704805750286],[-156.0291630250169,19.667150539671503],[-156.02900693180888,19.66719517448101],[-156.02862795223157,19.667293303464636],[-156.0283960814932,19.66743153806986],[-156.02823109486786,19.667480527468364],[-156.0280125648156,19.667422621825867],[-156.02798579307603,19.66719516430502],[-156.02768259188565,19.667221956601452],[-156.02755327087357,19.667319994113925],[-156.02758893624394,19.66748054538327],[-156.02758004258902,19.66761875493402],[-156.02752205233273,19.667797128169525],[-156.02739717818972,19.66794431911994],[-156.02730352260377,19.66810925223359],[-156.02712074906145,19.668425904633008],[-156.0271118554152,19.668773690789426],[-156.02710287101763,19.668987695523597],[-156.02702264670728,19.669134889065855],[-156.02664811551765,19.66929983901685],[-156.02649646994598,19.669232998472346],[-156.0265321352377,19.669085814602607],[-156.0263270371588,19.668176197057626],[-156.0253995593322,19.6682921091406],[-156.02550210816204,19.668938686314377],[-156.02469052098812,19.66905460608383],[-156.024525535639,19.66831441551117],[-156.02360250809298,19.668564111764287],[-156.0214666014107,19.668350055493157],[-156.0211321862258,19.668622111787162],[-156.0210920745694,19.669237432819255],[-156.0237630463319,19.669576305472425],[-156.02584986683542,19.66924189375235],[-156.02625570660857,19.66999105240448],[-156.0269245443732,19.669696761960374],[-156.02715641439966,19.66960306620816],[-156.02733029430524,19.66973236107913],[-156.0274640620835,19.669910734322492],[-156.02771825726566,19.669879589931597],[-156.02786091881217,19.66991524859014],[-156.02791890910945,19.67024968724272],[-156.02798134624484,19.670383418175156],[-156.02786990322394,19.67060193656821],[-156.0278297002513,19.67076242050781],[-156.0276781450573,19.671021093179327],[-156.02755327087357,19.671145931610173],[-156.02745516843086,19.671279727366468],[-156.0273793908871,19.671136976798085],[-156.02731250700512,19.67101213734256],[-156.02710287101763,19.670945280796985],[-156.0268710010171,19.670798122230345],[-156.02670601491675,19.670708918212622],[-156.026545475691,19.67074017212768],[-156.02634927123833,19.67096756205084],[-156.02642513937053,19.671422396195545],[-156.02659901901075,19.67150265638204],[-156.0262690470542,19.671694363356664],[-156.02621105695658,19.671511541684428],[-156.02605950227456,19.67144020708344],[-156.02590341007738,19.67148925361598],[-156.02593907532494,19.671712271365568],[-156.0259123037012,19.671859348836428],[-156.0259524157617,19.672033276506312],[-156.02594796894942,19.672242906667506],[-156.0259123037012,19.672492584332325],[-156.02605950227456,19.672751211919756],[-156.02617094487442,19.67309905014327],[-156.02629581869786,19.673371019174663],[-156.02630026551338,19.673518163766257],[-156.0263894740868,19.67381697600159],[-156.02642069255384,19.674160305986845],[-156.02650091676338,19.67462850731035],[-156.02659901901075,19.674980757223704],[-156.02663468431007,19.67537757793013],[-156.02660791264748,19.675520322472426],[-156.02663468431007,19.67582350832554],[-156.0268085640263,19.6761623915793],[-156.0269156507306,19.67630955982448],[-156.02702264670728,19.676492410405395],[-156.02725451678123,19.67677334976821],[-156.0274640620835,19.67696062969306],[-156.0276781450573,19.67701409774772],[-156.0280615707157,19.67703636635972],[-156.0283291974694,19.677223675461175],[-156.02864129274323,19.677482355215066],[-156.02917636554346,19.677905902617255],[-156.02938146484155,19.677946034773026],[-156.02966687971875,19.67774090530074],[-156.0297917544529,19.67796834829884],[-156.02996563531423,19.678137767837274],[-156.03020640051486,19.678253723663076],[-156.0304070533997,19.678802233827692],[-156.03058991894676,19.679172308130276],[-156.03072813449083,19.679350639685726],[-156.03087088768487,19.67945770916276],[-156.03118743147317,19.679511171734326],[-156.03153074740612,19.679738644489223],[-156.03185182924895,19.679894650245405],[-156.0322531364782,19.680055250661862],[-156.0324003369978,19.680193459027297],[-156.03246722158912,19.680376270036113],[-156.03247166846185,19.680581386409717],[-156.0325742188041,19.680906911930858],[-156.03273476004753,19.68120568140073],[-156.0331092959891,19.681580259041837],[-156.03326983741138,19.681843333192674],[-156.0334883698576,19.682258049871123],[-156.03359092041686,19.682369482871323],[-156.03377369642365,19.682467577605347],[-156.0339966759859,19.682601342221428],[-156.03427755596428,19.682949206664624],[-156.0344158633225,19.683091858620468],[-156.03454963307564,19.683154317559566],[-156.03467895597274,19.683252356661228],[-156.03472351565972,19.683426329694367],[-156.03447376365887,19.68382314171547],[-156.0340947797658,19.68435829073742],[-156.03397435079918,19.684500929469582],[-156.0338004684861,19.68476403132726],[-156.03370681165043,19.685009290756124],[-156.0336622520577,19.68539720602959],[-156.03370681165043,19.685816384996148],[-156.03369347099803,19.686039311018817],[-156.03359092041686,19.68635590051179],[-156.03348383222274,19.68646293671554],[-156.03336349416188,19.686641283626898],[-156.03330995008716,19.686779497220687],[-156.03334561588542,19.68700253364525],[-156.0335953673,19.687372622571537],[-156.03396101013934,19.68773822984649],[-156.034148323928,19.68788091270532],[-156.0344113256789,19.68795675320826],[-156.03467895597274,19.68791663420398],[-156.034955389454,19.688014681394527],[-156.03512482528754,19.688041460945453],[-156.0353076926307,19.68799244924595],[-156.0353388209248,19.688144048435316],[-156.03533437402552,19.688415998603723],[-156.0353433585772,19.688616662460905],[-156.0358605604752,19.68912501422762],[-156.03607020028693,19.689294474417398],[-156.03635552838531,19.689704688480592],[-156.03644918573696,19.689811728656533],[-156.03679250542893,19.690101607586797],[-156.03689060977928,19.690293335677463],[-156.03708237162448,19.690480590347452],[-156.0372028013695,19.690667902119753],[-156.0373231403912,19.690993404706514],[-156.03744801711522,19.691122696852595],[-156.03775567139186,19.6911583406946],[-156.03788944207378,19.691220804932072],[-156.03810352969433,19.691252010272443],[-156.03825953510386,19.691198529323845],[-156.0384111843899,19.691046942960416],[-156.0385048421416,19.69088191022108],[-156.03881694402503,19.690832841859567],[-156.03915581847124,19.690699065502052],[-156.03932979347374,19.69084624367782],[-156.0393654597183,19.691015656079205],[-156.03948135234296,19.69124312773628],[-156.0396418958918,19.691372433387617],[-156.03966422134147,19.691555264947063],[-156.0398737720559,19.691599853124696],[-156.03997187703408,19.691697916818438],[-156.04015020852108,19.691974396341283],[-156.04036874409235,19.692152762449492],[-156.04064073389316,19.69217954908355],[-156.0408369441818,19.692179502096923],[-156.0410063820855,19.692103687167332],[-156.04122936499869,19.692050210270686],[-156.04143002248247,19.692072463760553],[-156.04163957396472,19.692157254582227],[-156.0418446785786,19.692059096937363],[-156.04216132034188,19.6921438544735],[-156.04261164355165,19.69206360460743],[-156.04281674857899,19.692103737948365],[-156.04324039056635,19.692121553176868],[-156.0433786097443,19.692063603168265],[-156.04355249551617,19.692157219164404],[-156.04369969949101,19.692103680250224],[-156.04388692631304,19.692063602707595],[-156.04389591102418,19.692264277651542],[-156.04403857736946,19.692433647226245],[-156.04414113017552,19.6926299173018],[-156.0441679028143,19.692794850455932],[-156.04435512981797,19.69288405737789],[-156.04452910669647,19.692879596697047],[-156.0447074398686,19.69293754476037],[-156.04470299288283,19.69311592769656],[-156.04487687913186,19.693160499011064],[-156.0451087578129,19.693124844697248],[-156.04522918956323,19.693209565816034],[-156.0451667501893,19.693365664730006],[-156.04518453814964,19.69350833748524],[-156.04517119717934,19.693709012498495],[-156.04508643211116,19.693958694517963],[-156.04502399275574,19.694199453534182],[-156.04504631845458,19.694382291386212],[-156.04501954576708,19.694542822960692],[-156.04510431082346,19.69469442784147],[-156.04507753813274,19.694846034503986],[-156.04504631845458,19.69516710022844],[-156.04508643211116,19.695345476220147],[-156.04528264420804,19.69551049780659],[-156.04532720487578,19.695760136716874],[-156.04560373522128,19.695956371753663],[-156.04571962934492,19.696041050487906],[-156.04588906896336,19.696210543702097],[-156.04610316013554,19.696540524038923],[-156.04615661487713,19.696696557041378],[-156.0463617214107,19.697053322309696],[-156.04653125200954,19.697704363996284],[-156.04668726014523,19.698003123530214],[-156.04682103330464,19.698190371444685],[-156.04712424655273,19.698484639085898],[-156.04720002720563,19.69869873281463],[-156.04729368666375,19.69888602154223],[-156.04748989965714,19.699042037150367],[-156.04767277169077,19.699349771748174],[-156.04794921262334,19.699563764825424],[-156.04857796658712,19.699822411246615],[-156.0486805203568,19.69992051205185],[-156.04860464871626,19.700049816129354],[-156.0487919681949,19.700089994474617],[-156.0489837347712,19.70028618579827],[-156.04908628862697,19.700486801123695],[-156.04888562796145,19.700562641577015],[-156.0488499610133,19.700705349223096],[-156.04889007498568,19.700919348018697],[-156.0486626415122,19.701053125642613],[-156.04864040640183,19.70123597834508],[-156.0487117402698,19.70137864076843],[-156.0488588550612,19.70150793129784],[-156.04874296018474,19.701606091607164],[-156.04865819449006,19.701726406280997],[-156.04858686063,19.701940503394443],[-156.04858241360856,19.702190211953674],[-156.0485110797597,19.702756479099605],[-156.04858241360856,19.70290815300658],[-156.04868496737916,19.703068649121857],[-156.04858241360856,19.70326933408774],[-156.0486225275587,19.703563578184124],[-156.0484129730458,19.703942644532937],[-156.04836387431857,19.704094253689185],[-156.0482880934832,19.704468805877127],[-156.04833265442807,19.70473630644932],[-156.04843520814572,19.70498155334447],[-156.04849320092134,19.705159994106573],[-156.04849320092134,19.705347258304307],[-156.04830143453958,19.7056281870924],[-156.04832820740893,19.705806561026883],[-156.04823908552413,19.70605181124539],[-156.04816766097042,19.70648877640021],[-156.04806510730953,19.706707225920916],[-156.04818109277898,19.70692572263425],[-156.04827475242718,19.70704170101499],[-156.04823454775038,19.707188869217276],[-156.0483148663518,19.70731818221462],[-156.04840852602592,19.707550022153995],[-156.048368321338,19.707938008676727],[-156.04850663273893,19.70800936711438],[-156.04852886784315,19.708209968912765],[-156.04834163922192,19.70826797412271],[-156.0484530869819,19.70843738008052],[-156.04847087506323,19.70866030622552],[-156.04850663273893,19.70881198255656],[-156.0485689817889,19.70899478081568],[-156.0485467466828,19.70913751347406],[-156.04872063431512,19.709199864496057],[-156.04886774910926,19.709284621206233],[-156.04894806781587,19.709396084796207],[-156.04884097621002,19.709694820650874],[-156.04881429406782,19.709842026846857],[-156.04888562796145,19.710020397916324],[-156.0491085237578,19.710167526466467],[-156.04907739457488,19.710421722771795],[-156.0489837347712,19.710568833547132],[-156.04914428148066,19.710729355762204],[-156.04931372229962,19.711081630355135],[-156.0492825023478,19.71131354307442],[-156.0491754106679,19.711478480866788],[-156.04919328953144,19.711634607976553],[-156.04927805531995,19.711768376985066],[-156.04938505626689,19.711937754510362],[-156.04960350526258,19.712120641138437],[-156.04931372229962,19.71219639701418],[-156.04922450947754,19.712419365325385],[-156.04909073565304,19.712486267705394],[-156.04908628862697,19.71262896043596],[-156.04906396274146,19.712860852806372],[-156.0490461746383,19.713101630891952],[-156.04920663061282,19.71329784611675],[-156.04923785055973,19.713453900772883],[-156.0493091845158,19.713801692496116],[-156.0493091845158,19.71401573834978],[-156.0494652843037,19.71433230450178],[-156.04948316317797,19.714729171627507],[-156.04953217126308,19.71499671492099],[-156.04954106532352,19.715233097917547],[-156.04961693711095,19.7154738287979],[-156.04969271815455,19.715598682869356],[-156.04997360727597,19.715937615555625],[-156.05016537432073,19.716058004704767],[-156.05058902275144,19.71590193189031],[-156.05070047102916,19.716156098444543],[-156.0508565712659,19.716553001158893],[-156.05102601268447,19.7167402875361],[-156.05108391501466,19.716865085937282],[-156.05096357256187,19.717047963220015],[-156.05106612683724,19.717159423791895],[-156.0512890236381,19.717324413816588],[-156.05129356144047,19.71748044846153],[-156.05155657253945,19.71771230338193],[-156.05176621916996,19.71773465117597],[-156.05197132808246,19.717948647514326],[-156.05230131764787,19.718051217089556],[-156.0524216604331,19.71818499461045],[-156.05258220828293,19.71822515341086],[-156.05271598307237,19.718412426146923],[-156.05286754614167,19.718510483706048],[-156.05293443357115,19.718345480502443],[-156.0531173076623,19.718421346716575],[-156.05326887085715,19.718461427858493],[-156.05338485757363,19.718653162533858],[-156.05358107303667,19.71875131282865],[-156.05364796056466,19.718925240886584],[-156.05395117809027,19.719237322027976],[-156.05409829447382,19.71946473236077],[-156.05444162671347,19.719812566600076],[-156.0546289484503,19.71990172705725],[-156.05490094627552,19.719964151884515],[-156.05507038910864,19.720142516333436],[-156.0552888406686,19.720088999633187],[-156.05549848891383,19.720298623440694],[-156.05581504886015,19.720575099283742],[-156.05589981580744,19.720735569780892],[-156.05601571239643,19.720869402408375],[-156.05616736725435,19.720909496198736],[-156.0565284893361,19.72087831227406],[-156.0564081455313,19.72102991475934],[-156.05643482809177,19.72120829129954],[-156.0564482601296,19.721565022746827],[-156.0565686039443,19.72164966678148],[-156.05680493532344,19.721908367618937],[-156.05717504283737,19.721943995247116],[-156.0572910304881,19.72205106305196],[-156.0574292536793,19.722314118609486],[-156.05758535608305,19.722403296653876],[-156.05756747690984,19.722630732161882],[-156.05776814117075,19.72307219550813],[-156.057866249779,19.723344131418557],[-156.05819179624646,19.723629531534304],[-156.05825868441022,19.723776686795418],[-156.05846379606893,19.7241334278642],[-156.05860201959402,19.72429838209688],[-156.0587223639427,19.724383112724233],[-156.05880713139774,19.724499040553912],[-156.05888291387814,19.7246284083352],[-156.05902558463973,19.72477554256974],[-156.05928869068975,19.725279378348574],[-156.0594760142976,19.725368626706377],[-156.05957403249323,19.725529101206767],[-156.05988179160462,19.726046379350368],[-156.05992635361537,19.726175680216183],[-156.0599664685043,19.726420907914083],[-156.06000658339656,19.726550261818037],[-156.06010024532983,19.726675097231627],[-156.0603053577661,19.72675095829138],[-156.0610010162976,19.726889128425004],[-156.06118824980754,19.727071965684754],[-156.0613399062807,19.727080860547005],[-156.0615672549422,19.727259239646443],[-156.06166981145904,19.727446541026936],[-156.06166981145904,19.727651682103197],[-156.06151379850087,19.72805296474616],[-156.06142458343444,19.728209049706553],[-156.06128635910645,19.7283383276149],[-156.06132647410763,19.72854351647712],[-156.06121057625123,19.72868614534708],[-156.06099656916226,19.728793170131254],[-156.06090290705626,19.72900720208934],[-156.0607646828766,19.72927921864172],[-156.0606977943678,19.72948878076075],[-156.06072003003115,19.72966713333397],[-156.06080035070121,19.729912425762148],[-156.0604792496162,19.729970418912878],[-156.06036335196183,19.730064077397394],[-156.0602161429215,19.730376142002296],[-156.06005568330315,19.730630311943976],[-156.05992190648988,19.730723997486407],[-156.05968112647037,19.731000414991914],[-156.0594045880878,19.731013852016297],[-156.0591638083247,19.731152034080825],[-156.05886957253043,19.73134379823308],[-156.05881157851303,19.731174343283016],[-156.0586778020424,19.731080740333663],[-156.05839246076545,19.731334883149966],[-156.05810258178997,19.731424052304195],[-156.0580000260261,19.731517719133326],[-156.0580000260261,19.731696078485676],[-156.0578171500938,19.73182091835374],[-156.05757192401379,19.731954727469077],[-156.05749614173803,19.731812007422587],[-156.05722858955843,19.731887831423514],[-156.05699670507167,19.73182535499549],[-156.0568584820037,19.731856602989435],[-156.05670691768677,19.731954659000074],[-156.0565998243657,19.73211518415813],[-156.05616736725435,19.732681554485133],[-156.05592205125112,19.732971345034],[-156.05571249357968,19.73314078661078],[-156.05532459884773,19.733622390354416],[-156.05515506516903,19.733698183525995],[-156.05484739981136,19.73388548563421],[-156.0546869419678,19.734104020191793],[-156.05438372398194,19.7343403202025],[-156.05428561607798,19.734545465626606],[-156.0541250676638,19.73464352271875],[-156.05398684541424,19.734875395314102],[-156.05382629709896,19.734933410717034],[-156.0535409586756,19.735102860231745],[-156.053313523017,19.735303520465674],[-156.05308608746518,19.735669103993196],[-156.05299687394785,19.73590100615204],[-156.0529612066968,19.736115048289516],[-156.05298353276206,19.736333536589548],[-156.05314408079806,19.73653421686977],[-156.0530949815909,19.73667240225377],[-156.05321541532973,19.736783937658227],[-156.05321096826577,19.737082639741],[-156.05332686421193,19.73731901388779],[-156.05341163072418,19.737573182200578],[-156.05348296529525,19.7377069464705],[-156.05367464297325,19.737831770799545],[-156.05375051540847,19.738005707069526],[-156.05396896637365,19.73823309672876],[-156.05409829447382,19.738518466324734],[-156.054218728462,19.73859871824443],[-156.0543257305007,19.738946567241584],[-156.05444162671347,19.739196291362923],[-156.05417852329154,19.73955743703099],[-156.05429451022573,19.739753700938085],[-156.0542142813888,19.739874060745603],[-156.0542677370264,19.74001227383664],[-156.0543122985217,19.74024861262579],[-156.05449072605705,19.740426998345455],[-156.05434796587218,19.74049389763575],[-156.05434796587218,19.740886237382583],[-156.05429451022573,19.74121177541841],[-156.05427218410009,19.741604194034956],[-156.05410274154593,19.74190298410711],[-156.05409829447382,19.742059037320445],[-156.05394673101955,19.742411274701688],[-156.05389318466084,19.74255843993588],[-156.05387085855367,19.742701086870706],[-156.0538887375906,19.742870579292376],[-156.05394673101955,19.74303111350497],[-156.0540805061857,19.74349488288688],[-156.05417407621874,19.743677699071007],[-156.0546021752325,19.744444620213265],[-156.0547315035016,19.74475235784734],[-156.054825164417,19.744894976143744],[-156.05477161796122,19.745113470207322],[-156.0548296114958,19.74551034864663],[-156.05493661366933,19.746206005992494],[-156.0549811752261,19.746393296493725],[-156.05494106074914,19.746571605247368],[-156.05488306720125,19.74675886626529],[-156.0548161795028,19.746955073066225],[-156.05471807151136,19.747249399550096],[-156.05467795705619,19.747458993832794],[-156.05457540201618,19.747623978526875],[-156.05443273256301,19.74778448807796],[-156.05408940032967,19.74802080196815],[-156.05381740295982,19.748136775571297],[-156.05374153051417,19.748261659267854],[-156.05358552010406,19.748315118925508],[-156.0534472980084,19.748350772038087],[-156.0532734086781,19.748386488353866],[-156.0527383091263,19.748654031735818],[-156.05266697466487,19.748783380612142],[-156.05254209400456,19.748975048453858],[-156.05223887736082,19.749256041328707],[-156.05173055200953,19.74956816584692],[-156.05150311720104,19.749755461937664],[-156.05129800848687,19.749965039237523],[-156.0511285669731,19.750103226343757],[-156.0508297982566,19.750196874455845],[-156.05074058515495,19.75032616055299],[-156.0507049180701,19.750509003413445],[-156.05059346979132,19.75065614666781],[-156.05051768860665,19.750839018476224],[-156.05037937663076,19.75151676552337],[-156.05023226137692,19.751877950730684],[-156.05016982135675,19.75215443717502],[-156.04956783826154,19.753447551946522],[-156.04942961731282,19.753634862014565],[-156.0493270633843,19.753866742911118],[-156.0493270633843,19.75441516991204],[-156.0493716244249,19.754580188116446],[-156.04940729141148,19.754740719174368],[-156.0494474961858,19.75488335838591],[-156.04946973133326,19.75539616230903],[-156.04961249008005,19.75562360032507],[-156.0495767323226,19.755793082765393],[-156.04962138414194,19.75594468248745],[-156.04950984535705,19.756105156885155],[-156.04948316317797,19.75627906729477],[-156.0492557294256,19.756546605486953],[-156.04919328953144,19.75668043661599],[-156.04915317553395,19.756890025190625],[-156.04920218358566,19.757344808625213],[-156.04933595744095,19.75753212763016],[-156.04929584343162,19.757839738884122],[-156.0494474961858,19.757969054385427],[-156.04937607145365,19.758116238536104],[-156.04935383631047,19.758254476311436],[-156.0493939503246,19.758388263050524],[-156.0492869493757,19.758553203398343],[-156.04922450947754,19.758909944132892],[-156.04916206958742,19.759132956012717],[-156.0491085237578,19.759395991737957],[-156.04918439547743,19.759654619124856],[-156.04930473748772,19.759877619328673],[-156.0493895032957,19.760154082424425],[-156.0494652843037,19.76031901088613],[-156.04962583117296,19.760412689427316],[-156.04960795229343,19.76059107584736],[-156.04979527216062,19.760863075918742],[-156.05002270616663,19.761072648194844],[-156.05025458731635,19.761197493093775],[-156.0504953626551,19.76124206443345],[-156.0504953626551,19.761402575075437],[-156.0505800379158,19.761536370788964],[-156.05053992380334,19.761714761653774],[-156.05067814506918,19.761835126447902],[-156.05064247798893,19.761973338131142],[-156.05045969558833,19.761893094024234],[-156.05031702734746,19.762111570522208],[-156.05019659432952,19.76219189231639],[-156.05001825913197,19.76243261709636],[-156.04992904617993,19.762597606361414],[-156.04981759807984,19.762695775514658],[-156.04981759807984,19.762976669039624],[-156.04969271815455,19.763101504764418],[-156.04948316317797,19.763632140800752],[-156.04961693711095,19.763756980328353],[-156.04975515811316,19.764046870250475],[-156.04978637809552,19.764202952620753],[-156.0495857171396,19.76415835013831],[-156.04943406434208,19.764189538243556],[-156.04926462348095,19.764243036380943],[-156.04900152287206,19.764372391385457],[-156.0488989690343,19.764523930701888],[-156.04892574193676,19.764666631700475],[-156.04874296018474,19.764849507524342],[-156.04875185423066,19.76498772575835],[-156.0486805203568,19.76515719556528],[-156.04860464871626,19.765473781778397],[-156.0486894144016,19.765817073203763],[-156.04881874109142,19.765924113233247],[-156.0491175085661,19.765946456115763],[-156.0489837347712,19.766138130284933],[-156.04902384875467,19.766294195385203],[-156.04909962970532,19.76650826823941],[-156.0491888425044,19.76661082803645],[-156.04916651661418,19.766798109048075],[-156.04941627622532,19.76695864805656],[-156.04937607145365,19.767096897634627],[-156.049358283339,19.76734654278897],[-156.04922450947754,19.767435771734675],[-156.04902384875467,19.76766321813809],[-156.04884097621002,19.767805866620062],[-156.0488008622417,19.767984256378643],[-156.0489837347712,19.768180400094057],[-156.04908628862697,19.768358812058995],[-156.04909073565304,19.768786906124227],[-156.04916651661418,19.76899196950434],[-156.0493270633843,19.76916591420058],[-156.04946973133326,19.76926396133485],[-156.04945639024464,19.76955385449082],[-156.049358283339,19.769674225616416],[-156.0492200624502,19.769843675934204],[-156.04912195559248,19.770017607527308],[-156.04909962970532,19.77018252994346],[-156.04923785055973,19.77033419053752],[-156.0491888425044,19.77048581847194],[-156.04920663061282,19.770699856973444],[-156.04942517028363,19.77074886637792],[-156.04941627622532,19.77094952552745],[-156.0494519432152,19.771208176324574],[-156.04961693711095,19.771350871007954],[-156.04973283219684,19.771502436655915],[-156.04980861325856,19.771970633434783],[-156.04992459914615,19.77231401333497],[-156.05012526024262,19.77247008438647],[-156.05002715320134,19.772586034677182],[-156.04994683431556,19.7727242243325],[-156.04973727922885,19.77272868454102],[-156.04966594520968,19.77288030188329],[-156.0492825023478,19.77309439659471],[-156.0491754106679,19.77319249650782],[-156.04901050767836,19.773232600490708],[-156.0489703029404,19.77340205174796],[-156.048778627125,19.773509103941635],[-156.0480740920984,19.773669623078327],[-156.04769055974342,19.773785502325087],[-156.04735167930247,19.774017367221447],[-156.04718668617966,19.774204704791565],[-156.04712869356078,19.774463286631217],[-156.0470395718971,19.774597081376818],[-156.0469548065011,19.77473081196469],[-156.04693701847555,19.774864663603733],[-156.04680769228912,19.774935980104214],[-156.04661147957273,19.775511169116683],[-156.04661592657607,19.77585008141323],[-156.04671847992947,19.776175580232714],[-156.04684335908655,19.776447615909692],[-156.04692358670158,19.77679537807068],[-156.0468834728924,19.777116511459592],[-156.04701724610612,19.777169950871162],[-156.0470573599264,19.777343874964284],[-156.04658470679848,19.777303712639505],[-156.04633503940542,19.777401873324756],[-156.04603182665264,19.777714013826287],[-156.04573750808063,19.777923605010816],[-156.04568396263045,19.77807518243684],[-156.04563940192983,19.778440828914647],[-156.04564384892421,19.77888669349894],[-156.04561707620357,19.77906509810269],[-156.04510431082346,19.779203313475996],[-156.0446272126217,19.779332629514542],[-156.04429722829383,19.779493214281782],[-156.04418569073786,19.779720581616075],[-156.0440965696173,19.77995690144521],[-156.0435926998032,19.780144230480857],[-156.04338305671786,19.78022449414178],[-156.04324483753865,19.78038049606319],[-156.04315562583733,19.78052770397502],[-156.04287918764885,19.78071940823504],[-156.0427320746788,19.78104494829804],[-156.04261164355165,19.78119657937548],[-156.042174661229,19.78144182255346],[-156.0420052229147,19.781504221957622],[-156.04152812777747,19.781566697138125],[-156.04136758360022,19.781638005464917],[-156.04106882092097,19.781615704682817],[-156.04088150443886,19.78162906856434],[-156.04066750633763,19.781704883252576],[-156.04056050732265,19.781852035252165],[-156.0402661920885,19.782199838493767],[-156.0400610881463,19.782240013470467],[-156.03987821899713,19.78218199677755],[-156.0398425527146,19.78196347597454],[-156.03970433455044,19.781664725033878],[-156.0393654597183,19.781539911848753],[-156.03916480309425,19.781513128667495],[-156.03901760050417,19.78145964965971],[-156.03884371636818,19.78133922855813],[-156.03858062144045,19.781200995617507],[-156.0383933059258,19.78117873541488],[-156.0381079766192,19.781245639978465],[-156.0377512244702,19.781517605285554],[-156.03751934932822,19.781950152496165],[-156.03735435956918,19.782155231943452],[-156.03716259761555,19.782369273477027],[-156.03694415425275,19.78252538381931],[-156.03676128628743,19.782788460763932],[-156.0366766134516,19.78304707403818],[-156.03676128628743,19.78339044394255],[-156.03695749499536,19.78358663105868],[-156.0369753734061,19.783898783175964],[-156.03702882713566,19.78411276433166],[-156.03721169520264,19.784304513575286],[-156.03714036303523,19.784612199423467],[-156.03730090580348,19.784839640604407],[-156.037635332262,19.785026915980076],[-156.03763977918257,19.78524985888423],[-156.0376575668652,19.78539698697543],[-156.0379117674422,19.785691332076716],[-156.0380232127929,19.785820603431283],[-156.03810352969433,19.78599010120833],[-156.03829075434257,19.786168442132904],[-156.03852707678493,19.786333414939918],[-156.03878572475222,19.786788220608404],[-156.03886159484898,19.78701566573999],[-156.03882583788803,19.78715836103609],[-156.0387188392821,19.78737683673351],[-156.03852262985617,19.787622129975315],[-156.0382818604895,19.787965428141096],[-156.0381213173941,19.78810371885581],[-156.0379340928117,19.788130432149764],[-156.03770666450276,19.788210708851405],[-156.03741235101268,19.788402491982275],[-156.0372028013695,19.788335586972316],[-156.03667216653994,19.788442559551513],[-156.036493745588,19.78835336640045],[-156.03635552838531,19.788505016206503],[-156.0361103131964,19.78845150809393],[-156.03562868624437,19.788732467884685],[-156.03523182309428,19.78917836782838],[-156.03476807535083,19.789606377400595],[-156.03429988116508,19.790195025508464],[-156.03418398978846,19.79028862192391],[-156.0340278949479,19.79034659979634],[-156.03379602160106,19.790551716631075],[-156.0333679410429,19.79068101274245],[-156.03319850582878,19.79069892867808],[-156.03294875462052,19.790524986028412],[-156.03273920692274,19.790475925972288],[-156.03222191763152,19.790475945592494],[-156.0319543794588,19.790431338446155],[-156.03153973188665,19.790315397999393],[-156.0306344782544,19.79034216049238],[-156.03010385067847,19.79044918360005],[-156.02969809839922,19.790632040209022],[-156.02963566104026,19.790788034305752],[-156.02941268350347,19.79085939934791],[-156.02912291268768,19.79090404512821],[-156.02894004769985,19.79130532552776],[-156.0287438422669,19.79129640453324],[-156.02858774919534,19.791327595146715],[-156.0279144622789,19.792219453795127],[-156.02780746610307,19.792518242841606],[-156.02762015478916,19.792464672817694],[-156.0271742924455,19.79253607917477],[-156.02701819988508,19.792598465791222],[-156.02686655419626,19.792799114905836],[-156.02664811551765,19.792674314899873],[-156.02643403300405,19.792692099998575],[-156.02621550377134,19.7928615088034],[-156.02613972642365,19.792995290595606],[-156.02606394908793,19.79328073132029],[-156.02606839590132,19.794413365225804],[-156.0259524157617,19.795028647765093],[-156.02594796894942,19.7952070508107],[-156.02586774483248,19.795376501547274],[-156.02577408954556,19.795545919174938],[-156.02497148626802,19.795835817776776],[-156.02465040903334,19.79588484981469],[-156.02432488521677,19.79596955019888],[-156.02406179824607,19.79606318280729],[-156.02386114801828,19.796072151850403],[-156.02348208176147,19.795960624435786],[-156.02341075163517,19.796094437417036],[-156.02294701532261,19.79607657639438],[-156.02279537092346,19.79619696591373],[-156.02267948232767,19.796468979300904],[-156.02244316768997,19.79639315210602],[-156.02238517805594,19.79599184945872],[-156.0222379806127,19.795862515663927],[-156.02205076222847,19.795875936054795],[-156.0217207934079,19.795942827055566],[-156.02168957524745,19.796121172083602],[-156.02147104818135,19.79618362459862],[-156.0213194042503,19.796442236088488],[-156.02112329269082,19.79664736433735],[-156.02097609563614,19.796763280050047],[-156.02088688807203,19.796901526466353],[-156.0207397818404,19.797534733654857],[-156.020512361685,19.797846868359322],[-156.02041870744654,19.79808759936055],[-156.02045437228517,19.79831061785381],[-156.01947336331762,19.798859017777374],[-156.0193083797687,19.798966032193047],[-156.01923260351532,19.799086457900255],[-156.01903195531446,19.79915339213335],[-156.01891597688135,19.799260382271996],[-156.01873320654386,19.79931837417629],[-156.01871977555857,19.79954131712356],[-156.01862167492743,19.799652796434117],[-156.01858601022562,19.799889078810182],[-156.01838091555456,19.799973827430428],[-156.0183898090385,19.8001432347524],[-156.01795729551293,19.800268166087516],[-156.01761843605016,19.800522325121943],[-156.01744002219297,19.800803227226833],[-156.01731070395059,19.80112424313878],[-156.0172616991521,19.80140521676743],[-156.0172616991521,19.801690588791963],[-156.01703428065315,19.80167270822716],[-156.0168692979472,19.801784221753653],[-156.01674442658617,19.801721801079022],[-156.01631636127456,19.801552376827292],[-156.01608004978522,19.80140963303855],[-156.0158927430658,19.801396248798834],[-156.01567421865278,19.801534510895422],[-156.01547801866298,19.801583535253968],[-156.0153487009525,19.801726285718498],[-156.01497417891096,19.80187336664647],[-156.01491174347447,19.80214988111961],[-156.01464421498153,19.802395099909543],[-156.01464866168862,19.802667157818988],[-156.01445246212086,19.80276522831508],[-156.01382819955617,19.802983738296756],[-156.01391286835153,19.803175450699616],[-156.01384153965478,19.803335942931884],[-156.0135962452486,19.803661496504287],[-156.01374788672564,19.803888890347114],[-156.01378355106567,19.804120746939912],[-156.01374344002696,19.804325874926086],[-156.0136497871171,19.804432961439865],[-156.01368545144976,19.80457564606499],[-156.01384153965478,19.804620226750153],[-156.01374344002696,19.804843142162934],[-156.0139217617521,19.805034878604946],[-156.01398419705893,19.80520881814127],[-156.01372556248361,19.805467448390893],[-156.0137077756899,19.805663672122684],[-156.01355613422564,19.805886558237525],[-156.01356058092261,19.80604708736804],[-156.01335104171758,19.80632356046093],[-156.013208384503,19.806475208894277],[-156.01319050697975,19.80664013685525],[-156.01296309042283,19.806876499372944],[-156.01275799817012,19.806992427795375],[-156.01240571159528,19.80705491722729],[-156.01214263119326,19.80712623513303],[-156.0119241085,19.807139608471395],[-156.01178589839324,19.807251081540393],[-156.01160748671919,19.807202054363326],[-156.01145148999487,19.807184174062872],[-156.01121064349476,19.807433926720126],[-156.01105010947856,19.80740265114755],[-156.01087623550058,19.80747404039464],[-156.01067114414684,19.807621161058254],[-156.00988635291577,19.80777282518308],[-156.00975703672358,19.807875355732882],[-156.00956083917146,19.807955645834],[-156.00937353501587,19.808000219935167],[-156.00915056693844,19.808120573583793],[-156.0089811403089,19.80834797982674],[-156.00883839365608,19.80861997378587],[-156.00847277003453,19.809034687804626],[-156.0083969955043,19.80956091388838],[-156.0082007985133,19.809614423239047],[-156.00788862585458,19.809734779714884],[-156.00766565847354,19.80972141536937],[-156.00743824455733,19.80979276460455],[-156.00708596192197,19.810131669052208],[-156.00689874948918,19.810421488679264],[-156.00678722064401,19.81073360919802],[-156.00674266356185,19.811001171100006],[-156.00674266356185,19.811206287738088],[-156.0069745237805,19.811777020324875],[-156.00704140481182,19.811982194094774],[-156.00702352752032,19.81222294160624],[-156.0070637287402,19.8124280694306],[-156.00705029808398,19.812601954096632],[-156.00687197893404,19.812651025025446],[-156.0068452083804,19.812936413165584],[-156.00669801573625,19.813244066849528],[-156.00658213105402,19.81338683347471],[-156.00652414334974,19.81364092890671],[-156.00623429568194,19.81380592561144],[-156.00579734657342,19.814287510655404],[-156.00561893714647,19.81451941081719],[-156.00533353665116,19.81447923823724],[-156.00516855800112,19.81455059956119],[-156.0047583803078,19.814635351002856],[-156.0042232441465,19.81461752752194],[-156.0035811178483,19.814528325767427],[-156.0033269355331,19.814363375359548],[-156.00302819662053,19.814256277299314],[-156.00279189173307,19.814247381165778],[-156.00262691396668,19.814332169180283],[-156.0025600335574,19.814461484906207],[-156.0022879746762,19.814541695353675],[-156.0021007641358,19.81447482515323],[-156.00192680268682,19.814457012602404],[-156.00175737863484,19.814541677735928],[-156.00157007755735,19.8147066823266],[-156.00141399338258,19.814898389305906],[-156.00124456951391,19.815058960844247],[-156.0012846794977,19.81546025964335],[-156.00129810999076,19.815678754344642],[-156.00118658246188,19.81591512311794],[-156.00140065363286,19.816138050566067],[-156.0015120904655,19.816347595609436],[-156.00148985754484,19.81657955799594],[-156.0013471131444,19.816735586615465],[-156.00136499022207,19.817087828765576],[-156.00141399338258,19.81734197683049],[-156.00139620704968,19.81749364754823],[-156.0015120904655,19.817596210975324],[-156.00145864071106,19.817729982248956],[-156.00169049834818,19.81797073899014],[-156.00169049834818,19.81829179810285],[-156.00134266656173,19.81831856957759],[-156.00118213588073,19.818336405764615],[-156.00130700315532,19.818532559652105],[-156.00137388338786,19.81892941862083],[-156.00136943680494,19.81917470306039],[-156.00132034290243,19.81933076869064],[-156.0012044595335,19.819451168469694],[-156.00096815555497,19.819339662897853],[-156.00057123047372,19.819076567230724],[-156.00052222740032,19.81887146551981],[-156.00013428658147,19.818670848602085],[-155.9998889992522,19.818488024890954],[-155.99962592578348,19.81842558950289],[-155.9994609491191,19.81845681742236],[-155.99922464601013,19.818577198702215],[-155.99889460227232,19.81869310661578],[-155.99863152935595,19.818835780107616],[-155.99823914353226,19.81917913789939],[-155.99799839448178,19.81962512245939],[-155.9978556511335,19.819972908039887],[-155.99757923915237,19.82054362353203],[-155.99740972590962,19.82073536644891],[-155.99724919656168,19.820976156169042],[-155.99711988381398,19.821127792252515],[-155.99706189726703,19.821453273806995],[-155.9969103518648,19.82197057547818],[-155.9970128945568,19.82214443601547],[-155.99715110036178,19.822224760059626],[-155.99747660559183,19.822367391184272],[-155.99765945850257,19.822527924574604],[-155.9976237953735,19.822862359200204],[-155.99780211104576,19.823094246065946],[-155.99786908152936,19.823241379014764],[-155.99778432484848,19.82331723198327],[-155.99767733544107,19.823410837256198],[-155.99736516970867,19.823923684906827],[-155.99738749318152,19.82407527105273],[-155.9975881322471,19.824244708806074],[-155.99771299857417,19.82440967259388],[-155.99770855202564,19.824592562466187],[-155.99772189167143,19.824855587001643],[-155.99770855202564,19.825033983539544],[-155.99777987829924,19.825395179725952],[-155.99771744512276,19.82552444028534],[-155.99757923915237,19.825560142686005],[-155.99744538902257,19.825711727967647],[-155.99732506005682,19.825867784014804],[-155.9971466538185,19.82592132013088],[-155.99677205538444,19.826148778543356],[-155.9965491839762,19.826193360831915],[-155.9964153341378,19.826411841155174],[-155.99632168464626,19.826532244562365],[-155.9960408270284,19.826501009487625],[-155.99572866237585,19.826590194242996],[-155.99538528149603,19.826719483679685],[-155.9951757503153,19.826920152288857],[-155.99504199161098,19.827134222174745],[-155.99491267946672,19.827455261354668],[-155.99468527166937,19.827722834651723],[-155.99443109412908,19.82784320438094],[-155.99404315830384,19.828177640757513],[-155.99374887176043,19.8282980035034],[-155.9931958712708,19.828619092835968],[-155.99287481549104,19.82872612793071],[-155.992741057438,19.828815325143935],[-155.9926741784257,19.82907833491661],[-155.99249586468747,19.829073902747027],[-155.99227735104816,19.8291496932461],[-155.99209894671498,19.829194293314572],[-155.99195629589278,19.8294083669448],[-155.99146128335488,19.82961791860245],[-155.9911625519333,19.829885456667462],[-155.99082815808447,19.829938992304648],[-155.99050256668946,19.83002811836146],[-155.99025292862325,19.830188730096893],[-155.98997198386914,19.830318030648282],[-155.9889374988139,19.830563252118985],[-155.98877697234508,19.830750551931484],[-155.98866544777007,19.830995817380824],[-155.98851381431777,19.831129555704553],[-155.98784947706847,19.830946710944243],[-155.98755964084026,19.83093780559445],[-155.98739902409673,19.83097345048907],[-155.9872251588022,19.831093910794035],[-155.98704675637978,19.831107221652115],[-155.98667225670266,19.831080497423617],[-155.98646708508912,19.8312009251252],[-155.98638242119856,19.831343585806877],[-155.98626200430863,19.831481842982882],[-155.9860033848676,19.83186530619204],[-155.98611481806898,19.832230920592075],[-155.98623523492128,19.832409285159383],[-155.9863913140824,19.83253415621011],[-155.9864136370364,19.832922121412647],[-155.98646263864646,19.83332790535621],[-155.98654294685178,19.833515187994806],[-155.98665882662527,19.83365788909123],[-155.98640919059426,19.83403243006726],[-155.98637797475672,19.83429556952248],[-155.98653850040841,19.83450513953124],[-155.98685501468577,19.834518441434312],[-155.98673024197365,19.8350713874771],[-155.98670791900463,19.835218577770558],[-155.9863199895291,19.834977775019546],[-155.98610147875112,19.834884142988688],[-155.98588296807455,19.834901944960734],[-155.98566001106428,19.8350535830231],[-155.9855619172727,19.8351828572051],[-155.98548160923465,19.835352315135033],[-155.98531663751137,19.835463833358233],[-155.98504912573085,19.835588648452898],[-155.98469685977145,19.835793803142252],[-155.9843490404983,19.836030103150396],[-155.98397889864256,19.836217412371713],[-155.9838495895314,19.836351169034646],[-155.9838986816178,19.83655628302807],[-155.98367127913107,19.836516120467532],[-155.98330558422123,19.83666325952867],[-155.98314950608324,19.83681938691131],[-155.98300685796985,19.836908575462115],[-155.98278834872994,19.836979918717024],[-155.98253862400858,19.83712255475197],[-155.98238708327216,19.83723852663588],[-155.98215514437126,19.837546207410444],[-155.98197683461328,19.837675540173187],[-155.98207937405874,19.837795948461988],[-155.98176721864837,19.837947550608682],[-155.9810225836431,19.838687777019523],[-155.98100026094485,19.83892403998028],[-155.98092893720874,19.83906229948469],[-155.98092449081844,19.839227327525006],[-155.9810181372519,19.839329812513068],[-155.9811563383695,19.839508249280254],[-155.98098238463848,19.839579549748546],[-155.98108047747522,19.839775740282814],[-155.98087095265265,19.839887198706357],[-155.9808085217145,19.840101266221794],[-155.98096015268482,19.840230615764348],[-155.980732751619,19.840449092515932],[-155.9806613371809,19.840645307177027],[-155.9807861990264,19.840729964883128],[-155.98062122894976,19.840899439464973],[-155.98056769081853,19.841033258899795],[-155.98068810625108,19.841171428110943],[-155.98070598254628,19.841309713311922],[-155.98053647536855,19.841385469074392],[-155.98038493527753,19.841510359686065],[-155.97993004307023,19.842361998492695],[-155.98009955002917,19.84270987440504],[-155.9797695196735,19.842825770569377],[-155.97956888819039,19.842955063276406],[-155.97956888819039,19.84317801257396],[-155.97936825679292,19.84325384094839],[-155.97922551908474,19.843111133177207],[-155.97899367248652,19.84318251908269],[-155.97869041186428,19.84325385684691],[-155.97852988889125,19.843414353550706],[-155.9783961349127,19.843343046570297],[-155.9782356120403,19.84336975694053],[-155.97801710501898,19.843476782606924],[-155.97772282848945,19.84394505715726],[-155.9773259229722,19.844341861196547],[-155.97722783091965,19.844529173843686],[-155.9772501534386,19.84474764816175],[-155.97712084617896,19.84485470071104],[-155.9769246621801,19.84493498055862],[-155.97699598530804,19.845251545524466],[-155.97678637156596,19.84514453513003],[-155.9766437253847,19.845082074554533],[-155.9764608806292,19.84514453256949],[-155.9764608806292,19.845416522160985],[-155.9762379280883,19.84527828866996],[-155.97608185229853,19.845322881733306],[-155.97586779262252,19.845434358460267],[-155.97562705500275,19.84556813129172],[-155.97547987209364,19.84560829428556],[-155.97529258145488,19.845764292868285],[-155.97516772107065,19.84589806864489],[-155.97513650597975,19.846147849260376],[-155.97502952171607,19.846250340659754],[-155.97502507538164,19.84647775272034],[-155.97482889225935,19.84662049935808],[-155.9745345269885,19.84675870384633],[-155.9745524030493,19.846905826897856],[-155.97434279039942,19.84687913318651],[-155.97407083854276,19.846990607952293],[-155.9739192097983,19.847160008611024],[-155.97405296250034,19.847378534603003],[-155.97382111845835,19.847423131165634],[-155.97365170450882,19.84749446387969],[-155.97350007589995,19.847490047117507],[-155.97336178629592,19.8476371215621],[-155.9731968188295,19.84766386868146],[-155.97311206658938,19.8478065799775],[-155.97293820658157,19.847753099758187],[-155.97296052889632,19.847971571425596],[-155.97251462725026,19.84813655653662],[-155.97236744531867,19.848198982391512],[-155.97233623041433,19.848372943430505],[-155.9722069245101,19.84843085935575],[-155.97202852779137,19.848493260053555],[-155.9716182881889,19.848466554130763],[-155.9715425195779,19.848613686927116],[-155.97120804894587,19.848573543985438],[-155.9709895452003,19.8487652889249],[-155.9707844711797,19.84881436936988],[-155.97053030655587,19.84884107542446],[-155.97035635676616,19.848729612476014],[-155.9702002829358,19.84879204356745],[-155.97015128302303,19.848952590359378],[-155.97003087029628,19.84909081418469],[-155.96982570595532,19.849023947504467],[-155.96949132729077,19.849233525635103],[-155.96938879059755,19.84933604643496],[-155.96911230459966,19.849376229126655],[-155.96897855330914,19.849264709323588],[-155.96884924833265,19.84920226922198],[-155.96867974544216,19.849224623125764],[-155.96856831638058,19.84935392444216],[-155.9683141529609,19.84925576979311],[-155.9681402039953,19.849527795652296],[-155.96790836288204,19.849612580154975],[-155.9678102728018,19.849799790433405],[-155.96762298523123,19.849853351912756],[-155.96750701941843,19.84996925625239],[-155.96755157279068,19.850134283944822],[-155.96732417823063,19.85005396287058],[-155.9670655692285,19.850049514603818],[-155.96691838901125,19.850210013439167],[-155.9667177630314,19.850281391691073],[-155.96657058292365,19.85044639435776],[-155.96639227909446,19.850401790973894],[-155.96620943834282,19.850660390507034],[-155.96616479435875,19.85081203356501],[-155.9659462929698,19.850754054619447],[-155.96559848760597,19.850954734130898],[-155.96536220151125,19.85107066545303],[-155.9651926998856,19.851003770937748],[-155.96521057558948,19.85120001484297],[-155.96521057558948,19.85133821257701],[-155.96484943206025,19.851315923511898],[-155.96465316246542,19.851257964201373],[-155.9644926443052,19.851391739981942],[-155.9643321262002,19.85144519786386],[-155.9641671619191,19.85132038887852],[-155.96402887507494,19.85143633746979],[-155.96382380410853,19.851458630479605],[-155.96364985681518,19.851650325720207],[-155.96350276841375,19.851668213884665],[-155.96336003554293,19.851574533364936],[-155.96323517834398,19.851726135231218],[-155.96310142873628,19.851864401233982],[-155.96290525061573,19.85197142070553],[-155.96266442892838,19.85196694540123],[-155.9625395719156,19.8518688414441],[-155.96236117888702,19.852082847666328],[-155.96215610865366,19.852078450069843],[-155.96195539398158,19.852073992757482],[-155.9618484127337,19.852225588921993],[-155.9614961642182,19.852225549329166],[-155.961326663997,19.85227457769007],[-155.961054719713,19.852123050771784],[-155.9610235055644,19.852292494430063],[-155.96087632725252,19.852288013596052],[-155.96050175775096,19.852354908166642],[-155.96039033064145,19.852524311309885],[-155.96021638462875,19.85241734203584],[-155.96004697561156,19.85271608250223],[-155.95973928108384,19.852635780523492],[-155.95949846103198,19.85267591863696],[-155.95915066047598,19.852626871682414],[-155.95916399902632,19.852800791642377],[-155.95895003783664,19.852930085204747],[-155.9587270029098,19.852774049823374],[-155.95849516647377,19.852814190963624],[-155.958405970725,19.852943498584203],[-155.9583346504336,19.853090651334877],[-155.95800018926374,19.85303262300839],[-155.95787088732948,19.852956829998075],[-155.95761672973742,19.85297466591717],[-155.95737146461678,19.852970226540492],[-155.95721539512897,19.85306833065858],[-155.95700579025964,19.852912252780644],[-155.95687204243995,19.85274284812396],[-155.95660454691597,19.8527784989665],[-155.95641281768826,19.8526358470237],[-155.95625674852195,19.852555559107337],[-155.95624776547268,19.85273394442996],[-155.95617199935705,19.85287213180852],[-155.9558731996944,19.85260458609203],[-155.95569489995674,19.852582321185537],[-155.9553292269173,19.852399497175988],[-155.9550394108218,19.852225613856834],[-155.95487435909362,19.85236824270638],[-155.9544685807124,19.85235936567825],[-155.95425906781836,19.852256757163335],[-155.95396916165248,19.8522656675108],[-155.95382652244103,19.852301345045],[-155.95342963723184,19.852363761795605],[-155.95321558794217,19.852390535612294],[-155.95295698676992,19.85231917345787],[-155.9527250624726,19.852394985686253],[-155.95251110424468,19.852328116040216],[-155.95234160729606,19.852323674389133],[-155.9521722011464,19.852372701901356],[-155.95190461758966,19.85235045472134],[-155.95179763865235,19.852533224382864],[-155.9516905690027,19.85265360100716],[-155.9515433936432,19.8528186575876],[-155.95122681252556,19.852626846159843],[-155.95095033730362,19.852649136733017],[-155.95077648555818,19.85266701823288],[-155.95066497004174,19.852889932243833],[-155.9505624374913,19.852988092656606],[-155.95033949732482,19.852818636376725],[-155.95023696484628,19.85267594741953],[-155.95000948800353,19.85287213177535],[-155.9498757421975,19.85293014797093],[-155.94970180011796,19.85292566368629],[-155.94941643362387,19.852947957739037],[-155.949193494008,19.852916771435225],[-155.94916672674344,19.85305496561009],[-155.94908651569557,19.853224379106475],[-155.94882338000235,19.85319765978527],[-155.94858701168795,19.852894391258864],[-155.94847558743413,19.852787403029225],[-155.94832396701446,19.852769612282145],[-155.94803860136804,19.85278739940318],[-155.94780667952844,19.852747282121758],[-155.94775768197155,19.85297918780163],[-155.94752131420043,19.853014836821433],[-155.94729392942565,19.853197683843135],[-155.94732514265232,19.853362669091542],[-155.94716018440275,19.85355883480945],[-155.94682128521285,19.853563291577867],[-155.9466785574622,19.85365690551598],[-155.94659381004556,19.853915581325946],[-155.9464199599331,19.85394679821263],[-155.9463797639091,19.85379965388374],[-155.94637531784798,19.853656926989462],[-155.94624601915004,19.85354543444131],[-155.9460364192321,19.853509770813265],[-155.9458759074976,19.853514249598252],[-155.94580903518593,19.85332692933196],[-155.94574216288393,19.85316646401526],[-155.94545679882722,19.85342058354759],[-155.94533194643668,19.853344822980503],[-155.94547902908923,19.8529880438131],[-155.94553700924703,19.852742805582544],[-155.94539881867945,19.852595712657006],[-155.9450554747295,19.852479707013345],[-155.94456051184582,19.852207725068087],[-155.94432414570582,19.85219883812061],[-155.94427505778174,19.852341493223058],[-155.94412352947208,19.85230586534028],[-155.9438916095924,19.852247896805704],[-155.94366422659942,19.851913447940625],[-155.94353492865844,19.851797537231086],[-155.9434725027181,19.851503181410525],[-155.94333866806335,19.851293653955498],[-155.9430265385782,19.85096361000804],[-155.94291511566183,19.850749630529194],[-155.94270107122594,19.85074961926487],[-155.94258511162803,19.85066484488704],[-155.9425092570085,19.850357189121507],[-155.94232197962788,19.850259101802884],[-155.94137225582276,19.85000045993561],[-155.9409352764602,19.849996021929243],[-155.9407791217674,19.850022788916508],[-155.9405517403044,19.85013874102862],[-155.94022173795707,19.850392853241306],[-155.9399988027681,19.850259086245533],[-155.93958859141318,19.850147646575923],[-155.93943252790993,19.85018776649226],[-155.9392585897536,19.850004899728173],[-155.93914716774526,19.849786418953684],[-155.9388662537458,19.849608097632],[-155.93838018945448,19.849536742219204],[-155.93822857234227,19.84949659491248],[-155.93767563758647,19.84938510887625],[-155.93743038301588,19.84940740817931],[-155.93719846649407,19.849514463319057],[-155.93696664082287,19.849594677544008],[-155.93624421652305,19.849768589421824],[-155.93588754149138,19.84987560798062],[-155.9357225873217,19.849960342993796],[-155.93544612136208,19.850071831610546],[-155.93517854747492,19.850294803811146],[-155.93499571901802,19.850598014870894],[-155.93479057015094,19.85064701737944],[-155.9345631916371,19.850682736290995],[-155.93442491361725,19.850740681655722],[-155.9341796607746,19.850789740875584],[-155.93362673087105,19.851057319975567],[-155.9335108642851,19.8512044576762],[-155.93319420477442,19.851280208042915],[-155.9329177403308,19.85150768177485],[-155.9326323841952,19.851521018945174],[-155.93240047008607,19.851592370677892],[-155.9320927939188,19.851815303656686],[-155.93162905709363,19.851891140173915],[-155.93134814767274,19.852042769819608],[-155.9311385545149,19.852118577407953],[-155.93095128174807,19.852252293643684],[-155.93063916063923,19.85229248288123],[-155.9298186642105,19.85243068227467],[-155.92939957011552,19.85238609497456],[-155.9292122980562,19.852332606739292],[-155.92902048944651,19.85224787998845],[-155.92882432575715,19.85224784672642],[-155.92873068983502,19.852573366561014],[-155.92836059222466,19.8527026579885],[-155.92822676195345,19.85277847813078],[-155.92809302245354,19.85289000042682],[-155.92789232254427,19.853010321847364],[-155.92762484377786,19.853358192707727],[-155.92744201831977,19.85345625086553],[-155.92723242694112,19.853518708435896],[-155.92698717792976,19.85364354662009],[-155.92690688000218,19.853830842608232],[-155.92675526666534,19.853866478487113],[-155.9266304193351,19.854004759154126],[-155.92645204014164,19.85426778972335],[-155.9260285032495,19.85453984750915],[-155.92551124074944,19.854736069934425],[-155.92487802368788,19.85504370946883],[-155.92479328027574,19.855222124919596],[-155.92436520833218,19.855333520671085],[-155.9239817767012,19.85561001673375],[-155.92356259719648,19.855948961556084],[-155.92329947605785,19.856038096942434],[-155.92295614856448,19.856064883269593],[-155.92281787403346,19.85598455882453],[-155.92262171299205,19.855520816335954],[-155.92228283183448,19.8552042677579],[-155.92196173422963,19.85515069844904],[-155.921801230877,19.855155232339502],[-155.92154709312268,19.85516415853399],[-155.9213375044344,19.855190915080406],[-155.92115468147935,19.8553469108457],[-155.92110115020606,19.85551193184228],[-155.92106549293766,19.855708140041283],[-155.92100307004188,19.855886506737757],[-155.92053934440628,19.856368116908303],[-155.9204947048277,19.85646617419702],[-155.92042783619877,19.856626741043048],[-155.9205125788048,19.857121650368807],[-155.92050813299315,19.857514096228247],[-155.92057944744604,19.85764340905341],[-155.92057055582157,19.858102688667387],[-155.92058833907075,19.85833898635338],[-155.9207488419989,19.85847721031226],[-155.9208470128396,19.858637719521997],[-155.9208692419146,19.85891424984071],[-155.92094509297044,19.859168356382934],[-155.92123488767004,19.859244147634822],[-155.92140437319597,19.859542979087013],[-155.92181910490504,19.859837230198753],[-155.92182799655376,19.860024505993252],[-155.92184133402714,19.860314384541333],[-155.92222485460127,19.86026088823949],[-155.92208213446372,19.859810460704942],[-155.92182799655376,19.859462663710573],[-155.92181012252541,19.859319991135536],[-155.92160053371697,19.859097008020644],[-155.92142224720854,19.858735825231822],[-155.9213910357353,19.858450449238966],[-155.92130629296693,19.858276562225317],[-155.92117700130024,19.858102687899365],[-155.92111448765831,19.857928746046042],[-155.9212259960328,19.857728071638466],[-155.92152477328378,19.857772682691483],[-155.92166749324795,19.857464979372843],[-155.92195728840395,19.85751850347418],[-155.92205092294557,19.85773257706731],[-155.92210890015684,19.85798226226392],[-155.92211334598395,19.858218611947525],[-155.92214900333383,19.85840138125736],[-155.9222605119598,19.85858869199917],[-155.92232293502667,19.859074728589977],[-155.92242546130322,19.859493924491062],[-155.92252807833393,19.85967223436305],[-155.9225770732108,19.859921998857434],[-155.92271090183627,19.860140454376303],[-155.92273766756605,19.860287626432893],[-155.92274655923256,19.860653263193914],[-155.92280453653171,19.86120622330091],[-155.9227421133993,19.861469311721788],[-155.92264403288428,19.86177251481179],[-155.92262615882416,19.86199990203741],[-155.92283574810108,19.862619718900977],[-155.922978468473,19.862900628966887],[-155.9230542291462,19.86322619184804],[-155.923072103223,19.863538305896302],[-155.92313897223735,19.863805836958235],[-155.9232237153442,19.864011000108057],[-155.92335300758762,19.86420714453857],[-155.92357148887896,19.864403363841557],[-155.92371420947964,19.864684276881032],[-155.92396834843407,19.86499639615319],[-155.92402188004183,19.86527290181496],[-155.92407985750202,19.86579910533301],[-155.92397279427922,19.866022002368172],[-155.92404420000216,19.866218210443613],[-155.92391481683254,19.866784534674856],[-155.92389258761003,19.867484617460086],[-155.9239906683918,19.86767188991348],[-155.92394158263252,19.867841374247647],[-155.9239282450981,19.86821591177481],[-155.92375875864,19.868688559066296],[-155.9236562320656,19.86950013544787],[-155.92367401543441,19.86983008742911],[-155.92362057459866,19.86998169940417],[-155.92347340818674,19.870142273075878],[-155.92339755671293,19.870271564272027],[-155.92337977335487,19.870432092911823],[-155.92318805791083,19.87052129619989],[-155.92310776064735,19.87069515906837],[-155.9229204911519,19.870837851548494],[-155.922791108299,19.871038522876542],[-155.9227242393353,19.871274805917892],[-155.92266181621386,19.871903547212316],[-155.922340809075,19.872313841442743],[-155.92190829359328,19.872679482311597],[-155.92163174520445,19.8728934570905],[-155.92153811074837,19.873013916798246],[-155.9212616533137,19.87324132909495],[-155.92119478457292,19.873370625649056],[-155.92107883038886,19.873477613850877],[-155.91995068299542,19.874177739910476],[-155.91972775762454,19.874253551524156],[-155.9195404895091,19.87443192344535],[-155.91936211307112,19.874574601283474],[-155.91922383962367,19.874743997586776],[-155.91908565694854,19.87484211279352],[-155.91885374967669,19.875042825624107],[-155.9186620361247,19.87514977592531],[-155.91825628958165,19.87517209764564],[-155.91811357067954,19.87512748594053],[-155.91752491238483,19.874810878899623],[-155.91697200252403,19.87485108572052],[-155.9165930228492,19.874953619013116],[-155.916249609649,19.875096327557085],[-155.91604011411385,19.875243472772432],[-155.91579033459075,19.87539505699047],[-155.9153087404574,19.875707163385304],[-155.91511702838977,19.875867723974523],[-155.91498329271195,19.876295822490995],[-155.91487623161407,19.87661242489882],[-155.91496097319288,19.876835354771504],[-155.91498773846996,19.877205414167562],[-155.91517500472355,19.87743730541299],[-155.9152686378791,19.877633550940075],[-155.9152730836399,19.877941195052877],[-155.91534893376905,19.87820432262377],[-155.91534893376905,19.878373759722592],[-155.9152954031742,19.878556533883796],[-155.91509470886416,19.87859225708765],[-155.91478259853884,19.879220972891673],[-155.9146756282176,19.87935030672286],[-155.91439908419522,19.87941716230077],[-155.9142564572254,19.87945727495546],[-155.913917582256,19.87988094304145],[-155.91389526278897,19.88005483629393],[-155.9137436537548,19.880028064618415],[-155.9136009362599,19.880143958923718],[-155.9134627552822,19.880433846256697],[-155.9132576160351,19.88094214301819],[-155.91315055534125,19.881147256883086],[-155.91288299444554,19.881347948084052],[-155.91272694001103,19.881570868507257],[-155.9127091570672,19.881726970307742],[-155.91264219884624,19.881945464155912],[-155.91244604216317,19.88248503693838],[-155.91245048789648,19.882707961622394],[-155.91263775311103,19.88297555027521],[-155.9127671330957,19.88359531911871],[-155.91286521149564,19.88387624378082],[-155.9128340006057,19.884059062287218],[-155.91266451825211,19.88423748986031],[-155.9123033250734,19.88445146915503],[-155.91205363832043,19.884736878985787],[-155.9119109213532,19.884879534325627],[-155.91154972877015,19.884950925217243],[-155.91129559670688,19.885138232522333],[-155.91104146478497,19.885196125492257],[-155.91088532025046,19.88537900489318],[-155.91069361003792,19.88564652869507],[-155.91025665984952,19.8857045308585],[-155.91007384132124,19.885762507923463],[-155.9098687035958,19.88583377723],[-155.90938711570203,19.885856076557538],[-155.90904824434432,19.885717880696514],[-155.9087672580305,19.88570004102901],[-155.90849969970262,19.885539499820258],[-155.90769267070164,19.88594979011112],[-155.9074652148937,19.886306509289067],[-155.90723331351663,19.886681030276375],[-155.90715310978143,19.88687280884139],[-155.90697918385663,19.88715815956288],[-155.90659123038955,19.88747475248903],[-155.90635932945696,19.88761746899201],[-155.9062344876892,19.887831495641183],[-155.90604722510164,19.888005408080268],[-155.90591349207992,19.888085692606268],[-155.90580198743982,19.88835320340304],[-155.905744012296,19.88866983763326],[-155.90541848063938,19.889231656334108],[-155.90543635402696,19.88973995942895],[-155.90551655746017,19.889976351984494],[-155.9057172475607,19.89063181119733],[-155.90574845796402,19.890997488985533],[-155.9057885597063,19.891166881133735],[-155.90606954418507,19.8915860555195],[-155.90619883158013,19.891706434309274],[-155.90623893336203,19.891938281315287],[-155.9060918632696,19.892156858657863],[-155.90585996259102,19.892553719023308],[-155.90573512096,19.89266518280749],[-155.90552109385388,19.892928219831987],[-155.90540069798033,19.89302638373906],[-155.90510193126653,19.893004026222318],[-155.9047987190898,19.893088775375425],[-155.90465600439182,19.893213654251856],[-155.90451328973856,19.8935034616266],[-155.9045267174345,19.893855718981868],[-155.90463813103486,19.894141106004817],[-155.90490124143696,19.894404186351846],[-155.90555674990995,19.894649493706556],[-155.90567270015734,19.894810028255485],[-155.9057885597063,19.894988309131687],[-155.9059045100127,19.895104318691033],[-155.90615428412966,19.8953227510036],[-155.9064708342334,19.89546100821577],[-155.90678747528497,19.895590356110176],[-155.90691231720416,19.895875714260637],[-155.9071040258283,19.896018370047866],[-155.9069702924966,19.896192291352477],[-155.9068811067212,19.896317184840576],[-155.9068721246349,19.896522298316327],[-155.90718876596515,19.896981597862354],[-155.90707281533216,19.897151010969974],[-155.906858787598,19.89715097306928],[-155.906631332206,19.89721342260993],[-155.90628801722207,19.897235753697423],[-155.90616762114595,19.897039571757688],[-155.90599814126753,19.896994924302646],[-155.90592238341935,19.897124287110962],[-155.90607843552755,19.897213408125907],[-155.90596693084711,19.897329327924783],[-155.90556119557615,19.897458710957913],[-155.90536050554434,19.897530001396273],[-155.90512415957588,19.897659322644202],[-155.9048120560664,19.89798929598616],[-155.9045668190693,19.898430804464017],[-155.90476297236532,19.89863587620224],[-155.9047407440736,19.898827620829312],[-155.90470055169578,19.898979236582544],[-155.90468276906478,19.89933153525287],[-155.9044196587888,19.899469767809155],[-155.9042412882537,19.899465309778634],[-155.90368839447515,19.899273582415713],[-155.90357689037964,19.899380575905447],[-155.90364375654266,19.899549978967976],[-155.90330488945395,19.899657056104786],[-155.90300167847352,19.89950539959311],[-155.902769779368,19.89964809507687],[-155.9025690905661,19.899688193732057],[-155.902453231836,19.89981308580202],[-155.9023550649476,19.899915613685405],[-155.90210538364113,19.9000449701855],[-155.9018869126103,19.900174290358414],[-155.9017085430674,19.900218856656664],[-155.90150785473347,19.90037493818384],[-155.90132059408938,19.90034371144239],[-155.90104859451202,19.90037495735275],[-155.90107980459535,19.900914486174283],[-155.90107980459535,19.901231087418815],[-155.901307166488,19.901382682449807],[-155.90145432576242,19.901516507338222],[-155.90159259382932,19.901766149684203],[-155.90195822415617,19.90202922468149],[-155.90197609740798,19.902310234966034],[-155.90190024950164,19.902510869901764],[-155.901739753196,19.902640160366975],[-155.90165056844467,19.90277396726318],[-155.90169956108312,19.902921099584923],[-155.90174419882496,19.90307712531735],[-155.90143654325814,19.903019226367075],[-155.9013741230447,19.90321541007688],[-155.90130272086333,19.903474036189472],[-155.90107980459535,19.90390206859718],[-155.90109314146304,19.904129492213432],[-155.9012715107647,19.904214257030816],[-155.90145432576242,19.904370269742884],[-155.90149451785365,19.904526339424184],[-155.90146330774186,19.904722573659164],[-155.90154795610232,19.905056991922454],[-155.90154795610232,19.90524877325695],[-155.9014231156534,19.905382487107936],[-155.90122696379623,19.90544497978664],[-155.9011377791454,19.90576155946064],[-155.900995065595,19.905864077592835],[-155.9005535883603,19.90583731201583],[-155.900459958225,19.906042450739292],[-155.90046884945798,19.90650172023202],[-155.9002950168127,19.906729191953914],[-155.9002236148007,19.906920858942993],[-155.90032622684433,19.907054683824086],[-155.9001032203281,19.9074515135374],[-155.89997393466396,19.90754516063167],[-155.8997198090551,19.908026751984004],[-155.89953245842048,19.908343374295995],[-155.8994120641309,19.908499387914205],[-155.89921146753684,19.90878479678889],[-155.89918025758175,19.90892307856216],[-155.89920248560188,19.909096969685294],[-155.89905977265883,19.909168298255757],[-155.89905088145343,19.909306547717982],[-155.8987432277086,19.909400135664917],[-155.89855152260515,19.909511605009417],[-155.8984088098665,19.90945810985603],[-155.89825276038795,19.90927975135018],[-155.89798067191947,19.90925743287117],[-155.89779785831846,19.909168283881694],[-155.89756605259262,19.909270863563144],[-155.8973519386026,19.909275286700158],[-155.89713791543974,19.909395707133395],[-155.89693278354147,19.90938680115474],[-155.89666532289513,19.909351122803766],[-155.89633979773478,19.909511649357448],[-155.89620153126575,19.90965430544821],[-155.89597408120122,19.90962758581161],[-155.89574672197656,19.909837179970708],[-155.89556390927476,19.909908536338683],[-155.8951669836869,19.910015495027192],[-155.89494407042892,19.910113648654484],[-155.89483701403952,19.91027411335641],[-155.89487275998366,19.91047033092151],[-155.89496194340487,19.910599686024728],[-155.8950867820788,19.910711122593337],[-155.89526070345724,19.910760170708365],[-155.89515364699312,19.911005435609294],[-155.8948682236962,19.911125816326464],[-155.89471217543428,19.91110796282793],[-155.89458289130445,19.910996483654657],[-155.8942974683665,19.910898406572933],[-155.89414142030088,19.91087613429913],[-155.89393184420416,19.91094297264457],[-155.89373115930536,19.910929599045993],[-155.89349935565613,19.910858321116788],[-155.89319606049287,19.910960842300092],[-155.89305788570707,19.9110232944879],[-155.8929463842199,19.911152615031003],[-155.89277246372873,19.91119719969189],[-155.89254510610849,19.911170400901714],[-155.89228200285945,19.911322011769062],[-155.892143737627,19.911393371168977],[-155.89206798208775,19.911544975789557],[-155.89182266124274,19.911598530493023],[-155.89159085856923,19.911527164195924],[-155.89119393645842,19.911652034069455],[-155.8910512260336,19.91166089805145],[-155.89047602999008,19.912093462054756],[-155.89029766492993,19.912222797576536],[-155.89036906538047,19.912369912640777],[-155.89003909922488,19.912441240832667],[-155.8898561980995,19.912534918511145],[-155.88991417121608,19.912690985230775],[-155.89003456298576,19.91282923258811],[-155.8898160977634,19.91294959099741],[-155.88944603170737,19.912905051900196],[-155.88927655806657,19.912958508666865],[-155.88906253871465,19.913127933681213],[-155.88887972870825,19.913252804927662],[-155.888652282317,19.9132260695389],[-155.88851846369184,19.913408856771067],[-155.88822424430458,19.91360060140393],[-155.88781843415924,19.914019780151033],[-155.8876757247982,19.914273937612766],[-155.88759997000633,19.914483567946924],[-155.88749291535197,19.91474665898255],[-155.88744827901203,19.91498292590149],[-155.88744383352312,19.915411031288045],[-155.88750180633076,19.915905947008678],[-155.8876221974589,19.91636078513441],[-155.88771137945318,19.91653024871905],[-155.8878451978397,19.916695235259958],[-155.88829555370373,19.91712778728446],[-155.88842928153852,19.9172035454084],[-155.88860764586272,19.917105485449554],[-155.88909819347887,19.917457726889552],[-155.88937907691022,19.917488983346303],[-155.8895485505894,19.917640558713547],[-155.890021226443,19.917658436477236],[-155.89019514587835,19.917778785815077],[-155.89017727309033,19.91792593866828],[-155.89027534662117,19.918055299123644],[-155.8903735108981,19.91815340418028],[-155.890391292969,19.91836744045789],[-155.89043592959914,19.91851454720756],[-155.8906410585594,19.918626030861674],[-155.89071681386014,19.91878660523135],[-155.89090416085585,19.919036249097456],[-155.89104678050933,19.9193885826325],[-155.89135451976196,19.919919145483306],[-155.89138128365138,19.92012877836151],[-155.89103788946093,19.920467609530323],[-155.89100223454403,19.920811043461327],[-155.891091417204,19.92113209790296],[-155.89102455288864,19.921297040312364],[-155.89096657962995,19.921591306541078],[-155.89090416085585,19.92175637624934],[-155.89127422810307,19.92185446234463],[-155.89114939047866,19.92201942107142],[-155.89099778902025,19.92213984207576],[-155.89097991620056,19.922362789748536],[-155.89132331034708,19.92245195501513],[-155.89132331034708,19.922701682013006],[-155.8913990657619,19.92292462789356],[-155.8914838029714,19.923334861582795],[-155.8915596491381,19.92346418384581],[-155.89171125078445,19.9235800653417],[-155.8917825607326,19.92370941724637],[-155.89159085856923,19.924155304081957],[-155.89144814801944,19.924248959058236],[-155.89118504540713,19.924329261517872],[-155.89123857316758,19.924561087725376],[-155.89108252615475,19.924672627856964],[-155.89106465333168,19.924899995066895],[-155.89095315233482,19.925056073274593],[-155.89076589604377,19.92538601482621],[-155.89035119258557,19.9256625253228],[-155.89014606375656,19.925805176959926],[-155.88988296190044,19.925787333993604],[-155.8896466239841,19.925979125262778],[-155.88949946853768,19.92603704609744],[-155.88932110386216,19.926081654565117],[-155.88908476623908,19.92603264005748],[-155.8888395377341,19.926152969078895],[-155.8885452274137,19.926152994744896],[-155.88856754563722,19.926295714946683],[-155.8886834915478,19.926451776679357],[-155.88856754563722,19.926603389269427],[-155.88822424430458,19.926567668361763],[-155.88805477112118,19.926603353104575],[-155.88799679824268,19.926429434457397],[-155.88788974349444,19.926282295022652],[-155.8875909883013,19.926389336585228],[-155.88737696974638,19.926482953704657],[-155.88706932392134,19.92650527917791],[-155.88701579665377,19.926340325629827],[-155.88682854199126,19.926304634130467],[-155.88679279668176,19.92643834639451],[-155.88673482396499,19.926603368114293],[-155.8867839057169,19.926768363873627],[-155.8869622693925,19.926848663962776],[-155.8872744513562,19.9268709187924],[-155.8875508881659,19.92681743742686],[-155.88795216185304,19.926804035049663],[-155.88807255310104,19.926942296446136],[-155.88811274400706,19.92707602397359],[-155.88828212648775,19.927107282452635],[-155.88850512719372,19.927111732406406],[-155.88868793704887,19.927187485841653],[-155.88883509223155,19.927450582548424],[-155.8888886197143,19.927646806722223],[-155.88913829375136,19.927785000527685],[-155.88932110386216,19.927771620629645],[-155.88953521406097,19.928101675040175],[-155.88951734129898,19.92824874451284],[-155.8894414954742,19.928422677846903],[-155.8892676670529,19.92849852382825],[-155.8892898945874,19.92864114753753],[-155.8895396595704,19.928601087935114],[-155.88975367914782,19.928850748957007],[-155.88975367914782,19.929127242873935],[-155.889579759882,19.929216416145945],[-155.88940584068297,19.929278823377217],[-155.8894414954742,19.929421503831755],[-155.88918293025793,19.929769337052978],[-155.88902234772428,19.929751489649313],[-155.88877267375116,19.929479464441275],[-155.8886121820875,19.92936357451396],[-155.88843381776155,19.929434944082644],[-155.8885631001373,19.929626654770605],[-155.88818405338867,19.929573140460786],[-155.88841149954467,19.929751485028373],[-155.88820637159435,19.929862944758693],[-155.88805477112118,19.929934328210436],[-155.88810829851164,19.93014389389161],[-155.88810829851164,19.930447151521467],[-155.88797892554143,19.93051399026461],[-155.88782287965182,19.930540720915225],[-155.8878362161298,19.930683428825358],[-155.8878407523469,19.930893020395565],[-155.88778277949584,19.931107071283602],[-155.88789872520542,19.931205188233978],[-155.88798790725417,19.931347899295623],[-155.88780500695742,19.93155295298383],[-155.88762664294958,19.931731296450188],[-155.88753301548223,19.931940912464153],[-155.88732788793016,19.931998922269315],[-155.88717184226502,19.9321371312193],[-155.88727889684344,19.93225309208158],[-155.88706487843615,19.932373468079046],[-155.8867526966171,19.932716827257497],[-155.88654312393876,19.93277028851676],[-155.88639596950145,19.932774754352746],[-155.88623547868082,19.93274357395361],[-155.88607934266858,19.9327926344603],[-155.88585643388225,19.93283271032761],[-155.88580290675824,19.932640987969585],[-155.88566464350447,19.932832726135402],[-155.88555768003204,19.932962083538655],[-155.8854016349777,19.932984390670466],[-155.88520984479285,19.93306903482124],[-155.88500471829448,19.93298437643029],[-155.884848673431,19.933033363065924],[-155.88483524631738,19.933251845921077],[-155.88494230034263,19.933519477597383],[-155.884919982298,19.93376472495103],[-155.88471939211692,19.933813777458255],[-155.8843135851165,19.933786993147358],[-155.88406835919832,19.9337468809226],[-155.88380081542383,19.933791423626218],[-155.88356448068532,19.933617571583014],[-155.88339500924835,19.933662165095456],[-155.88318543812676,19.933644330957776],[-155.8828108413296,19.93373791709035],[-155.8826904514828,19.93386721258466],[-155.88280639588632,19.933974254996407],[-155.88257895255006,19.934143673510647],[-155.8823649363682,19.934099114625745],[-155.88208405729404,19.934099085662336],[-155.88199932184534,19.934255162755292],[-155.88165593477777,19.934246248105236],[-155.88151322736257,19.934201639357923],[-155.88145525532315,19.9340411439466],[-155.88126355753684,19.934210590174892],[-155.88093804345107,19.93435327095893],[-155.880871180637,19.93420611423214],[-155.88082209952742,19.93384050998643],[-155.8805946571909,19.93364872904049],[-155.8802067262903,19.9336220343639],[-155.8797162790483,19.933679952901286],[-155.87951115504546,19.9336710782054],[-155.8794264200799,19.933818230035683],[-155.87920342385482,19.933840521508568],[-155.87894477377418,19.933898479553253],[-155.878663896829,19.93364872894926],[-155.87852563576135,19.933595240217603],[-155.87834727541778,19.933599720980126],[-155.87803065422895,19.933720133984306],[-155.87789692947274,19.93383603746584],[-155.87781219481056,19.934018872488895],[-155.87773190555757,19.934134797709802],[-155.87760262628194,19.93444251105933],[-155.87742871169388,19.934509397716955],[-155.87741083941083,19.934678802811852],[-155.87747779243415,19.934955289328197],[-155.87750900089287,19.935196058135716],[-155.87746881093045,19.935334306513244],[-155.87729498711624,19.935490334163738],[-155.8773439771197,19.93576237379826],[-155.877384167071,19.935980896655728],[-155.87763383474928,19.936252852816775],[-155.87766948861145,19.93659171679183],[-155.87747779243415,19.93681918403248],[-155.87750900089287,19.937059954133748],[-155.87766948861145,19.937073304435074],[-155.87770967859174,19.93720269901775],[-155.87763828014164,19.9374390221829],[-155.87745102936807,19.937461254104345],[-155.87728156022732,19.937559363834918],[-155.87736629478974,19.937751145317957],[-155.8773216594508,19.937925036113953],[-155.87743315708417,19.93824606981973],[-155.87748223782492,19.938540386183927],[-155.87745992014916,19.93869199105939],[-155.8773528678987,19.9387900535435],[-155.87745547475862,19.9388926381229],[-155.87737963095893,19.939124499346228],[-155.87720127106886,19.939075444309065],[-155.8770184658631,19.939093299078458],[-155.87683566073156,19.93913341468234],[-155.87689807756217,19.939267190315377],[-155.87686242376105,19.93951246713112],[-155.8768445515005,19.939780008867096],[-155.87691150443965,19.93991375639954],[-155.87704967429002,19.940011846248996],[-155.87719682568084,19.94005200393037],[-155.87748668321578,19.940007459743505],[-155.87776311403385,19.940002960831606],[-155.8781153889322,19.940279458804376],[-155.87841413785773,19.940475626310672],[-155.87855239889123,19.940564807531228],[-155.87863268829037,19.940761052181664],[-155.87867278763403,19.940979481760824],[-155.87857916202267,19.941140054154722],[-155.87834283001848,19.941108845604404],[-155.87825809527249,19.941349628314157],[-155.87844543710375,19.94138085658912],[-155.87859249822776,19.941470027507393],[-155.87846321870532,19.941643919057196],[-155.87825364987404,19.94177323138533],[-155.87810205274124,19.94166174211865],[-155.8779058202626,19.94174198800174],[-155.87804852653656,19.941884743456864],[-155.87810205274124,19.942161179298107],[-155.8778612755926,19.942161193028994],[-155.87756252703346,19.941915910483303],[-155.87741083941083,19.94179106792281],[-155.87726822406103,19.941929310569716],[-155.87737074017943,19.942067570744133],[-155.87762049857255,19.942205814023257],[-155.87785683019808,19.942509005109756],[-155.87799055494241,19.94272303400821],[-155.8776605978262,19.94257140664118],[-155.8773350863409,19.942384136476726],[-155.87712107264687,19.942223580335945],[-155.8771120911503,19.942504550533123],[-155.87707643733225,19.94265611031641],[-155.87712551803418,19.942843456888923],[-155.87725924256148,19.942941506073467],[-155.87743315708417,19.943079737327633],[-155.8770318927442,19.943222476364234],[-155.87688918679217,19.943173437607477],[-155.87689363217714,19.943017312086102],[-155.87674203550182,19.9429325853419],[-155.87662164727473,19.942642726858],[-155.87632289953746,19.94263381895122],[-155.87608203261752,19.942598130050907],[-155.87590367324114,19.942638284385968],[-155.87576105836845,19.942807791429875],[-155.8755826083973,19.942963825897852],[-155.8754132306813,19.943003909330702],[-155.87530173354787,19.9433205415348],[-155.87510994765637,19.943489953539743],[-155.87504308570678,19.943641617962655],[-155.87510550228902,19.943788735606233],[-155.8750074320525,19.943891311356005],[-155.8746239513236,19.943949248305387],[-155.87440095747533,19.943931415223673],[-155.87427167915575,19.943989404561428],[-155.87415573694707,19.944172254179733],[-155.8740130319065,19.944029580287438],[-155.8739060711969,19.94369067135859],[-155.8737633662355,19.943605944353536],[-155.87350471927834,19.94385114083267],[-155.87337535049483,19.943918037412985],[-155.873286171334,19.943766482209124],[-155.87325051781892,19.943597039388383],[-155.87314355729058,19.94348108024594],[-155.87289380138066,19.94331606627523],[-155.8727422060522,19.943226918599898],[-155.8727422060522,19.94304407429162],[-155.87279573162616,19.942905876410656],[-155.87287601999898,19.942593690419837],[-155.87259950145994,19.942393057733998],[-155.87221157744432,19.94236632209125],[-155.87204211027588,19.942326181785596],[-155.87200201152268,19.94231277645131],[-155.87178346430846,19.942415379505192],[-155.87167205879555,19.942575851011277],[-155.87136877829235,19.942803246177434],[-155.87114587677863,19.942937083464585],[-155.87082037000476,19.943048537029902],[-155.87045022880926,19.94308866653451],[-155.87024955434734,19.94312883515407],[-155.8699552561575,19.943235846920174],[-155.86972781930993,19.943351781345257],[-155.86947815601826,19.943565798933918],[-155.86944694811655,19.943721897112308],[-155.86971892868158,19.943851193988046],[-155.86991071227442,19.94398944804795],[-155.8699909094113,19.944203435437654],[-155.8700667519657,19.944341689639295],[-155.8697501366022,19.944502164299085],[-155.869692166077,19.944974901697925],[-155.8695539077654,19.9450773897512],[-155.86937555097748,19.94504174439914],[-155.86918830364255,19.945206779967105],[-155.86898762974428,19.94522459886069],[-155.86884937164953,19.945157668783104],[-155.8684302430397,19.945389564752976],[-155.86826975861712,19.94546982593479],[-155.86804676792056,19.945563452723597],[-155.8678951742271,19.945741848111386],[-155.8679085101155,19.945902389788678],[-155.86822956948018,19.946361688306993],[-155.86827420391694,19.94657124761434],[-155.86830541173714,19.946869958942035],[-155.86820725226343,19.94711525024925],[-155.8679887976152,19.947226689394487],[-155.86778812425297,19.94729803100364],[-155.86743585744202,19.94749423899239],[-155.86714600638464,19.94768598873413],[-155.86696765055314,19.947868862436504],[-155.86682050250948,19.948136339468963],[-155.866526206567,19.948515385418876],[-155.86615606891084,19.948720488870414],[-155.86596437764177,19.948930075801865],[-155.8658305657538,19.94916199771066],[-155.86569684462563,19.949260031318435],[-155.86554071573335,19.94947413211218],[-155.86533559819512,19.949616791347967],[-155.86525095661997,19.949799617220165],[-155.8651751148792,19.949937827779717],[-155.865005650366,19.94999138596294],[-155.86483618591686,19.95028564197946],[-155.86481395958862,19.950477436436326],[-155.86466681225144,19.950557650327774],[-155.86450623845522,19.950495237035913],[-155.86445271386927,19.950753901506594],[-155.8642966761297,19.950749404176673],[-155.86422083455034,19.950994665607038],[-155.86402469885076,19.951284491133823],[-155.86383291777324,19.951453955804052],[-155.86356094077564,19.951458367842275],[-155.86351186155517,19.951440523975123],[-155.8634182391014,19.951409396380406],[-155.86316404335182,19.95138705141993],[-155.86294559115973,19.95121317412821],[-155.86275381054404,19.951190878265294],[-155.86238367600214,19.951204205113577],[-155.86220087682528,19.951248789448965],[-155.86204039463178,19.951320200260678],[-155.86167915114817,19.951449500046387],[-155.86146959014482,19.95158768654296],[-155.8613759681179,19.952020274432652],[-155.86135365124224,19.952301176067287],[-155.8614160659216,19.952550842195667],[-155.86164794378908,19.952680178700884],[-155.8618664860675,19.95279171055069],[-155.86207604725658,19.952773829574184],[-155.8620091872475,19.952929893920857],[-155.86207604725658,19.953117158785204],[-155.86189769344182,19.953259915493643],[-155.86166581544504,19.953598800161487],[-155.86154987649167,19.954071426753785],[-155.86158108384393,19.954249828850884],[-155.86170146804002,19.95440587629356],[-155.86158552907742,19.954811638547778],[-155.86135809647348,19.954771552371046],[-155.86136707765507,19.954958824083775],[-155.86144727326453,19.95507477041266],[-155.86133577959873,19.955168342731294],[-155.86110399261187,19.955395767875938],[-155.86095675577408,19.95549830464923],[-155.86078293834956,19.95550730064686],[-155.8607383046585,19.95571685551589],[-155.86060004910723,19.95581490531658],[-155.86071154258983,19.95598437449125],[-155.86051087248492,19.956024513149973],[-155.8603726170039,19.956229613540987],[-155.86018537342835,19.956260891649872],[-155.86003378239332,19.95632329341081],[-155.85999359399466,19.95647486326495],[-155.85983311259227,19.9564703964616],[-155.85970374775016,19.956568533206507],[-155.85983311259227,19.956737938728036],[-155.8596948573206,19.956818229680298],[-155.85958336409126,19.956956488361527],[-155.8593693588575,19.957322145984357],[-155.85914192737954,19.957175002597037],[-155.85886106281802,19.957308787687822],[-155.85868715548898,19.957415725727287],[-155.85855334577477,19.957473714419976],[-155.85850426710317,19.957661047115916],[-155.85858455291807,19.957839369266015],[-155.85852658383672,19.958017777204525],[-155.85844629803222,19.958374451987257],[-155.85837943856535,19.95857069748229],[-155.85841953610057,19.95904782561647],[-155.85856668138516,19.95928860903725],[-155.85850871230608,19.959556141014705],[-155.85855779097815,19.959814768099296],[-155.85849093149463,19.95999308705629],[-155.85841064569652,19.960394451834617],[-155.8584641695603,19.96055049105244],[-155.85825461006232,19.9606308035344],[-155.85794689343626,19.960612972899273],[-155.8576659389069,19.960809098263752],[-155.85736720378725,19.9610945077348],[-155.8572423755668,19.96133534486221],[-155.8572468207572,19.961531478625254],[-155.85707735924458,19.961678641404735],[-155.85701494517048,19.96198631281951],[-155.8567919600757,19.962048802256817],[-155.85664037019075,19.962115612813133],[-155.85649322554008,19.96220481232688],[-155.85610087028115,19.962592805459487],[-155.85602503009048,19.96286481451752],[-155.85598937794788,19.96315466854771],[-155.85605623705732,19.96339096002319],[-155.85506187893242,19.964340766520284],[-155.85501724581238,19.96451913403899],[-155.85464720838945,19.9649337759153],[-155.85455803295437,19.96506308503273],[-155.85452673537455,19.965335127292757],[-155.8544733026999,19.965464480713678],[-155.8543082874003,19.965468862303585],[-155.8541655886775,19.9657810356019],[-155.8538846365256,19.965745372572243],[-155.85361266557635,19.965776590078224],[-155.85340310835355,19.965874644204717],[-155.85322920314854,19.966048598592934],[-155.85285018619678,19.966262622609147],[-155.8527520301119,19.966400831844084],[-155.85272082337596,19.966735244686397],[-155.85244885313583,19.966726357450522],[-155.8522793934436,19.966726357594364],[-155.85220355390194,19.96684228919866],[-155.85206983684682,19.967016245734428],[-155.85175323420978,19.96714103184838],[-155.85161942657257,19.967270370868317],[-155.85144107693003,19.96753348231958],[-155.85131180523473,19.967613772375074],[-155.85116910747,19.967653898696316],[-155.8509104735577,19.96774301434896],[-155.85049127103196,19.967801036318594],[-155.85008549497422,19.967992759292937],[-155.84977787469458,19.96809529700335],[-155.84964406765008,19.968188949754257],[-155.84948349924974,19.968166691102265],[-155.8492739439668,19.968081904696508],[-155.8487878849496,19.96821568075239],[-155.84864074288802,19.968180061099613],[-155.8484445233094,19.968255808894586],[-155.8482884911588,19.968273707007953],[-155.8477578915392,19.968180008690908],[-155.8474546272431,19.96820228711588],[-155.84732535670406,19.96801062371816],[-155.84714247297393,19.9679793737984],[-155.8464290819986,19.968264775505386],[-155.84623286339442,19.968251399706862],[-155.8459474711638,19.968340558842243],[-155.8457914398881,19.9683807123779],[-155.84526519759956,19.96872846957707],[-155.8450868505007,19.96888460290281],[-155.84476580775987,19.96910752912967],[-155.84463200222137,19.96928587486968],[-155.8443778171669,19.969384023420233],[-155.84409251684156,19.969477606917632],[-155.84390963443994,19.969544475443687],[-155.84375360387895,19.96957128722148],[-155.84344145220584,19.969771954939702],[-155.84332107293562,19.969874496470794],[-155.84326310583825,19.970088564369817],[-155.84326310583825,19.970329328138163],[-155.84299105065742,19.970587928562836],[-155.84279936933123,19.970770765665886],[-155.84265222924952,19.971082945477264],[-155.84250055345797,19.971198819727107],[-155.8423445233915,19.971238966290127],[-155.84219293842006,19.971426300247646],[-155.84226424050073,19.971684890713075],[-155.84212599067533,19.971756226566036],[-155.84181837589668,19.971617973591826],[-155.84153743153254,19.971667063193365],[-155.84083284888612,19.972184332990462],[-155.8403914307408,19.972460756767514],[-155.83958878744448,19.972911136443162],[-155.83927219368616,19.973218782128324],[-155.83901356668895,19.97324108855247],[-155.83877725558688,19.973236619603103],[-155.83858548536463,19.9732722916381],[-155.83828222732518,19.973642425365362],[-155.8381173087416,19.973678140574833],[-155.83789877810563,19.97377622058026],[-155.83775608464342,19.97374946716624],[-155.8373324495238,19.973571045954262],[-155.83730124386932,19.97341949748156],[-155.83745291788495,19.97318317011473],[-155.83757774055877,19.973062759058703],[-155.83749745852978,19.972888850911833],[-155.836984651743,19.97269266116891],[-155.83677065736495,19.97268817543252],[-155.8365298117599,19.972750587539444],[-155.8363023919433,19.972750623711626],[-155.83616423468848,19.972643563374493],[-155.83606163730644,19.972456332665516],[-155.83587884892603,19.972340380589248],[-155.83566031939299,19.97240277728367],[-155.83549531107062,19.97249199666505],[-155.835366044011,19.97237160500058],[-155.83519214585772,19.972358195747503],[-155.83499593221734,19.972433999621263],[-155.83482203420925,19.972384995077828],[-155.83461693080386,19.972576751051303],[-155.83471054720712,19.97272386485185],[-155.83448757328694,19.972804138052062],[-155.83430024988095,19.972786244876094],[-155.83413977773802,19.9726614425631],[-155.8339034692331,19.972728325354076],[-155.83383207778255,19.972893296203885],[-155.8338944886053,19.973035999964928],[-155.8338365227391,19.973245550376543],[-155.83348428274817,19.973388243387927],[-155.8332791799621,19.97347745902642],[-155.83321676922606,19.97330357812499],[-155.8331186174758,19.9730983837645],[-155.8329313853619,19.972879932414777],[-155.8327084123373,19.972884425616655],[-155.83248543942494,19.972964609547002],[-155.83240071337624,19.973093931861815],[-155.83244534422644,19.97330798104058],[-155.83255229500162,19.97351308370984],[-155.83240071337624,19.973642458962892],[-155.8324096032607,19.973816359769366],[-155.83235163758883,19.973950131711018],[-155.8321332005087,19.973825216483515],[-155.83183883675684,19.973883219885657],[-155.83162039992973,19.973967962093752],[-155.83150446880035,19.974150808393475],[-155.83150446880035,19.974289022833574],[-155.83144196760156,19.97481520629971],[-155.83137511219257,19.975029248752925],[-155.83122797590067,19.975399331611293],[-155.83120121560626,19.975671310448746],[-155.83135279682088,19.97578277374504],[-155.8314286328041,19.97616179209629],[-155.83169170031078,19.976531939229996],[-155.83195032303612,19.97662110799019],[-155.83210199522034,19.97670582542073],[-155.8322713565066,19.97693767870995],[-155.83244534422644,19.977133924664056],[-155.83249877425425,19.977272108584724],[-155.83241404820296,19.97749504657151],[-155.83226691156574,19.977619962594254],[-155.8321599608595,19.977713629839368],[-155.83202171418336,19.977771525330358],[-155.83156243436125,19.977561949192594],[-155.83137511219257,19.9774237564675],[-155.83121455039685,19.977446069284852],[-155.83097379852526,19.977740307750498],[-155.8309872240218,19.977967786937747],[-155.8309470382462,19.97814166736224],[-155.83113880516314,19.97832450645811],[-155.8313662223289,19.978645516519723],[-155.83134390695764,19.978886365723685],[-155.83123686576155,19.979158330789897],[-155.83125918112745,19.97929653409142],[-155.83106741415835,19.97933669042365],[-155.83095148317378,19.979171744254327],[-155.83062156081203,19.978988873168095],[-155.83051451979068,19.9788596135753],[-155.8303539583072,19.9786589283346],[-155.83000172108748,19.97876592116646],[-155.8296940240084,19.978993334991742],[-155.82943984751432,19.979278751276038],[-155.8293818822315,19.97947045561394],[-155.8292659516887,19.979573018092943],[-155.82904751613194,19.98008139611518],[-155.82906974067492,19.980264184309792],[-155.82898057037244,19.9806566308197],[-155.82903853560265,19.980852810733566],[-155.82901177544068,19.981040092391666],[-155.82879778491542,19.981334354903133],[-155.8287040790504,19.981552848284448],[-155.82857036907015,19.981717833223822],[-155.82851240390136,19.98214595348682],[-155.82846777344793,19.98236446921542],[-155.82864611386404,19.982417954364745],[-155.8287888043912,19.982515996919926],[-155.82883343487703,19.982694370206815],[-155.82885130521512,19.982953072556136],[-155.82903853560265,19.983265155631894],[-155.82927484151014,19.98346138907396],[-155.8293685474962,19.98360410681062],[-155.82953355353527,19.983960815246853],[-155.82972522912695,19.984067788759837],[-155.82987236491905,19.98431751694186],[-155.83000616600557,19.984460238244672],[-155.83040747879525,19.984464650155456],[-155.83071517637057,19.98449141693781],[-155.83094259331864,19.984348770694506],[-155.83102731908824,19.984464709330982],[-155.83121908604,19.98461179286372],[-155.83095148317378,19.98468765154828],[-155.8308935176929,19.984843678686918],[-155.8311031550157,19.984959612645945],[-155.83124584633552,19.985088919078052],[-155.83126807098893,19.985231614263025],[-155.8311031550157,19.985525904437782],[-155.83092472289607,19.98565972480187],[-155.83079101224453,19.985753352414623],[-155.83071517637057,19.9859138543807],[-155.8305368351201,19.98604768673908],[-155.8305457249671,19.986243848459466],[-155.8304609992897,19.986457862667265],[-155.83034951338564,19.986725446737367],[-155.83018904267468,19.986796780592964],[-155.8299928312514,19.986943921067112],[-155.8299570904837,19.98711334510568],[-155.83005079661427,19.987260568443034],[-155.82995264556612,19.987416577868853],[-155.8299749608672,19.987563703790666],[-155.8299928312514,19.987706451098564],[-155.83005079661427,19.987853619523715],[-155.8299570904837,19.988000754972365],[-155.82960485358004,19.987777776250674],[-155.82941753224023,19.987858064812027],[-155.82923474660257,19.987889225089614],[-155.82903409069428,19.987911522233603],[-155.82895825512153,19.98841539644066],[-155.82876657986233,19.98844663300789],[-155.8286193537258,19.98847340401605],[-155.828316193222,19.9884556048725],[-155.82804414721386,19.988419864083202],[-155.82788812223637,19.988509079020425],[-155.82788812223637,19.988700814120367],[-155.82785247235097,19.98886583145914],[-155.82775876668634,19.98911108212766],[-155.8277364514971,19.98930282787859],[-155.82745107116827,19.98940091401224],[-155.82711670652924,19.98957926571304],[-155.82700077658055,19.989739757100786],[-155.82703198150895,19.990002847944503],[-155.82689818132266,19.990355130328275],[-155.8267510465205,19.990542383252276],[-155.82663956155199,19.990814460778555],[-155.82659946688347,19.99103294979875],[-155.82653252149478,19.991229132308227],[-155.82643890682195,19.991608191298724],[-155.82634529216895,19.992027347072746],[-155.82634529216895,19.99224584153084],[-155.8262739019382,19.992428639957588],[-155.82617130684912,19.99258026325432],[-155.82611787758583,19.993150990497767],[-155.8260821371315,19.99332041073326],[-155.82604204251356,19.993503304882076],[-155.8260241722891,19.993677171371285],[-155.82597963279875,19.993806499753187],[-155.8259617625768,19.994082987471224],[-155.82591268750403,19.994475350681917],[-155.8261223224649,19.994805295673387],[-155.8263095516962,19.994894484786148],[-155.82636751657606,19.995063913608043],[-155.82632297705112,19.99521558468037],[-155.82654141126125,19.995300270021456],[-155.8266484513206,19.995411789304832],[-155.82693383113104,19.995224514187008],[-155.8270899464836,19.99524677575829],[-155.8271612461342,19.995398419598683],[-155.8273173615671,19.995447441062417],[-155.82740653153408,19.995567851518295],[-155.82735301140934,19.995746177911002],[-155.82718800618417,19.99582202807788],[-155.82744218138347,19.99606724616745],[-155.82741097642608,19.996285745536873],[-155.82741986621025,19.996446228650196],[-155.8274823668406,19.996593461100765],[-155.82752690648243,19.996807424380133],[-155.82744662627584,19.996918941376403],[-155.8274823668406,19.99705721719852],[-155.8277409871046,19.997012625221007],[-155.82792377212462,19.997039328963844],[-155.8277632115819,19.997186500862394],[-155.82788812223637,19.997346983367624],[-155.82814229783838,19.997347029760615],[-155.82803081251885,19.99749414430095],[-155.82828943310375,19.99761453066131],[-155.828253783186,19.997792887389515],[-155.82797729231848,19.997837535336938],[-155.82777663698096,19.997819636862697],[-155.82766515175368,19.997944492996506],[-155.82778552677246,19.99813184682774],[-155.82758042662823,19.99832798250177],[-155.82745560677282,19.99842169089832],[-155.82759829691565,19.99855993306141],[-155.82764728146356,19.998818544639033],[-155.8276562619646,19.998965704389136],[-155.82791043743325,19.99913515018592],[-155.8279148823303,19.999344691294887],[-155.82803970231546,19.99949182530606],[-155.82815118763722,19.99976387139126],[-155.82806201752,19.99988421558242],[-155.8278346020533,19.999982323717404],[-155.82769635672904,20.000125066916215],[-155.82774987689538,20.00026327568525],[-155.82768302204454,20.000446050766183],[-155.82772311681137,20.000593197046854],[-155.8275045913049,20.000798352924768],[-155.82763839167484,20.000994527767762],[-155.82750903619788,20.00119521645763],[-155.82737088168756,20.001360229328384],[-155.82746894145046,20.001672307345583],[-155.82727273123436,20.001971071390624],[-155.82712559630747,20.002140564670697],[-155.82693383113104,20.00225205201881],[-155.8268357714869,20.002434826329253],[-155.82696059116722,20.00278262339277],[-155.82680901145827,20.00280943239679],[-155.82646566682814,20.002697964746172],[-155.82616686196963,20.002742525022864],[-155.8258279627147,20.002831676584155],[-155.8256719385199,20.002925380262322],[-155.8254222092112,20.003063585904123],[-155.82525275983699,20.003188398192123],[-155.82503423555266,20.003777021129764],[-155.82491830615058,20.004597501396493],[-155.82501201121264,20.00555179074435],[-155.825105625583,20.005770291287625],[-155.82522155503426,20.005926343555263],[-155.82538655952484,20.006033323721823],[-155.8256585131848,20.006073502312635],[-155.82585925827203,20.006153782305805],[-155.82622936242268,20.006251874548283],[-155.8265503917398,20.00634993590312],[-155.82680456657232,20.00651047580675],[-155.82682234611642,20.006657633047],[-155.82662613618746,20.00683151030493],[-155.82663511666775,20.00704111330023],[-155.82688031106355,20.0072819144175],[-155.82693383113104,20.007585108160384],[-155.8269917960928,20.007799146998046],[-155.82682234611642,20.007968559952303],[-155.82657270686914,20.00824949890534],[-155.82654594685644,20.008441286584567],[-155.8265904864039,20.008619576539743],[-155.8264032570535,20.008869337538957],[-155.82632297705112,20.00900752606224],[-155.82616686196963,20.009020931557032],[-155.82593944747836,20.009105687759657],[-155.825930557724,20.009542682661035],[-155.82588592753137,20.009685335894872],[-155.8256184186053,20.009841442273604],[-155.8253731341984,20.00981020380423],[-155.8252349803561,20.009917185255876],[-155.8251412752467,20.010269471830135],[-155.8251234957703,20.010443354776115],[-155.8254445242835,20.010670811589705],[-155.8257164779792,20.01080011459583],[-155.8256986984796,20.011081040646427],[-155.82585925827203,20.011179144417238],[-155.8259617625768,20.0113128752746],[-155.82585925827203,20.011491266722267],[-155.82569425360484,20.011576022343956],[-155.8255961035242,20.011678582869823],[-155.82541331946726,20.01205309917197],[-155.82525720470733,20.012075421134618],[-155.82509673584542,20.012084371269808],[-155.82521266529434,20.01239198808017],[-155.8251323855084,20.012512418942823],[-155.82494506606463,20.01260159731642],[-155.8250788656592,20.012713086231],[-155.8249094164168,20.012962773672726],[-155.8251547005661,20.013087637151234],[-155.82527063003022,20.013355156826723],[-155.82543563453916,20.013587028773525],[-155.82524387009644,20.013595962805375],[-155.82504321600058,20.01366732906767],[-155.82489154623815,20.013752052622092],[-155.82516359030484,20.013903633078534],[-155.82521266529434,20.01409090576051],[-155.82506553105372,20.01425588637805],[-155.8252349803561,20.0143585056458],[-155.8253910043965,20.01436743585759],[-155.8256095288574,20.01442089918157],[-155.82551582366852,20.014626045966253],[-155.82546239448456,20.01499612703251],[-155.8254044297235,20.015317214069878],[-155.82522155503426,20.015446536115324],[-155.82531516944903,20.015656041335387],[-155.82502534581653,20.015789887531344],[-155.82483811712973,20.01595035287576],[-155.82459283315632,20.01597271054775],[-155.8242271752375,20.015825535760285],[-155.82400865146087,20.015879026168406],[-155.82372327354113,20.015834426743226],[-155.8234780808986,20.015932574520996],[-155.82349586030873,20.01617335260462],[-155.8234780808986,20.01636957816571],[-155.82329520700756,20.0165657542482],[-155.82351817528368,20.016802091679853],[-155.82344234065798,20.01714098378535],[-155.8232728920439,20.017230101549867],[-155.8231168687523,20.01732379097677],[-155.82308121925212,20.017466463701815],[-155.8230009398539,20.01761365134199],[-155.82287158573564,20.01772062075645],[-155.8228538063507,20.01791242840008],[-155.8227779718392,20.01817103755532],[-155.82281806616066,20.018367209145353],[-155.8227913970867,20.01866596485378],[-155.8231168687523,20.018804203110584],[-155.82333094723626,20.01900485431694],[-155.82340224627984,20.01917877209275],[-155.82342456125002,20.019343747824326],[-155.82339780142817,20.01949093300741],[-155.8232104827206,20.019865464323246],[-155.82313473885907,20.020034885194626],[-155.8233219668232,20.020645815390736],[-155.8233219668232,20.020815300181322],[-155.82325511264278,20.021096191281018],[-155.82320603787093,20.021417199896856],[-155.8231168687523,20.021555457381975],[-155.82296075480468,20.021702651948594],[-155.8226709327184,20.021814055064567],[-155.8225505590941,20.021916626788023],[-155.8226441729423,20.02206378014259],[-155.82281362131488,20.022215429080614],[-155.82281806616066,20.02244281541572],[-155.82276010174692,20.02269253691036],[-155.82265759818569,20.02285749742003],[-155.82244352002851,20.02297788353962],[-155.8225951889495,20.023209796893976],[-155.82272000743075,20.02335245291092],[-155.82296075480468,20.023611079848887],[-155.82301880995598,20.02398120370313],[-155.82312131360112,20.024226491824102],[-155.82346021077794,20.024578729399174],[-155.82353604540668,20.024846332959594],[-155.82355382481913,20.024993410375522],[-155.8236073444834,20.02535464095355],[-155.82358502950396,20.025488366572024],[-155.8234557659257,20.025653370674735],[-155.82344234065798,20.02582278726951],[-155.82366086415416,20.02612603888014],[-155.82366975386282,20.026308873673702],[-155.82355836038366,20.02667899369479],[-155.82339780142817,20.02699554086345],[-155.82325511264278,20.02731662274744],[-155.8232104827206,20.02756631812723],[-155.82318372291175,20.027842807294125],[-155.8231168687523,20.028074679906144],[-155.82318816776126,20.02839574840221],[-155.82325955749297,20.028614203416712],[-155.82445014398448,20.02784282665902],[-155.8248871013715,20.027499423125192],[-155.82516803517427,20.0274013506241],[-155.82539544926823,20.027392398164846],[-155.82568527314368,20.027405797491866],[-155.82584138805495,20.027468275185583],[-155.82618028732017,20.0276287713253],[-155.82866398419455,20.0288416468873],[-155.82897612546466,20.028997682407507],[-155.82911437118915,20.029126989917504],[-155.8293239169563,20.02935886022766],[-155.83383207778255,20.034455663023998],[-155.83393467464842,20.03463403240122],[-155.83396588006593,20.034825796156696],[-155.83408181183972,20.03698393760473],[-155.83411301726758,20.03731835553577],[-155.83396143510805,20.037371908864184],[-155.83392569401997,20.037068697078464],[-155.83385883823595,20.03570864489313],[-155.83381420724334,20.034812387736615],[-155.83372059102948,20.034580514559618],[-155.83303389130594,20.033782358900204],[-155.83076869690228,20.031209445606006],[-155.83047886969356,20.031249575031186],[-155.83030043782568,20.03129415232321],[-155.83019348759467,20.03145465826372],[-155.8299749608672,20.031503724282025],[-155.82960929849412,20.031298579643362],[-155.82934623222567,20.031347668785187],[-155.82926150677804,20.031508154570844],[-155.82934178731418,20.03178465368477],[-155.8293774373197,20.03209234413333],[-155.8273797714709,20.032350934676902],[-155.8266707664549,20.032868204845553],[-155.82610889711606,20.03197194897802],[-155.82570314335445,20.032016558826754],[-155.82534637425837,20.032061107186667],[-155.82530627970726,20.032217159558993],[-155.82538211465317,20.032337540521223],[-155.82580120274713,20.032796875867646],[-155.82806646241863,20.035311812421426],[-155.82820026295866,20.03521372726322],[-155.8293061373116,20.036475670107777],[-155.8298322699573,20.037251496929834],[-155.82964494852118,20.037572520159646],[-155.82991255059707,20.037407612902303],[-155.83011765182314,20.03740308795731],[-155.83100055880593,20.037871327132475],[-155.83116112052406,20.037938191774824],[-155.83133946202614,20.03817457450958],[-155.8314553931123,20.03826821202949],[-155.83143307773653,20.038468811751436],[-155.83135724175253,20.038584789459723],[-155.83113436023365,20.039075276382164],[-155.8316159549954,20.039432020783025],[-155.8317363310895,20.039507779672583],[-155.8321332005087,20.038968252091472],[-155.8321376454482,20.03928036587209],[-155.83207967981198,20.03954344672048],[-155.8320440295888,20.039708476158285],[-155.8320662542823,20.03988679419206],[-155.83236950806904,20.040203417643845],[-155.83266378146058,20.04039520851861],[-155.83274850755964,20.04058688965195],[-155.83277971289357,20.040725129177],[-155.83287341962176,20.040992705492535],[-155.83300713090233,20.041171072743218],[-155.8331676933482,20.04126912075735],[-155.8334352068407,20.041398507397247],[-155.8337250359849,20.041581331089198],[-155.83396588006593,20.041670500455023],[-155.8342735801143,20.041888956628675],[-155.83443405230574,20.042085209826215],[-155.83455896484315,20.042210054393312],[-155.8347506426107,20.042272494405804],[-155.83492898555826,20.04242850770307],[-155.83500926712222,20.04255786552603],[-155.83507167811075,20.04281200339251],[-155.8351965908279,20.04299929738607],[-155.83537048898296,20.043164270343773],[-155.8355577221276,20.04330695490426],[-155.8357896772522,20.04359680177322],[-155.83598580053004,20.04377518173393],[-155.83620877520386,20.043846476427674],[-155.8363335975275,20.044060522656956],[-155.8365923136765,20.04420325339179],[-155.83644063995513,20.044381605866626],[-155.83649860616188,20.044582256187162],[-155.83641832432826,20.044707112818763],[-155.83648971619544,20.044840880926966],[-155.83666805984262,20.04497021778952],[-155.8368241786283,20.04501035890155],[-155.8369980774217,20.045175334007652],[-155.8370828043494,20.04537152457873],[-155.83719873693835,20.045532034574958],[-155.83731911454908,20.04574612064322],[-155.83774274965597,20.0461697003541],[-155.83797461520913,20.046553172478195],[-155.83798350520536,20.04682074149395],[-155.83807712231936,20.046958996652855],[-155.8381886101679,20.047061513700754],[-155.83828676304066,20.047293377853055],[-155.83837593521653,20.047529722632632],[-155.83862113611397,20.047837379666937],[-155.8386345618422,20.04799344926627],[-155.83861224610493,20.04819856435908],[-155.83863900684688,20.04834126653402],[-155.8383580644942,20.048648958069215],[-155.83827333732296,20.048778272109228],[-155.83826000231997,20.048916540961557],[-155.83831796876447,20.049099352884028],[-155.83842945667354,20.04922421802348],[-155.83856316962985,20.049331222391675],[-155.8387058633516,20.04946943278128],[-155.83879948061798,20.049777115033105],[-155.83896893517752,20.0500312642392],[-155.83932127023962,20.05027657431188],[-155.83972703648024,20.050517368657147],[-155.83987862061025,20.05064666828193],[-155.83997223812395,20.050771501808644],[-155.84023531070025,20.050664468278015],[-155.84043597168045,20.05067782399493],[-155.84069913524627,20.050593148972737],[-155.84083284888612,20.050847319307717],[-155.84105582599523,20.051043522052012],[-155.8412876932786,20.051047960271173],[-155.84149724480076,20.051293204874682],[-155.84188967791724,20.051319989237516],[-155.84207700452706,20.051377980118417],[-155.84238906452697,20.0513957862194],[-155.84252286939056,20.05169449549798],[-155.84259426223934,20.052051229957268],[-155.84269677041587,20.05218499625226],[-155.84292863855538,20.05227865152733],[-155.84318282278156,20.052198453237512],[-155.84336561416896,20.052122640644264],[-155.84362424369954,20.052274201919623],[-155.84370897189135,20.05244813990281],[-155.84351275448674,20.052675554283013],[-155.84367776578884,20.052831605805004],[-155.843740177996,20.052978783672923],[-155.84364655968852,20.053250759384227],[-155.8440612199967,20.05331763035708],[-155.8443288307705,20.053442535098277],[-155.84448486153332,20.05349158633918],[-155.8443867980068,20.053781360222814],[-155.84435114679488,20.05402661871468],[-155.8442708635418,20.054151483588388],[-155.8440077885767,20.054227338589307],[-155.84365998556862,20.054285259093685],[-155.84329875696298,20.054378880660916],[-155.84326310583825,20.054566187759185],[-155.84326755088927,20.054980890576875],[-155.84338348509274,20.055342110856902],[-155.8437045268359,20.055489269683044],[-155.84382935126655,20.05562303422303],[-155.84402556881082,20.055698796978568],[-155.84404788481996,20.0558370399217],[-155.84389629926773,20.056010912001202],[-155.8440077885767,20.056211576849364],[-155.8441192779136,20.056372135602455],[-155.84404788481996,20.056577222268622],[-155.8441994704238,20.05662181091604],[-155.8444001331937,20.0567021254768],[-155.8445562546971,20.056826987421708],[-155.8447434917147,20.056911650013713],[-155.84488174235386,20.056951847563948],[-155.8448237750531,20.057121232914863],[-155.84493526459448,20.057246104553077],[-155.84497536092132,20.057455659673483],[-155.84504675416383,20.057589438530037],[-155.84518046911134,20.057714292784468],[-155.84556401533024,20.05820926797746],[-155.8456843952074,20.05833415039169],[-155.8459786774255,20.05845450315755],[-155.84615257980184,20.05880677242663],[-155.84655390719357,20.05885141555803],[-155.84661187471968,20.058994047507145],[-155.84704885395067,20.05918132689922],[-155.8473743434302,20.05927942135054],[-155.8476196400068,20.059435522662646],[-155.8477088140546,20.059578245336112],[-155.84781585922207,20.059680808445577],[-155.84784262051795,20.059836862230668],[-155.84799420741413,20.059939402734923],[-155.8480119878075,20.060077674359555],[-155.8481502394617,20.06021584676533],[-155.8481056977495,20.060648385609568],[-155.8481858909779,20.060795589990406],[-155.84839553646555,20.06078220275485],[-155.84862296246956,20.060750990261816],[-155.84874334317365,20.06089813777367],[-155.84939432484674,20.060768790310977],[-155.84943006717904,20.06093829453705],[-155.84941219601254,20.061188001732514],[-155.8493140406843,20.061370791553866],[-155.84943006717904,20.061642817923527],[-155.8496529578796,20.06162497010377],[-155.84980908122463,20.061549125164483],[-155.84995622367194,20.06140646689562],[-155.8500766047361,20.061335144753077],[-155.85018809559244,20.06148670173103],[-155.8500989210485,20.06174089462007],[-155.8502281923922,20.061825596226065],[-155.85021930215123,20.062003948913993],[-155.8503842252219,20.062102043976243],[-155.8504779356627,20.062378580613004],[-155.85102640975097,20.062280475959994],[-155.85114234597444,20.06238746909967],[-155.8513162503661,20.062503431719303],[-155.85152136147548,20.06273530591734],[-155.8514633933107,20.062891359350772],[-155.85163285269297,20.063047383636317],[-155.85182453782133,20.06320347488433],[-155.8517220275437,20.06340416422267],[-155.85201631374912,20.063502254227018],[-155.85216790206448,20.06350673397836],[-155.85239532999267,20.063760868401264],[-155.8524889501388,20.06395709282546],[-155.85221698003997,20.064023936645818],[-155.85210993381574,20.064237992354276],[-155.85193602911465,20.06434500562495],[-155.851882506033,20.064483261959417],[-155.85210104353723,20.0645278367507],[-155.85232393557274,20.064799842586936],[-155.852497840425,20.06486669098655],[-155.85261831289242,20.064942560101187],[-155.85276990141224,20.06480878335471],[-155.8529036186772,20.06493355795348],[-155.85293936129074,20.06508964059411],[-155.8530865047706,20.065241253388677],[-155.85322920314854,20.065401826526113],[-155.8531354921298,20.065615856178542],[-155.85328272639168,20.06570952825534],[-155.85358590393417,20.065687217099953],[-155.85370184082262,20.06586108978534],[-155.8538713010549,20.065874440010802],[-155.8541432721617,20.065834362834682],[-155.85418346003445,20.066061790270872],[-155.85414771732127,20.06629362902347],[-155.8543127325615,20.066315939446604],[-155.85441533415175,20.066467576589286],[-155.85450450955835,20.066690525083494],[-155.85471851246328,20.066828684603276],[-155.85487010169624,20.066904545928388],[-155.8548300044794,20.067109668616283],[-155.85505298859513,20.06727020062219],[-155.85514216412903,20.06746638211621],[-155.85526699176285,20.06754220151242],[-155.85562369417616,20.06777847807589],[-155.85557470654402,20.067947986261345],[-155.85555238995784,20.068099593131063],[-155.85557017065244,20.06832701544278],[-155.8554141360097,20.068393869788157],[-155.8553606125111,20.068603427151718],[-155.85546765951474,20.06875060996405],[-155.85555238995784,20.068888790103127],[-155.85560137758753,20.069062766070047],[-155.85580658138355,20.06943283915836],[-155.855931409203,20.06972714108307],[-155.8560339204471,20.070025867273852],[-155.8562168078224,20.07017304660616],[-155.8563148739508,20.070302362318323],[-155.85652887772287,20.070315775991205],[-155.85667157720056,20.07040046773811],[-155.85672065567098,20.070561031698237],[-155.8568990074222,20.070543120355406],[-155.85700160960633,20.070739375941322],[-155.85712199257037,20.070993522607885],[-155.85725571113812,20.07116742075443],[-155.85735831340412,20.07137251500938],[-155.85782651025016,20.0713859424058],[-155.85792013153454,20.07154198058798],[-155.8579424482389,20.07167573470414],[-155.85814756239128,20.071666873044155],[-155.85809403856533,20.071854170229955],[-155.85786216253928,20.07200125222802],[-155.858022733953,20.072152857214586],[-155.85847750516805,20.072215333131368],[-155.85845527915538,20.072442759677145],[-155.85833934103368,20.07256316778845],[-155.8582010862236,20.072852947071876],[-155.8586380768027,20.07291540479464],[-155.85872280784668,20.073035827619584],[-155.85872280784668,20.073307766858974],[-155.85874512459114,20.073463872178372],[-155.85898144628257,20.07355750354295],[-155.8590795130173,20.07390088996614],[-155.85915081779814,20.074021243227612],[-155.8592890729017,20.073958786910705],[-155.8595432664517,20.073882997865667],[-155.85959234523727,20.074061411659386],[-155.85945409003997,20.074270971368936],[-155.85947196160834,20.074453799451756],[-155.85961012609252,20.074502825814545],[-155.85977069813364,20.07450732989469],[-155.8598999722764,20.074649996275536],[-155.86010064210743,20.074627660495963],[-155.8602612143245,20.074587548581075],[-155.86052429887252,20.07459199100194],[-155.8606714448492,20.074609851104913],[-155.86083192655215,20.074752522172492],[-155.86110399261187,20.074828371842983],[-155.86134476077993,20.074819475894945],[-155.8615007974915,20.074583077106453],[-155.86171933969814,20.07462323345276],[-155.8620091872475,20.074511798657277],[-155.8621429072756,20.07458754553818],[-155.86214735251465,20.07482393038063],[-155.86235691383513,20.074877405759324],[-155.86246396251283,20.075091476413654],[-155.86271815786526,20.075220746255955],[-155.86295448165384,20.075269844304067],[-155.86317746981894,20.07539910963401],[-155.86307042097073,20.075604261923534],[-155.86354306904408,20.075684526270333],[-155.863766057502,20.075666684601156],[-155.86398451009404,20.075515017373913],[-155.86412721194853,20.075581948437062],[-155.86426991384846,20.075804910334686],[-155.86457309883681,20.075952049270118],[-155.86468903857238,20.07606355540717],[-155.8646622762677,20.076259742605817],[-155.86457309883681,20.076406885538248],[-155.8645954158728,20.076701181177476],[-155.8645954158728,20.076897410323113],[-155.86449734793032,20.077156043038922],[-155.86459986113618,20.07736113321489],[-155.8648094236034,20.077419113095004],[-155.86492989938642,20.077601898117262],[-155.86501454090097,20.07775800530342],[-155.86522419428175,20.077815913329868],[-155.8653534699981,20.077940820530447],[-155.8652642924298,20.078154847345832],[-155.86538023234405,20.078315391692726],[-155.86528660950017,20.078596254496553],[-155.86516622434107,20.078805857484912],[-155.86516622434107,20.078993164660712],[-155.86525540188987,20.079149248468948],[-155.8652286395514,20.079309743370032],[-155.8654158852345,20.079483650226127],[-155.86560322171567,20.079581763352017],[-155.86554525172596,20.079764605374432],[-155.86538467761522,20.079880527295842],[-155.8653757870729,20.08004105499452],[-155.865366805811,20.08030414704138],[-155.86544264758416,20.08043790868803],[-155.86556303281745,20.080553800228362],[-155.86573249754127,20.080500352599383],[-155.86588409050418,20.080353217909074],[-155.8659777134728,20.080223883213336],[-155.86621403897948,20.080281822327528],[-155.8662274655379,20.080429002968444],[-155.86638350394918,20.08059840231059],[-155.86655741426566,20.080651913260056],[-155.86666446394625,20.080767917740502],[-155.8668160572241,20.081048772075704],[-155.86685171022867,20.081106784505664],[-155.86700330356973,20.08140999084608],[-155.86728870924492,20.08136096904571],[-155.86747604650796,20.081494692451905],[-155.86752059014958,20.0816998267162],[-155.86740464968227,20.08178896970279],[-155.86737788721558,20.0819317052132],[-155.86745817462042,20.082145743258014],[-155.86750271826025,20.082297336243183],[-155.86751169956497,20.082529203138677],[-155.86768561031863,20.082654104170075],[-155.86772126339227,20.08288149627974],[-155.8679352726138,20.08291717538648],[-155.86802889601032,20.083037530809303],[-155.86810918353154,20.083148990619915],[-155.86769450090668,20.083349732698768],[-155.86755179791743,20.083474527351687],[-155.86752503544196,20.083795566104648],[-155.8678148867441,20.084045324226835],[-155.86806463983152,20.08398732880844],[-155.86829198511657,20.083938248446632],[-155.8684837681001,20.08400071745372],[-155.86852831184171,20.08415231202546],[-155.86869333238113,20.08428612850803],[-155.8691794130249,20.084384233482258],[-155.8693086898804,20.084446595044145],[-155.86941129490592,20.084575983185125],[-155.86962085961966,20.084674081220527],[-155.8697635632664,20.084745436647943],[-155.86987496830628,20.084834537093915],[-155.86995081084106,20.085003998009892],[-155.86995081084106,20.085231427183057],[-155.87005786133068,20.085485626554235],[-155.87030752494445,20.085539120294406],[-155.87046810081586,20.08550792706285],[-155.8708292606549,20.08544996015654],[-155.87078907128895,20.085601553379874],[-155.87092288465453,20.085726357430378],[-155.8708515780019,20.08593600701669],[-155.87100317269298,20.0861812603339],[-155.8713955409968,20.08631052904617],[-155.87156945325393,20.086408660930708],[-155.87156500792153,20.086573663216722],[-155.8714267490338,20.086774320746137],[-155.87155611725683,20.086992821983458],[-155.87121718347797,20.08722015372087],[-155.87107003404213,20.08737626608932],[-155.8711280047451,20.087501077446557],[-155.87135544230122,20.087550171424905],[-155.871538245207,20.0876795057181],[-155.8715337998749,20.0878489278268],[-155.87162742402123,20.08808971760814],[-155.87193061397775,20.08833053026751],[-155.872046555613,20.088450884775117],[-155.8722160227831,20.08854455190418],[-155.87236761793423,20.08861141459981],[-155.87244790623066,20.088754154851785],[-155.872327519152,20.088959265467295],[-155.87227843897318,20.089128698919026],[-155.87211350783855,20.089244592497593],[-155.87198413945512,20.089365029196227],[-155.87205100095017,20.08949877570319],[-155.8722160227831,20.089552281226336],[-155.87248800502363,20.089614696871624],[-155.87269312582814,20.0896459489781],[-155.87285370255154,20.089614756034432],[-155.87298742581012,20.08971728291989],[-155.87296519907852,20.089855496069582],[-155.8728180490707,20.09017215793138],[-155.87284925720644,20.09035939727902],[-155.87317032010063,20.090511006010654],[-155.87360723453997,20.09067595392201],[-155.87384356405946,20.090787442249166],[-155.87416018230508,20.09080973102571],[-155.8743653038719,20.09110403143763],[-155.8746819224845,20.0914519233119],[-155.8746596049475,20.091599049363587],[-155.87447235541228,20.09186657609375],[-155.87427612451492,20.0920627712021],[-155.8742627884376,20.092361545153388],[-155.87440993891786,20.09252652842912],[-155.87419139053387,20.09299470173845],[-155.87438317603406,20.0931419126353],[-155.87457931625644,20.093070558260614],[-155.87473100292547,20.092950114194853],[-155.87494057011813,20.092976910238246],[-155.87508327545277,20.093101730397475],[-155.87511448374556,20.093244437261397],[-155.87519912717855,20.093431751872103],[-155.875208108637,20.09369924599638],[-155.87525265304467,20.093837505760035],[-155.87518134570576,20.094038153654825],[-155.87498511449934,20.094212080968724],[-155.874931588665,20.094377051226815],[-155.8749806691332,20.09451528674607],[-155.87499400523177,20.09477839587835],[-155.8752705252421,20.094836371656218],[-155.87545332973846,20.094845278283902],[-155.8755826083973,20.094921074046184],[-155.8757431861516,20.09501915598494],[-155.87589478249078,20.095059334766294],[-155.87630947267752,20.095023638375103],[-155.87638976167707,20.09516187963751],[-155.8763674440554,20.095353629504764],[-155.8763585532959,20.095540860038266],[-155.87657256662771,20.09567462623886],[-155.87657701200956,20.095982350102084],[-155.8765190406047,20.096147275115733],[-155.87689363217714,20.096526334027246],[-155.8769337313661,20.096660128987498],[-155.87710320037607,20.096758221830846],[-155.87707643733225,20.097003471777676],[-155.87731276867245,20.097132815012294],[-155.87742871169388,20.097248671896736],[-155.87744213858716,20.097395867121033],[-155.87738861246086,20.097725814462105],[-155.87754465474512,20.097868544897892],[-155.87761151706601,20.098037996071007],[-155.87787905717113,20.09808702560334],[-155.87790137486766,20.098251995154428],[-155.8780084272484,20.098403625841996],[-155.8780173180405,20.098546341676744],[-155.8778612755926,20.098671173541245],[-155.87753576396236,20.0985909022373],[-155.87736629478974,20.09865336188596],[-155.87748223782492,20.09882727131752],[-155.8777274601643,20.098880726782827],[-155.87770069708344,20.099335575171317],[-155.8777051424764,20.099505016962315],[-155.87811094353518,20.099643214552458],[-155.8782045690493,20.099763667939573],[-155.878240313679,20.10024965016675],[-155.87829828530528,20.100423598213787],[-155.87846766410584,20.100619765869002],[-155.8786683422315,20.100771414595044],[-155.87873965012224,20.1009676043975],[-155.87898051846255,20.100945295858644],[-155.87916332446395,20.101030020300517],[-155.8791766606863,20.1013689553459],[-155.87933279431212,20.101578509280806],[-155.87941743853742,20.101743478993072],[-155.87939076607884,20.1018950819251],[-155.87927926796132,20.10208236388904],[-155.87947541031502,20.102113599367815],[-155.87930603113594,20.10231869538071],[-155.87891356521607,20.10257731101548],[-155.87924805938007,20.102679879709598],[-155.8794264200799,20.10291619152429],[-155.8794085477177,20.103054447113685],[-155.87927482255282,20.103264015308465],[-155.87935057594868,20.10342906137025],[-155.87950217350127,20.10346915992416],[-155.8797563784883,20.10346025513874],[-155.88016662681028,20.103344281353603],[-155.88035387871147,20.1033665826429],[-155.88034054245432,20.103585136548926],[-155.8804876949191,20.103651960887092],[-155.88086664448986,20.10375007365767],[-155.8811341865259,20.103495922619334],[-155.8812858754008,20.103585076106743],[-155.8812858754008,20.10373229108593],[-155.88134829284738,20.103977518290538],[-155.88142849202106,20.104111249157217],[-155.88139283786177,20.104361003392103],[-155.88153554523888,20.1045705758783],[-155.88159351728865,20.10475787330922],[-155.88184772345386,20.10461067538903],[-155.8819190318471,20.104476909563306],[-155.8821152660714,20.10442783490878],[-155.8820973936027,20.104628481497134],[-155.882396145165,20.1045616673406],[-155.88257895255006,20.104619618920605],[-155.88256117078626,20.104820279265045],[-155.88288224059826,20.10498975406935],[-155.88295799459965,20.105203761780103],[-155.8830962570253,20.10533755466259],[-155.88339945469744,20.105328585390662],[-155.8835510536098,20.105355337433668],[-155.88353771725824,20.10568090946918],[-155.88364912570412,20.10578787242847],[-155.88350197220893,20.10601531316048],[-155.8836134713695,20.10622488289011],[-155.88376507035372,20.10634530416498],[-155.88372941600994,20.106510234203537],[-155.88358670793951,20.106684173091526],[-155.8836446802526,20.106875893259588],[-155.8836134713695,20.10713453935119],[-155.88345742698647,20.107290570590614],[-155.88340834559574,20.107482374478952],[-155.88323896494077,20.10754034416472],[-155.88312302042624,20.107897071768342],[-155.88291789487516,20.108120041813525],[-155.88275286912355,20.108614937437423],[-155.8828911314864,20.10877992849134],[-155.88266813354937,20.109029638610885],[-155.88247198980807,20.109118841974656],[-155.8823916997258,20.10931055369086],[-155.88248977156834,20.109471096465672],[-155.8826815605986,20.109466687722705],[-155.88287770443094,20.109627210917807],[-155.88308727540974,20.10987237897982],[-155.88275286912355,20.109903603552066],[-155.88256561622714,20.109921502398873],[-155.88247198980807,20.110055272365816],[-155.88257450710904,20.11017115398892],[-155.88270387853268,20.110273747464248],[-155.88277518706116,20.110443172550713],[-155.8823069642194,20.110554671220395],[-155.8821330478176,20.110617080815185],[-155.88224454664024,20.110915818571694],[-155.88231140965777,20.11116552025504],[-155.8824942170085,20.111388547543775],[-155.8825879341555,20.11150443317086],[-155.88272610574455,20.111682844201095],[-155.88342621811634,20.11158914022903],[-155.8835822624886,20.111504426135888],[-155.88377405198275,20.111455393239392],[-155.88380081542383,20.111593646102946],[-155.88375173399578,20.111843335697266],[-155.88363578934963,20.112008305747977],[-155.88343066356575,20.11205736511861],[-155.88285547721162,20.112467643315163],[-155.88285547721162,20.112717371449786],[-155.88285547721162,20.112984864588626],[-155.88290891326318,20.113131988264787],[-155.88315867472213,20.113096353306176],[-155.88339500924835,20.11302503198124],[-155.88404159574137,20.112873442113433],[-155.88428682164502,20.112891208897498],[-155.88452315676136,20.112967020314056],[-155.88469707408328,20.1129135339149],[-155.8847951464263,20.112735183890322],[-155.8851474268127,20.112650442177305],[-155.88524549925341,20.112802063365248],[-155.88521429025982,20.113154299808357],[-155.88518308126834,20.113363905307114],[-155.88499138189997,20.1134308018921],[-155.88461233814448,20.113274692117226],[-155.88430015801873,20.11351550783736],[-155.88422440379233,20.11376967314808],[-155.88418421323183,20.113992599100985],[-155.88406835919832,20.114099697179924],[-155.88386767867172,20.114318122961734],[-155.88373386146233,20.11440732365879],[-155.88382748814294,20.114630298653392],[-155.88398806883225,20.114888877926376],[-155.88415754049166,20.114929016849135],[-155.8845097296574,20.114817577812126],[-155.88465243801932,20.1147952818978],[-155.88483978250437,20.115004860023188],[-155.88473717396565,20.115116338374392],[-155.88450528419736,20.1152010527569],[-155.88443397539584,20.11535267051069],[-155.8846880924359,20.1155532870007],[-155.88472828304123,20.115745078659998],[-155.88460344722247,20.115883263628593],[-155.88442508447736,20.116030455377754],[-155.88451426584112,20.116186489091916],[-155.88474161942796,20.116186545935893],[-155.884919982298,20.11614636982071],[-155.88512510875793,20.116284569529416],[-155.88523216285182,20.116476337760645],[-155.88519197220174,20.116641295054976],[-155.88512066329187,20.11677956842145],[-155.8851429813464,20.116980252578266],[-155.88523216285182,20.11713628723707],[-155.88558444357875,20.116940115397643],[-155.88577169772614,20.117051591652174],[-155.88594117005425,20.117047105194178],[-155.88608378814408,20.116971330161206],[-155.88647626029515,20.11711850703888],[-155.88665906933062,20.117234440368755],[-155.8867170420377,20.11726560123495],[-155.8868775330292,20.1173592678983],[-155.8871049785285,20.117542090267552],[-155.88727889684344,20.117595621792027],[-155.8873502060936,20.117773979580946],[-155.88732788793016,20.117921122631767],[-155.88749291535197,20.1181797552489],[-155.8875508881659,20.118407187265486],[-155.88738586072293,20.118465103657954],[-155.88711831498534,20.11838486112633],[-155.88706034222685,20.118554305536534],[-155.88684187843998,20.11873267957835],[-155.886699169387,20.118781665732048],[-155.88669027842397,20.11920981198231],[-155.8866813874611,20.119352520587817],[-155.88685076940598,20.11942826436299],[-155.88669027842397,20.119646809137144],[-155.88667240577433,20.119807259887413],[-155.8869667148767,20.119990147700463],[-155.8872744513562,20.1201952923922],[-155.8875062518202,20.120400339511306],[-155.88754199718613,20.120605519160996],[-155.88759997000633,20.120761550559422],[-155.8879432708654,20.1207347637759],[-155.8881305259892,20.120904215434756],[-155.88839362682702,20.12097115249856],[-155.88859875486216,20.12110043131583],[-155.88860764586272,20.121247582803964],[-155.88838029033258,20.121359050396812],[-155.8886121820875,20.12158646801866],[-155.88872359178356,20.121778192101853],[-155.8887370190126,20.121943255487256],[-155.88895103821065,20.12202791869375],[-155.88915616649837,20.121983365414906],[-155.88929887632614,20.122036893200907],[-155.88951734129898,20.12226424060899],[-155.88968236951902,20.122500608966327],[-155.88982498878784,20.122571974648732],[-155.8900880906103,20.122656677776895],[-155.8900791995807,20.12286628874748],[-155.89014606375656,20.12299555658944],[-155.8902174641832,20.123222980707798],[-155.8905384487052,20.123423668417473],[-155.89069903177642,20.123530698302663],[-155.8910512260336,20.123637631937743],[-155.89122070033838,20.123726820920922],[-155.89134553798246,20.123963161702747],[-155.89143925696314,20.124092487553515],[-155.89143925696314,20.12428425985641],[-155.89127867362959,20.124484864081634],[-155.8913187740951,20.12471227058905],[-155.89144370249124,20.12495755127252],[-155.89168893240605,20.12512255276388],[-155.8917870062641,20.12530538272756],[-155.8917870062641,20.12545252780254],[-155.89165327743794,20.125733434904706],[-155.8915105668685,20.12580477890465],[-155.8912519097462,20.125880610898015],[-155.89110030825347,20.125907315919736],[-155.8910512260336,20.12611689889058],[-155.89136785634395,20.126415654122457],[-155.89147046638598,20.126687717143394],[-155.89134553798246,20.126901720849368],[-155.89121625481246,20.127035529135608],[-155.89128311915613,20.127209427988753],[-155.8914659301325,20.127338716814204],[-155.8914659301325,20.127481441896258],[-155.89114494495342,20.127833709511865],[-155.891091417204,20.127971925096894],[-155.8912519097462,20.128266214939682],[-155.89143027518196,20.12840446806149],[-155.8915997496285,20.128631882373245],[-155.89166216849844,20.128796894168804],[-155.89171125078445,20.128997550560484],[-155.89205900029413,20.129273949696735],[-155.89215716495744,20.12951919160832],[-155.89213929209203,20.12966638911751],[-155.89192082585487,20.12989823566052],[-155.89180932464734,20.130009707838838],[-155.8916755050895,20.130147959902168],[-155.8917022689979,20.130357545907923],[-155.89177366966976,20.1305715464467],[-155.89144814801944,20.13080346667991],[-155.89137230187137,20.130959536772178],[-155.89148824849994,20.13114232130864],[-155.89123857316758,20.13120473892445],[-155.89107354438062,20.131476781734836],[-155.89114040870325,20.13173092991287],[-155.89160419515818,20.132377490392557],[-155.8917022689979,20.132564747334985],[-155.89172458737698,20.132711976741774],[-155.8917602423507,20.133041944940093],[-155.8917692241384,20.133278288512905],[-155.89206344582834,20.133648371058094],[-155.89225079338073,20.133871321910227],[-155.89258076114672,20.134482216689918],[-155.89292851132336,20.13513325890036],[-155.8930712223392,20.135538984533706],[-155.8931247503224,20.135811016308466],[-155.89309798633,20.136033947508857],[-155.89299991218834,20.136279208531445],[-155.89299991218834,20.136506605579072],[-155.8930712223392,20.136738535726966],[-155.8930712223392,20.13688117973129],[-155.89301324881876,20.13707290463737],[-155.8928750740887,20.13720670013792],[-155.8927144902465,20.13732263274762],[-155.89262086172747,20.137590212960713],[-155.89269226254402,20.137906825163626],[-155.89285275565297,20.138321502602228],[-155.89289730180013,20.13865590872059],[-155.89291962023805,20.13893235455314],[-155.89350824675282,20.139088477017207],[-155.8937534777843,20.13931589767088],[-155.89382932433065,20.139512103040538],[-155.89400769078037,20.139547763094516],[-155.8941726299097,20.13957000460833],[-155.894315341317,20.139708299199164],[-155.89449370795776,20.13994016094218],[-155.8946943931939,20.14014974825177],[-155.8948415503267,20.140359329466868],[-155.89497972565573,20.14072045963793],[-155.89507335466166,20.14096573934891],[-155.89512688288107,20.141170875046033],[-155.8953810966466,20.141848622067286],[-155.89554159070678,20.142080537057097],[-155.8957779316958,20.142294519637346],[-155.89587600643793,20.14244616773262],[-155.89600084536326,20.142718151964704],[-155.89604103697224,20.143119520706396],[-155.8960231639538,20.143494043543633],[-155.89592508917988,20.143939935844987],[-155.89582247813016,20.14413166923143],[-155.89576005868773,20.144269963779497],[-155.8957779316958,20.144479550778087],[-155.89567985697488,20.144698038348047],[-155.89571551225947,20.144903141959475],[-155.8957734861252,20.14508146546511],[-155.89592953475199,20.14530891631642],[-155.89606326483877,20.14539805601508],[-155.89636202561599,20.14548276026755],[-155.896486955401,20.1456299648594],[-155.89654039306103,20.145768187749987],[-155.896522610749,20.145946519861113],[-155.89634424331095,20.146173966097418],[-155.896183658241,20.146365729090626],[-155.89598750864502,20.146454923539412],[-155.8958135869881,20.14646827272709],[-155.89566642954014,20.146575265476024],[-155.89574227640625,20.146695647760136],[-155.8958314599983,20.146847288480167],[-155.89567985697488,20.146972170330116],[-155.89552825400204,20.14698551709692],[-155.8953364595297,20.147302149511198],[-155.8953453506624,20.147502787117457],[-155.89546129830666,20.147975477842447],[-155.89539443334698,20.148149343257973],[-155.89531858653902,20.148332195415808],[-155.89549250800627,20.148564021683473],[-155.89551482657183,20.14877365871094],[-155.89534988695465,20.148934184220696],[-155.8951669836869,20.148947505775013],[-155.89507335466166,20.149152607919245],[-155.8950555724071,20.149335444791976],[-155.89504214499087,20.149491538130615],[-155.89513577400965,20.149692195709612],[-155.89510011877059,20.149834871603833],[-155.89512243731684,20.150004298455503],[-155.89539887891388,20.15016484438473],[-155.8955192721399,20.150307571804856],[-155.8953141409729,20.150570670731483],[-155.8952160663522,20.150824776497352],[-155.89539887891388,20.151123607029948],[-155.89558613711796,20.151185983027553],[-155.8957244033996,20.151266263412325],[-155.89588489758117,20.15150261191277],[-155.8961212387489,20.1519707976806],[-155.89653594748296,20.15202876503262],[-155.89674997036215,20.152046641433657],[-155.8968882369982,20.152117910638243],[-155.89698631198013,20.152273987927845],[-155.89718699831815,20.15273778235783],[-155.8973252650872,20.152871536531297],[-155.8974188945768,20.15312125084933],[-155.89734304743064,20.153277326713564],[-155.89734304743064,20.15345117860157],[-155.89740102150412,20.15376782537019],[-155.8975169696733,20.153955139922942],[-155.8976997831613,20.154142353688673],[-155.89777563036702,20.154267246981856],[-155.8978201769973,20.154441169640496],[-155.8978336044957,20.154686421509528],[-155.8978023946352,20.154967296002226],[-155.8978336044957,20.15531067677263],[-155.89800743619975,20.155471173467863],[-155.89808772905002,20.155720916301778],[-155.89808772905002,20.1558859283],[-155.89827054276768,20.156059797411512],[-155.89817691310262,20.15633181037992],[-155.89820367739443,20.156465584970043],[-155.89824377847194,20.15664838745565],[-155.89822155049865,20.156795560764483],[-155.89814570321852,20.157098796787125],[-155.89814570321852,20.157500063734556],[-155.89823488728248,20.157669566610867],[-155.89831962576844,20.157798809603225],[-155.89831962576844,20.158075276342974],[-155.8984489109621,20.158218022687766],[-155.89850243957937,20.158458794212102],[-155.8987655464339,20.158726326037975],[-155.89884130309093,20.15900729659927],[-155.8987833288337,20.159551247642916],[-155.89871201778564,20.15968502716968],[-155.89854698628093,20.15984111871468],[-155.89854254068322,20.16011311781726],[-155.89848901206122,20.160336100773645],[-155.8985068851767,20.160496560223002],[-155.8987075721863,20.160777505827685],[-155.8988324118898,20.16102273475743],[-155.89880564756098,20.161259113786073],[-155.89873878210898,20.16140178300797],[-155.89876999203378,20.161544449919596],[-155.8988948317544,20.161758564193295],[-155.8988948317544,20.162057307967764],[-155.89892604168995,20.16219104865365],[-155.8990820913997,20.162382816192054],[-155.89928722426822,20.162454164932694],[-155.89943882849545,20.162467521554657],[-155.89970193589195,20.162525497091462],[-155.89984020342618,20.162610206693014],[-155.8999471702679,20.16273059845778],[-155.89995161587933,20.16290008360501],[-155.8998758590373,20.16314085089617],[-155.8999115146512,20.163287988440914],[-155.90010766594108,20.163497548887626],[-155.90015674914017,20.16366703415627],[-155.9002638067832,20.163765165646886],[-155.9003842012983,20.163898894059823],[-155.90037521934016,20.164050538420604],[-155.9001656403672,20.164277887635677],[-155.90014341229997,20.164541026340064],[-155.89998727149919,20.164656916840528],[-155.8999159602623,20.165258881962565],[-155.89987141342658,20.16539271062331],[-155.89966628029447,20.16559783156511],[-155.89960830593202,20.165762787546395],[-155.89961275154016,20.16594562100779],[-155.89963507030814,20.166123985505497],[-155.8995948783812,20.166302312724543],[-155.8995592227921,20.167046995862762],[-155.89956811400745,20.167229878221804],[-155.89975101904724,20.16775157863199],[-155.89985354025748,20.16831341838676],[-155.8998936414805,20.16854077781964],[-155.89997393466396,20.168710278486017],[-155.8999694890523,20.168879753799057],[-155.8999248514846,20.169058033276226],[-155.89978222904153,20.169468335827926],[-155.8999918078378,20.169780424951174],[-155.8999605978291,20.16991865012625],[-155.90000959028555,20.17027091302841],[-155.9003217812292,20.17047160919967],[-155.9004733858014,20.170596429774463],[-155.90091032661044,20.1706499978815],[-155.90105304013423,20.170756952692592],[-155.90095496427486,20.170944245536578],[-155.90095051865362,20.171095868758407],[-155.90108869584043,20.171180572688414],[-155.90119130807918,20.171367930293492],[-155.90124474629226,20.171501663776812],[-155.90152128234075,20.171630969799754],[-155.90157472059258,20.171800411201932],[-155.90145432576242,20.17190294095268],[-155.90145432576242,20.17206354031004],[-155.90132059408938,20.17215266133464],[-155.90108425021788,20.17220618087217],[-155.90105748575647,20.172393511331656],[-155.90111101468085,20.172589661773845],[-155.90095940989616,20.17279037339093],[-155.90095940989616,20.173008869905917],[-155.9010084024602,20.173329850703336],[-155.90091921785222,20.17347260557577],[-155.9005670159394,20.1736197000967],[-155.90033511807465,20.17378472340412],[-155.90018351354857,20.173829339869016],[-155.89999625344967,20.17382041791192],[-155.8998044570911,20.17394525182329],[-155.89984020342618,20.174092407711477],[-155.89993383343383,20.174279657271374],[-155.8999828258874,20.174511538946305],[-155.9000006990616,20.174689944163827],[-155.90017017670758,20.1749217598408],[-155.90022806041486,20.175091251178785],[-155.90019685038996,20.175265099653803],[-155.90037521934016,20.17576898687196],[-155.90044217575965,20.175956286276236],[-155.90041985695206,20.17615250727889],[-155.90029057119787,20.17637098592252],[-155.90037077372457,20.176678634650866],[-155.90045106699225,20.176995308896092],[-155.9007765950973,20.176964064059263],[-155.90072306621232,20.177155765956673],[-155.9005535883603,20.177253904231353],[-155.9005001502284,20.177548236441137],[-155.90066953733358,20.17788708166236],[-155.9007409394156,20.178011942657363],[-155.90075872189266,20.178230465862963],[-155.90076316751203,20.178484636042516],[-155.9009281998211,20.178645162461887],[-155.90087022529778,20.17894393995921],[-155.90099061997338,20.179122232591318],[-155.90109758708567,20.179238217089445],[-155.90126706514036,20.17928724774391],[-155.90177096332675,20.179447795315184],[-155.90193590527423,20.17967071393601],[-155.90210538364113,20.180049791073834],[-155.90219012284828,20.180245961492176],[-155.90210538364113,20.180598254207368],[-155.9020563002318,20.18090146814463],[-155.9021232568987,20.181106541485512],[-155.90194488726317,20.18132956104529],[-155.90196266978728,20.181655042472233],[-155.90197609740798,20.181877954354093],[-155.90186459373183,20.182114313816452],[-155.90171743432475,20.182337261594682],[-155.90159259382932,20.182671672150146],[-155.9014231156534,20.182845645501693],[-155.90126261951605,20.183131020177747],[-155.9010619313788,20.18322905498776],[-155.90089698974816,20.183657212967525],[-155.90061600846118,20.183701785725557],[-155.90040642937728,20.1837240535333],[-155.90053580589125,20.183889028736118],[-155.90047783141796,20.184036216562745],[-155.90061156284327,20.184263632324743],[-155.9007409394156,20.184330495168812],[-155.90087022529778,20.184201203914306],[-155.90128049274054,20.18430824567586],[-155.9014721989944,20.18440182120983],[-155.90163269520565,20.184499972907847],[-155.9015435104753,20.184682770656657],[-155.90152128234075,20.184861154113364],[-155.90167288731263,20.185026119665014],[-155.90175309008305,20.185240171461558],[-155.90190914076274,20.18557454731686],[-155.90190914076274,20.185739572369386],[-155.90208306475196,20.185877759700023],[-155.9022213330099,20.185958069077042],[-155.9021277025314,20.18608291955756],[-155.9021232568987,20.18622562065568],[-155.9022703257098,20.1864396678043],[-155.9023952571184,20.18671614457503],[-155.90263604730842,20.1868365574768],[-155.903041779974,20.186881134013056],[-155.90340296581968,20.18697026948079],[-155.90353225245806,20.18706840790558],[-155.903443158083,20.187206585242656],[-155.90347881397642,20.187532111989686],[-155.90334499098117,20.18793791950247],[-155.90322015003935,20.188174219214567],[-155.90302399740773,20.188316951547378],[-155.90284109105218,20.188343677450607],[-155.90272069588704,20.188267910990255],[-155.9025111158337,20.1882679014513],[-155.90235951058258,20.18841504533168],[-155.90227930770533,20.188633493568634],[-155.9018422748545,20.188780689671358],[-155.90192256838185,20.188905570747202],[-155.90194035090508,20.189222130380735],[-155.90226588007567,20.189324727259372],[-155.90231051787308,20.18962791924056],[-155.90217224958806,20.189837444481633],[-155.90223022427725,20.190127350228057],[-155.90235951058258,20.190265537182327],[-155.90254686238143,20.190278908053372],[-155.9024621231079,20.190488537223914],[-155.90238627512056,20.190671312282557],[-155.9024977789245,20.190836340815697],[-155.90269846769496,20.19123322270316],[-155.90276088809009,20.191380342361125],[-155.90292583039624,20.191420479825002],[-155.90294814932676,20.19168804725707],[-155.90309086348958,20.191982326458934],[-155.90321125875263,20.19207595050895],[-155.90324246898427,20.192276619086858],[-155.90337620122196,20.192401423453727],[-155.90344760372858,20.192744802141046],[-155.90348770526836,20.192932135714678],[-155.9036348652477,20.193043582166048],[-155.90350104220656,20.19322195468862],[-155.90348325962236,20.19339137886814],[-155.9035635534392,20.19356532144532],[-155.9036169919308,20.193721344172936],[-155.9036348652477,20.193904182276665],[-155.90379980787046,20.194011234460095],[-155.90371515909123,20.19417615669617],[-155.9037730432494,20.19443485157547],[-155.90390686637045,20.194577525934786],[-155.904022816198,20.19470239142961],[-155.90420118664755,20.19485398659522],[-155.90429926320633,20.195103712388406],[-155.90435279251187,20.195652132541355],[-155.90433936482108,20.19591520490254],[-155.90428592624474,20.196098083951018],[-155.9041922046141,20.196209572501573],[-155.90402726184922,20.19631652185832],[-155.90401383416804,20.196468128293937],[-155.90416997635023,20.196615314319217],[-155.90423684260034,20.196820473073227],[-155.9041342296751,20.19700328296771],[-155.9042100779536,20.197275296828195],[-155.9041521030123,20.19745811352522],[-155.90337175557707,20.197805938248553],[-155.90322015003935,20.197890586178534],[-155.90312207371298,20.198011049237802],[-155.903041779974,20.198381081756306],[-155.90301501539747,20.19862189970167],[-155.9030105697561,20.19882259052136],[-155.90286340997852,20.199032185479464],[-155.90284562741925,20.199308654566376],[-155.90309086348958,20.199558286838265],[-155.90316217522405,20.199696582787283],[-155.90321570439596,20.200227151062883],[-155.90318004852313,20.20037876669803],[-155.90297935954038,20.20065525342796],[-155.90297935954038,20.200882691545946],[-155.90270735897167,20.20100753184567],[-155.9026137283932,20.201123451121088],[-155.90263160167075,20.201413336250624],[-155.90295704060833,20.20173879079887],[-155.90298380518144,20.201890441608587],[-155.9030105697561,20.202162401215556],[-155.90303288869077,20.202314088032374],[-155.90294814932676,20.202514704561313],[-155.9024665687439,20.20268857460818],[-155.90214103942978,20.202880387223562],[-155.90202064444978,20.203000757594147],[-155.90196711541842,20.203170186781325],[-155.90214103942978,20.203513557842033],[-155.90220345974848,20.203678540039963],[-155.90207861911966,20.2041511989583],[-155.9018333835947,20.204561425915035],[-155.90171743432475,20.204842368995255],[-155.90174419882496,20.205163387541276],[-155.90169066982614,20.205306118948055],[-155.90174419882496,20.205542423365284],[-155.901739753196,20.205850160127397],[-155.9018199559782,20.206001737353255],[-155.90179772783011,20.206166691899615],[-155.90161491269444,20.206460981529766],[-155.9016862241977,20.206701820533198],[-155.9016817785693,20.207045182883913],[-155.90159259382932,20.207219049628605],[-155.9014721989944,20.207384054732632],[-155.90139635117205,20.207535623030342],[-155.90133837658908,20.20771401455735],[-155.90133837658908,20.20790574353578],[-155.90144543451018,20.208177784062315],[-155.90159259382932,20.20836951014735],[-155.9016817785693,20.208659365603907],[-155.90165056844467,20.209020529472735],[-155.90157027496528,20.209207843546164],[-155.90165056844467,20.209323726149456],[-155.90163714083357,20.209524392104573],[-155.9015791662199,20.209778540700782],[-155.90163269520565,20.210068413761565],[-155.90159703945685,20.21025123243051],[-155.9016683509573,20.21074621304654],[-155.9016817785693,20.211080606395008],[-155.9017129886961,20.211245658831952],[-155.90191812275117,20.21171830029252],[-155.90215891268878,20.212008123338837],[-155.90257362693043,20.212280145802694],[-155.90272967789147,20.212342567244495],[-155.90309975477393,20.21268149381643],[-155.90314883829578,20.21286878083664],[-155.90300167847352,20.2132165365464],[-155.902885728906,20.21332802539178],[-155.9027832070125,20.21383640505957],[-155.90257807256754,20.21398350891425],[-155.9022124417427,20.21404594746567],[-155.9020920467438,20.214237734137384],[-155.90210982927368,20.214804031431797],[-155.90218123158166,20.215196406644033],[-155.90214103942978,20.215428223735373],[-155.90202509008148,20.21566010645128],[-155.90183782922455,20.215856308197917],[-155.90165501407276,20.216279916972518],[-155.90151230036017,20.216502899847377],[-155.90121798182145,20.21677046689998],[-155.9010441488899,20.21696665800652],[-155.90111546030366,20.217243131161855],[-155.9011243515494,20.217466081994477],[-155.90105748575647,20.217635531187348],[-155.90081669640176,20.21792089314498],[-155.90067842857064,20.218228608342304],[-155.90047783141796,20.218473800369257],[-155.90041541133607,20.218687851521356],[-155.90054914274296,20.218826116905255],[-155.90072751183135,20.218897480910446],[-155.90079437757578,20.219071365044172],[-155.90061600846118,20.219441452862384],[-155.90052237831307,20.219744674625357],[-155.90057590717447,20.220003265431544],[-155.90094598230544,20.220101421753824],[-155.9010619313788,20.220190599625578],[-155.9010262756747,20.220413551169358],[-155.90087911653873,20.220516084735255],[-155.90064721851485,20.220823734972406],[-155.90054025150846,20.22096644906433],[-155.90034845492045,20.221149316496103],[-155.9003127992723,20.221425748273575],[-155.90023259675584,20.221568433586476],[-155.9001032203281,20.22165313896916],[-155.89997393466396,20.22190731314822],[-155.8999471702679,20.222072290629747],[-155.8999427246565,20.22241123775611],[-155.9000230178486,20.222821488043124],[-155.89979112026123,20.22313806133046],[-155.89953690402785,20.22335650656589],[-155.89936307173883,20.223659736725192],[-155.8991088557448,20.2237534478025],[-155.89888594055225,20.223989781284104],[-155.89879231076037,20.22418595216306],[-155.8987744376337,20.224346437164723],[-155.8988324118898,20.22462735631631],[-155.89893937849442,20.224783425687352],[-155.89899735277157,20.225068851760586],[-155.89917572125123,20.225403293782623],[-155.89914006569504,20.225581605072204],[-155.89892604168995,20.2258491564658],[-155.89881009316125,20.226049825511243],[-155.89875211890796,20.22640209090633],[-155.89861838802958,20.226584959167727],[-155.89857819619257,20.226785568480285],[-155.89844001976866,20.22698182026776],[-155.8983998279474,20.2271869357414],[-155.89857819619257,20.227409827094483],[-155.8989304872914,20.227463336016413],[-155.89916683004355,20.22746337066564],[-155.8992336955585,20.22758820000915],[-155.8990241171117,20.22767741570311],[-155.8989304872914,20.227815683535667],[-155.8990820913997,20.22803418125262],[-155.89917572125123,20.228203622818754],[-155.89945670164826,20.228288275468486],[-155.8994432741019,20.228564787908265],[-155.8993942817065,20.22880110790534],[-155.8995191215986,20.228943790125154],[-155.8994968028363,20.229198010984422],[-155.89917127564738,20.229407544462124],[-155.89905977265883,20.22953241957426],[-155.89916683004355,20.229688506544083],[-155.89928722426822,20.22977315155027],[-155.89942104607,20.229831176544455],[-155.89955033157696,20.229942620021763],[-155.89962164275653,20.230107633605456],[-155.8994700384683,20.230317242106363],[-155.89918025758175,20.23048664316012],[-155.89901522590702,20.23050001603643],[-155.89880120196074,20.23061596152343],[-155.89878777443374,20.230812123960714],[-155.8988324118898,20.230972670963727],[-155.8988547306195,20.231110932551488],[-155.89871201778564,20.231298192069477],[-155.89839538235114,20.231400771844477],[-155.89824822406672,20.23167275130257],[-155.89825720598282,20.231993838977367],[-155.89835528126028,20.232421899119977],[-155.89833296255512,20.23263590181045],[-155.89828397027938,20.23277418508347],[-155.89805207357915,20.232854456833063],[-155.89786481435834,20.23323344335488],[-155.8977710940505,20.233380622562244],[-155.8976997831613,20.233563449867987],[-155.89754373392626,20.23384884555072],[-155.89729850084714,20.233973687552],[-155.89720487138237,20.234085167901974],[-155.897329710673,20.234370529510002],[-155.89733860184472,20.23459348381532],[-155.89720033507157,20.234709451775142],[-155.8969015737429,20.234651451566585],[-155.89665189543126,20.234638073569357],[-155.8965181651711,20.23481642779765],[-155.89644676375255,20.235257888790102],[-155.89646908236503,20.235578956454734],[-155.89635758003965,20.235837570882715],[-155.89622384986617,20.23597137040853],[-155.89634868888714,20.236283516874018],[-155.89633979773478,20.236738305908748],[-155.89606326483877,20.23670265887166],[-155.8958314599983,20.236698163629146],[-155.89563521982862,20.236970149603525],[-155.89524283046953,20.236983572157943],[-155.89518930223645,20.237309099802896],[-155.89485488701123,20.237335870496047],[-155.89468096578833,20.237331360492604],[-155.89454279055028,20.237384927011963],[-155.89427968614237,20.23768367438697],[-155.89404334593362,20.23746068162614],[-155.89384710653715,20.23761226629532],[-155.8937133771034,20.23767030326169],[-155.89363308502678,20.237977911677895],[-155.89356622033654,20.2382410463298],[-155.8936063210044,20.2383836754866],[-155.89363308502678,20.23862452743605],[-155.89344582762874,20.238847475324853],[-155.8933655355995,20.238990134607356],[-155.89334321713963,20.23912837487139],[-155.89345027317654,20.2392978188162],[-155.89345471872437,20.2394583968148],[-155.89337442669353,20.239645609181533],[-155.8932362518534,20.239779436115963],[-155.89340119070226,20.24010939779519],[-155.89338785406042,20.240323424931326],[-155.89324514294495,20.24050624739562],[-155.89297314820334,20.24062667337822],[-155.89288396517313,20.24105916629923],[-155.89290183806793,20.24124643705562],[-155.89278589107778,20.241496149314077],[-155.8926743896575,20.241612082237047],[-155.8922329205116,20.24158978784197],[-155.8921616104926,20.241723631644387],[-155.89221958390414,20.24191978797512],[-155.89206344582834,20.24206248057497],[-155.89181377017908,20.242062517366122],[-155.8913410924553,20.241964349834333],[-155.89126978257661,20.242169528034243],[-155.89083720584316,20.24216501421022],[-155.8905474304687,20.242254195132936],[-155.89020403691023,20.24253955842396],[-155.89007475406598,20.242655539482122],[-155.88985175258694,20.242949803777112],[-155.8897759974309,20.243110376178187],[-155.88966005124055,20.24329316714433],[-155.88929887632614,20.243721247478344],[-155.88914273925687,20.2439487019988],[-155.88909819347884,20.244118144005636],[-155.889124957235,20.244416895372037],[-155.8890714297243,20.24456403145779],[-155.88875035551757,20.24502777725148],[-155.88869682805117,20.245219550350527],[-155.88867904604678,20.24536669345292],[-155.88895992921812,20.245451379466342],[-155.88895992921812,20.24559855596018],[-155.88887074697783,20.245727842375093],[-155.88892427446478,20.245874974585842],[-155.8890714297243,20.245968627673438],[-155.8890758752292,20.246329860949746],[-155.8892185850316,20.246646397211258],[-155.88924090328834,20.246811441500586],[-155.88928100357347,20.247096828548937],[-155.8892185850316,20.247248454420617],[-155.88906253871465,20.24746690771535],[-155.88894214720338,20.247569467204936],[-155.88876822824926,20.247756754293405],[-155.88873257351105,20.24812236369028],[-155.88869682805117,20.248278460131527],[-155.88846502697731,20.24851923206694],[-155.8885987548622,20.248760069366778],[-155.8884515997563,20.249018668669923],[-155.88833565390513,20.249134626202867],[-155.88824202629112,20.249263944934143],[-155.8881305259892,20.249527044800203],[-155.88809931679654,20.249892619447355],[-155.88797448004732,20.250231577756384],[-155.88796558905923,20.250396507946775],[-155.8881305259892,20.25057046280749],[-155.88825091728464,20.250672984892763],[-155.88840260854795,20.25083795786237],[-155.88830444469832,20.25109661938508],[-155.88803689841762,20.251319608628606],[-155.88797448004732,20.251506857791647],[-155.88798790725417,20.251850182644755],[-155.88785853431838,20.25197056341161],[-155.88760886098723,20.252041913926135],[-155.8874572607142,20.252238135722486],[-155.88707376940653,20.252175761145633],[-155.8868865147201,20.25231399903185],[-155.8866411966822,20.2522114258453],[-155.8862978968112,20.252255984772386],[-155.88610166077046,20.252296073348845],[-155.8860303517171,20.252496736218525],[-155.88589653386745,20.252617147429294],[-155.88564686161928,20.252733130080227],[-155.88546405299297,20.252880257966687],[-155.88535255337584,20.253080943702805],[-155.88534810790753,20.25335296761854],[-155.8854016349777,20.253584786081046],[-155.8854016349777,20.253749816765133],[-155.88520539932597,20.254030688795808],[-155.88520539932597,20.254516768356524],[-155.88513399969017,20.254690634049656],[-155.88470596500713,20.254913572052814],[-155.88439387554038,20.255239153812695],[-155.88410401356882,20.25570731874872],[-155.8836758891378,20.256206732045857],[-155.88349308130879,20.256376214055926],[-155.88332814607043,20.256501021558503],[-155.8828911314864,20.25688010419968],[-155.8825879341555,20.257067361745193],[-155.88242735396395,20.25712979850033],[-155.88172733386386,20.257294801559127],[-155.88127244839308,20.257727304677395],[-155.88106732368277,20.257883331688078],[-155.8806169750218,20.258106315428474],[-155.88008633713807,20.25849871550751],[-155.87995261177224,20.258650329778423],[-155.88002391986603,20.258958022144196],[-155.8800684647497,20.259252299830113],[-155.88005068308482,20.259484203807027],[-155.87977869627775,20.2598052208932],[-155.87956459070108,20.259916745092003],[-155.87889133819198,20.26007277533302],[-155.8785346172861,20.259992489416266],[-155.87834727541778,20.259974675632847],[-155.87811983432928,20.260045997106108],[-155.87797721875512,20.26015754414484],[-155.87770967859174,20.260491952497702],[-155.87770069708344,20.261009188625078],[-155.87764272553397,20.261205400759568],[-155.8774019486307,20.261254459259504],[-155.87723247950842,20.261294591208873],[-155.87707643733225,20.261414980301026],[-155.87654580361541,20.2615933545377],[-155.87638976167707,20.261704815032008],[-155.87627381892298,20.26190993520286],[-155.8760151705236,20.262030357452392],[-155.87569410560027,20.262101653168454],[-155.87555140007206,20.262083866108068],[-155.8752214447423,20.26204818708799],[-155.8749271432994,20.262204228406034],[-155.87469970393758,20.262404855240312],[-155.87445448324655,20.26250741690299],[-155.87384810013592,20.262574344838093],[-155.8732594992385,20.262708131493778],[-155.87307660491172,20.262801734683315],[-155.8728893560352,20.26289988993354],[-155.87262626423762,20.26313621619508],[-155.87222491346083,20.263434974491187],[-155.87200645685942,20.263595495588188],[-155.87182809909825,20.26386302364864],[-155.87177901897394,20.264014610682974],[-155.87158287997246,20.264313387468857],[-155.87146693845673,20.26442038588166],[-155.87133757025936,20.264589873979798],[-155.87114587677863,20.26466119166969],[-155.87097641001188,20.26465676182912],[-155.8707356366748,20.264741509977917],[-155.87057061538525,20.264812797553134],[-155.87025844498618,20.26492872676474],[-155.86996868282785,20.265080393192306],[-155.86965206753342,20.265124938429903],[-155.86945583873947,20.265124942662368],[-155.86925961003124,20.265321167141366],[-155.86893410462383,20.26542367318753],[-155.86866212453396,20.265477177738255],[-155.86806010381346,20.265437070269172],[-155.8676231947665,20.26532118565336],[-155.8674090949735,20.26527658692824],[-155.8671103533567,20.265316670510774],[-155.8670345113016,20.26547277256161],[-155.8669408881125,20.265610983040713],[-155.8667580870777,20.26575814547086],[-155.86679374007764,20.265891880579016],[-155.86646823645802,20.26616840683762],[-155.86639248523147,20.266288814183056],[-155.86616949546755,20.266360155666924],[-155.865955487088,20.266311061038852],[-155.8656700822608,20.266369063967684],[-155.8650413032267,20.266400283442582],[-155.8648228501198,20.266208479072777],[-155.86460430639963,20.26612820195452],[-155.86442595157868,20.26609254293582],[-155.86422527981003,20.266177331734006],[-155.86411832143116,20.266065861859946],[-155.86393098557036,20.26607922368485],[-155.86365900851325,20.266128210025],[-155.86343157485672,20.26602572357015],[-155.86331563544638,20.265932074362954],[-155.86293660994647,20.265865155662546],[-155.8627404748089,20.265883015693518],[-155.8624148834125,20.26624860784793],[-155.86221430326353,20.266324479278712],[-155.86210280940682,20.266052436701912],[-155.8618085165611,20.265990031413093],[-155.8614428280324,20.266070254585337],[-155.86123326713962,20.266132744584713],[-155.86101472517024,20.265994484124082],[-155.8608765602525,20.265891901769898],[-155.86068478052272,20.265900871188915],[-155.86053318931855,20.26595879435905],[-155.86034140973587,20.26607471004041],[-155.86009619688863,20.26628877063351],[-155.8599579415357,20.266382384939654],[-155.85962799766713,20.266471632385347],[-155.8594764068209,20.266485006773603],[-155.85929351811245,20.266476055318094],[-155.85869160069373,20.266551875736557],[-155.85854445536805,20.26663662681977],[-155.85835712183913,20.26682833629288],[-155.85806283145624,20.267037877612616],[-155.85795133863368,20.26714941308394],[-155.85775066976672,20.26718947174798],[-155.85754111060305,20.267078018599943],[-155.85703281664138,20.267002201334616],[-155.85670732011565,20.267024502261126],[-155.85655119435782,20.267046818383587],[-155.85628366696585,20.267323245021952],[-155.8561186509976,20.26748827498778],[-155.8558555690411,20.26744366377364],[-155.8556460107659,20.267479363179564],[-155.8555077567888,20.26741246860006],[-155.85527143693358,20.26730102543458],[-155.85511984756445,20.267300962221924],[-155.8549503868584,20.26733663555039],[-155.85430384223915,20.267626533215044],[-155.85417003383728,20.267706758547725],[-155.8538846365256,20.26809023632926],[-155.85386241074133,20.268268581152274],[-155.85359479424224,20.268384569034176],[-155.85323364829898,20.268371146238167],[-155.85306863345758,20.26833103927584],[-155.85264507447653,20.268215096404543],[-155.85214114050896,20.267675570931114],[-155.85187806089598,20.267715707302347],[-155.85176212448133,20.26792970246946],[-155.85155256812752,20.268072421123726],[-155.8512136494883,20.268076853514795],[-155.85099964826392,20.268157121406627],[-155.8507989825207,20.26830427870861],[-155.85055368419413,20.26836221856188],[-155.85036644473388,20.268290902718448],[-155.85024161847073,20.268143756740788],[-155.84985806822385,20.268228476356978],[-155.8497153709244,20.268179461635594],[-155.84962175136047,20.26793417241866],[-155.84961286113162,20.267644358290458],[-155.84948803507947,20.267185062236553],[-155.85161942657257,20.28640822035255],[-155.8522079990422,20.286452803108467],[-155.85229726472502,20.286448390247756],[-155.85245774342124,20.286399356687223],[-155.85272526852134,20.286412686678858],[-155.8537062859778,20.286430570873446],[-155.85389806271417,20.286430560027842],[-155.854232447514,20.286372531360456],[-155.85440190794762,20.286381508322872],[-155.85461146563918,20.28636810594458],[-155.85460702047502,20.286310158643033],[-155.86024778794481,20.28536922301224],[-155.861407175458,20.28474948296103],[-155.8629098477464,20.284602282947812],[-155.86391764980021,20.284169733409364],[-155.86436353648006,20.28415639886988],[-155.86483174065114,20.284205402132145],[-155.86612939723858,20.284419459514197],[-155.86669567165455,20.284388288865642],[-155.86713267051888,20.28442840295328],[-155.8700667519657,20.283830899693456],[-155.87120829282017,20.28363914842763],[-155.87144906641043,20.283572276617306],[-155.87144017574806,20.283549981392884],[-155.87303206071942,20.283224425761027],[-155.87324162712093,20.28314866839365],[-155.87423158020385,20.282738404164547],[-155.8749806691332,20.282537750306055],[-155.87530617891719,20.28243516972625],[-155.87712107264687,20.28162363036634],[-155.87786127559258,20.28140516391496],[-155.87791480177503,20.281538877888583],[-155.87810649813818,20.281467564124274],[-155.8794932826799,20.28076743298678],[-155.88039851435053,20.280477657031998],[-155.88103611497783,20.27998711110552],[-155.88247198980807,20.27926473860146],[-155.8830962570253,20.27871186423917],[-155.8840905864773,20.278390800774257],[-155.88424672180264,20.278319398823253],[-155.88552647101687,20.277704084266336],[-155.88562454353985,20.277650588825704],[-155.88610166077046,20.277307208343473],[-155.8881707169004,20.2760452760582],[-155.88846502697731,20.27591599763818],[-155.8885631001373,20.275844642388517],[-155.88870136427687,20.275737640279363],[-155.8889019562237,20.275666234516297],[-155.8891160662243,20.2755547907265],[-155.88969126054081,20.27512225903988],[-155.89021292794226,20.27480565324986],[-155.89041361128352,20.27458715634587],[-155.89383821543382,20.272036598133333],[-155.89404334593362,20.27183140542481],[-155.89468985690817,20.270993146173026],[-155.89503769942746,20.27073897731083],[-155.89505112684358,20.27075683060092],[-155.8952160663522,20.27063643233869],[-155.89547917130298,20.27041789679631],[-155.89592508917988,20.27008793634668],[-155.89636656191837,20.269704437106554],[-155.89634868888714,20.269686617800744],[-155.8970754958165,20.26908465910889],[-155.89725830912687,20.268910733464388],[-155.89848901206122,20.2676175806845],[-155.89872980018333,20.26733668976007],[-155.89886362182105,20.26725640031582],[-155.89896169722934,20.267158329612773],[-155.89981788464812,20.265896417090477],[-155.90098617435177,20.265160625302904],[-155.90179772783011,20.264179605286415],[-155.90279209829086,20.26298457976214],[-155.9029302760368,20.262846326628924],[-155.90308188147802,20.262650160791644],[-155.903072990194,20.26264572255919],[-155.9047095337393,20.260670338233425],[-155.9052803021386,20.25917647528893],[-155.9060115690072,20.258057279568117],[-155.90743400437285,20.252969400095143],[-155.90743400437285,20.252915913682507],[-155.9099667813734,20.24921929390138],[-155.9120224274859,20.24725731293541],[-155.91470683923328,20.242084817752037],[-155.91483168331715,20.241884136392205],[-155.91507692582826,20.2410992960358],[-155.91518389624332,20.24088530560593],[-155.91523742682514,20.240778274358714],[-155.91542024741872,20.240399264685898],[-155.91539348211631,20.240385857171685],[-155.91645475023773,20.23840602280628],[-155.9164993894227,20.238272274303647],[-155.9166286797696,20.237705897439124],[-155.9182116502254,20.234325898696582],[-155.9185505283739,20.228618281013947],[-155.91858618544666,20.228332884918988],[-155.91863527063282,20.2280029214965],[-155.9186308248394,20.227967242238297],[-155.91864416221978,20.227864667523736],[-155.91851042551167,20.227356322519615],[-155.91849699740473,20.227284986675667],[-155.91986594049328,20.22368203549607],[-155.91993289977097,20.221595197627654],[-155.92001310574793,20.221363368062125],[-155.92058833907075,20.220404639430964],[-155.92069095569045,20.219994421499326],[-155.92080237323106,20.219816009362088],[-155.92094509297044,20.219468236587343],[-155.92146679614638,20.21804577895336],[-155.92149356180357,20.217965472913665],[-155.92229172349218,20.213105045906403],[-155.92167193907082,20.208217873299986],[-155.92115912729724,20.20704963083409],[-155.92189486538683,20.2052659946711],[-155.92191273941847,20.205163397216516],[-155.92197071661224,20.203665174058614],[-155.92249686678545,20.202550398888388],[-155.92255484405305,20.20236755533825],[-155.9233306876609,20.197560650868088],[-155.92331290430542,20.197444727271122],[-155.92344664241404,20.19663314948441],[-155.92345553409427,20.196370069925447],[-155.92339311087335,20.194015665087758],[-155.92334411590937,20.19346717184914],[-155.92236757478318,20.189431704172573],[-155.9223630382224,20.18901252460074],[-155.92259939310085,20.18757229673398],[-155.92259939310085,20.187358188928243],[-155.92235414656332,20.18735823694093],[-155.92233182668514,20.183777519871832],[-155.92123488767004,20.181026315459896],[-155.92115023566151,20.180464437946142],[-155.9212839731398,20.179180209630097],[-155.92032077382814,20.17508235703613],[-155.9206819733329,20.170672278676367],[-155.91970543787423,20.16593220410235],[-155.91937545047273,20.16530349890934],[-155.9194825126226,20.16465246562482],[-155.91949140422602,20.164505296678332],[-155.91893849199167,20.159546772718777],[-155.91819377633806,20.157798808318564],[-155.9174535984073,20.155662960160292],[-155.91736885636698,20.154552635182267],[-155.91729309663333,20.154271734675785],[-155.9172306742514,20.154128969291087],[-155.91724401159104,20.153861460057545],[-155.9172306742514,20.15374109513563],[-155.9169452371309,20.152907164482134],[-155.9169452371309,20.15288939477491],[-155.91687392324366,20.15257725560917],[-155.91683826630418,20.152586129645492],[-155.91669110206942,20.15216252951746],[-155.9166554451442,20.15192619942559],[-155.91677584398428,20.151899477697555],[-155.9167178674477,20.15166315205206],[-155.91649494365004,20.150873890252807],[-155.9163655626109,20.150057852708102],[-155.91632101416903,20.14988842650652],[-155.91552286288064,20.147993303357993],[-155.91549156107948,20.14789074963673],[-155.9155540739541,20.147627633254746],[-155.91557185700853,20.14744477290578],[-155.9151259199084,20.144140611312658],[-155.91513934791647,20.143877544073327],[-155.9150680343106,20.141358129834327],[-155.91502339526525,20.14096126887443],[-155.9136009362599,20.135672794197333],[-155.91347609251198,20.135396301571756],[-155.91278047030522,20.134129949312587],[-155.91278047030522,20.13412102248506],[-155.91191536708135,20.132493442119323],[-155.91189313844117,20.132377498460883],[-155.9111751993096,20.129742162133887],[-155.9110324826168,20.129340843734372],[-155.91081845302568,20.125728992178043],[-155.91089874813397,20.12537672578992],[-155.91089874813397,20.125225143998428],[-155.91037705700464,20.1231962398479],[-155.91005152204193,20.11998117554641],[-155.91002475705392,20.11986976794984],[-155.90890552831635,20.11675724956831],[-155.9087762401541,20.11648524249658],[-155.9051599063287,20.111370654347624],[-155.90507516656896,20.111285989790588],[-155.9050661845183,20.111281462438395],[-155.90449097073136,20.10969849591139],[-155.90369728577116,20.108548060470326],[-155.9033673099322,20.106974003428775],[-155.90279209829086,20.105854790251612],[-155.9028366454125,20.10519034024994],[-155.9028321997729,20.10510120534053],[-155.9024888876519,20.103518190146616],[-155.90250667019728,20.102849370010482],[-155.90241748529564,20.102590739288697],[-155.90240414838917,20.102318746412333],[-155.90198498867056,20.101190550550964],[-155.90181106471883,20.1003923939776],[-155.90141422440178,20.099656588689378],[-155.90052682393014,20.097061459292934],[-155.90048672265127,20.09698562664693],[-155.8971825527337,20.092696012513837],[-155.89636202561599,20.092111847918414],[-155.89633979773478,20.09208951397731],[-155.89629516052364,20.092040484791905],[-155.89552825400204,20.091518802434738],[-155.89539887891388,20.091425156338286],[-155.89514920142864,20.090988163895098],[-155.8945740001867,20.089266908437548],[-155.8942172669121,20.08878531417773],[-155.89403445482642,20.08851778074355],[-155.89360187545506,20.087171158232557],[-155.89267883519773,20.08592707212133],[-155.89208131869074,20.083982921015853],[-155.88913829375136,20.07963970012928],[-155.88908930246868,20.079586221676923],[-155.88866561881943,20.078337676440928],[-155.88862551858878,20.078257432745843],[-155.88593218838218,20.074583095600513],[-155.8858653248289,20.074467203765458],[-155.88582967031945,20.074427040913754],[-155.8854328439843,20.073798275594925],[-155.88413077702944,20.07275041287389],[-155.8830918115792,20.071368086024286],[-155.8830560665652,20.071073783507487],[-155.88302939389158,20.07100245053632],[-155.88121892181218,20.067007094446463],[-155.87845432790445,20.063537925617624],[-155.87833393921997,20.063421967478863],[-155.87788350256588,20.063105406504622],[-155.87763828014164,20.06281106286928],[-155.87757586320845,20.06274868387777],[-155.87415573694707,20.06050128493572],[-155.8732237550041,20.059850251645795],[-155.87300974326422,20.059747640738255],[-155.87246577831667,20.059390985767475],[-155.87228732965212,20.058909373892465],[-155.87098974599175,20.057437837109724],[-155.87071776465754,20.05709001135581],[-155.87080694330905,20.057027584378382],[-155.8706330313469,20.056804645381618],[-155.86997312814444,20.05600651840486],[-155.86993738417132,20.055948500692537],[-155.869959701474,20.055930645256396],[-155.8698125524499,20.05574343853903],[-155.86896086718326,20.05436550901173],[-155.86805565851577,20.05361196471933],[-155.86674919650818,20.052051239935636],[-155.86650833471725,20.051645455488153],[-155.8664013757939,20.05152506963175],[-155.86638350394918,20.05151169812001],[-155.86613828779582,20.05110146256323],[-155.86593316998434,20.050869609882135],[-155.8634762088161,20.048573191379162],[-155.8634048126271,20.04851521543584],[-155.8633736051478,20.048479524796804],[-155.8633067449451,20.04838591742429],[-155.86324877525234,20.04834577008814],[-155.86270028616735,20.047748250983116],[-155.86241043817077,20.047569864400764],[-155.86204039463178,20.046339178667502],[-155.85941843762396,20.042223382556283],[-155.85939167563419,20.042192158730945],[-155.85919545133083,20.042018281248208],[-155.85874512459114,20.041237977400048],[-155.85866039354292,20.041130918828067],[-155.85632820949442,20.038789850712813],[-155.85614985797096,20.03863826956073],[-155.85499946513977,20.037969400674996],[-155.85443755996354,20.037380776067685],[-155.85443311480108,20.037380814425404],[-155.85432162288404,20.03718908789324],[-155.85364831752923,20.036332958587145],[-155.85324253860003,20.035343028740282],[-155.85311771153212,20.035186937937503],[-155.85304631699663,20.03389823870958],[-155.85285463134346,20.032114650805077],[-155.85282786974676,20.031931840730206],[-155.85182898295778,20.029104701440286],[-155.85167294962264,20.028395719314044],[-155.85157932964773,20.02816384115004],[-155.85138310877574,20.027842813578527],[-155.85076333079547,20.026081464962207],[-155.85065628492006,20.0258986343081],[-155.84849360087506,20.022875329521902],[-155.844279753664,20.018108569794975],[-155.84428419872518,20.01809519185896],[-155.84440457825607,20.01733266781616],[-155.84443578440957,20.017105301329845],[-155.84456069976102,20.016681674572226],[-155.84452504853513,20.014799928686113],[-155.84456069976102,20.014741942350646],[-155.84459635098978,20.01464835606806],[-155.84471228553963,20.01408205387339],[-155.84564874389145,20.011687470562805],[-155.84578690409606,20.010046518829732],[-155.84585385239185,20.010055492496797],[-155.84588505864699,20.009859222690963],[-155.84588950372418,20.008864853699166],[-155.84606785114468,20.006822641245265],[-155.84606340606567,20.006715541344562],[-155.84595191624163,20.006296402281095],[-155.84596978726933,20.006260745274172],[-155.84600099353258,20.006184953983194],[-155.84625517951426,20.004882918773994],[-155.84630416612268,20.004789214318127],[-155.84636657869828,20.004530577723187],[-155.84639787570532,20.004133808798755],[-155.84724951800524,19.999750471921857],[-155.8471871053059,19.999429409349347],[-155.847436846872,19.99827006284108],[-155.8471157117201,19.996049432867164],[-155.84712469261527,19.995599069525593],[-155.84811903304782,19.99387785163343],[-155.8481592203777,19.993659341999454],[-155.8481858909779,19.99360583526225],[-155.8499027008279,19.989177948974003],[-155.84991603617996,19.989128892542396],[-155.85000521068733,19.98805872631887],[-155.85004095306863,19.988036431639724],[-155.85109771324633,19.98768863084981],[-155.85123596585763,19.987617292538232],[-155.8538088874287,19.98575337046168],[-155.85409872985102,19.98573996391699],[-155.8541923503544,19.985717674664674],[-155.8557931551376,19.985120189070496],[-155.85610087028115,19.98505327372988],[-155.856127632074,19.98512017023365],[-155.85643525672984,19.985017555876393],[-155.85668500347288,19.98491501942609],[-155.85706846886723,19.98482587046912],[-155.85749656795363,19.984692081622526],[-155.8588387460678,19.98403657660815],[-155.85899478190575,19.983965235608938],[-155.85899478190575,19.98396081740121],[-155.86245062678634,19.98228418559715],[-155.86255313952407,19.98221278200342],[-155.8633200806971,19.98150831626776],[-155.86390875928697,19.98117830149618],[-155.86453744601334,19.9805629398116],[-155.8659420605377,19.979760292862224],[-155.86597326819575,19.979733599531148],[-155.8664593458942,19.979144943209704],[-155.8681850257682,19.9780346333774],[-155.868492658704,19.977722525630064],[-155.86950047329813,19.976188581962386],[-155.87201979286982,19.97329910468719],[-155.8720956357665,19.97318756878741],[-155.8722338948599,19.97290223733201],[-155.87475767510824,19.96995923601133],[-155.874775547286,19.969932490374642],[-155.87654580361541,19.966012927190516],[-155.8772058071791,19.9653440621247],[-155.87825364987404,19.963297287982915],[-155.87831162150204,19.963243844052325],[-155.87880660334292,19.96258387494606],[-155.87962256249762,19.961692076277895],[-155.87978758710474,19.961473532008707],[-155.8798099048957,19.961437906439684],[-155.8798232411372,19.961451208664716],[-155.88001049289588,19.961255060717374],[-155.88002836528193,19.96123273173586],[-155.8801354181676,19.961116830619776],[-155.8801309727507,19.961112368234502],[-155.88019783545508,19.96102765563873],[-155.88118326766946,19.960737822663397],[-155.88361791682073,19.960251764972565],[-155.88791206168563,19.958240660119248],[-155.88798337103557,19.958200594808442],[-155.8890803207341,19.957228447291584],[-155.89165327743794,19.955360094711864],[-155.89488165110728,19.951146273154116],[-155.89490841520492,19.95109275455712],[-155.89526514902283,19.950111731809887],[-155.8959562989114,19.94908173275034],[-155.89619264011628,19.948336999043985],[-155.8966340223888,19.94816315755193],[-155.89721376255164,19.94770825922254],[-155.89744112251077,19.947574492777772],[-155.89917572125123,19.946401744122362],[-155.8992336955585,19.946357204139453],[-155.90014341229997,19.945416291061044],[-155.90095051865362,19.94478755995463],[-155.9011957537028,19.944528961816946],[-155.90108869584043,19.94443976031485],[-155.9017263255823,19.943788750442124],[-155.90178874584407,19.943842231631415],[-155.90194488726317,19.943686169070567],[-155.90227486207115,19.943218008914254],[-155.90272967789147,19.942749818960756],[-155.90278765265165,19.942789915094774],[-155.90293481240477,19.942602649168137],[-155.90308188147802,19.9423840974338],[-155.90316217522405,19.942303833868632],[-155.90317560288014,19.942272617432987],[-155.90322015003932,19.942228102810898],[-155.903278124862,19.942147782803413],[-155.90325136027158,19.942129923210814],[-155.90400494286584,19.94098393909961],[-155.90448652507558,19.9406093963956],[-155.90471397939723,19.94021702491146],[-155.90484771206698,19.940087654340115],[-155.9051063769283,19.939739866376907],[-155.90548534707273,19.93920928216826],[-155.90562361636356,19.939004163159133],[-155.9054720100764,19.93891053530168],[-155.90788882534267,19.93476798210791],[-155.90794235506974,19.934611897098378],[-155.90817425680726,19.93307801249344],[-155.90819648526636,19.933055704034363],[-155.90840162224023,19.93271679805065],[-155.91046615273444,19.927579915441125],[-155.91071592934864,19.92340621646314],[-155.91086753737835,19.923263496506305],[-155.91355185161368,19.921051798560423],[-155.91426979447832,19.919972695879313],[-155.91491642488774,19.919348387524607],[-155.91547377802817,19.918206927912365],[-155.91586173903914,19.917640581541555],[-155.91587063057224,19.91764950280487],[-155.91625414614927,19.917074273874857],[-155.9163522252969,19.916922686725574],[-155.9165930228492,19.916556982504435],[-155.9170388706486,19.915509082314152],[-155.91717269765724,19.915348588760065],[-155.9172842050726,19.915058787857124],[-155.9181715473928,19.91390827370152],[-155.91820275864683,19.913854783588924],[-155.91857284806798,19.912931740557998],[-155.9194334273457,19.911549453228748],[-155.91958948406682,19.910737861318257],[-155.91976341478892,19.910639782408495],[-155.91987492283485,19.910546112707298],[-155.92429833913923,19.905052502133014],[-155.9256137677379,19.900499788058536],[-155.92563164191435,19.90045075963033],[-155.92563608777562,19.900419526924015],[-155.92622021987918,19.8983906419674],[-155.92622911161314,19.8983059110838],[-155.9260953726943,19.89695035793305],[-155.9262157740123,19.896825481982397],[-155.92684445631227,19.896321593017912],[-155.92701394390872,19.896143225671324],[-155.93058118235194,19.890703124747983],[-155.93061684035877,19.890622897437726],[-155.93090228597862,19.88899088122896],[-155.93132582735788,19.888705435965594],[-155.93157107868169,19.88855385653791],[-155.93403258171844,19.886730129138897],[-155.9341484484355,19.886631953255666],[-155.9343848093699,19.886333261115695],[-155.93469248706717,19.886088012648333],[-155.93512056861647,19.88571786822509],[-155.9373546199766,19.883461585704417],[-155.93765776294265,19.883095931071303],[-155.93929878515897,19.880317881117474],[-155.93952172001028,19.880068156044782],[-155.93984718512468,19.879394883910084],[-155.9405384022891,19.87822210085328],[-155.9405561863096,19.878177557760324],[-155.94068548341792,19.87765134389611],[-155.94141236067696,19.876139701957392],[-155.94179136079453,19.875502103437285],[-155.94184489447272,19.87535048161321],[-155.94205449249284,19.873807654571188],[-155.94256279076978,19.871685110144508],[-155.94259844970236,19.871685099998167],[-155.94263410863766,19.87143089856552],[-155.94519811124442,19.871992769143443],[-155.95113317206437,19.871506689036593],[-155.95259131588432,19.870922585121047],[-155.9529034518084,19.870909229872456],[-155.95311305482858,19.87083339932422],[-155.95341629884592,19.870833392720613],[-155.9539335018455,19.870681767846072],[-155.95404946428127,19.870690743419534],[-155.95420997884295,19.870739729689117],[-155.95440615330057,19.870730823700825],[-155.95470939816155,19.87078877800107],[-155.95470495202065,19.870815595978844],[-155.95491001897275,19.87084229404161],[-155.9550706245692,19.870869109935498],[-155.95515083665055,19.87086907626642],[-155.9553425653581,19.870909169894365],[-155.9556814707681,19.870873533439003],[-155.95604714408447,19.870873500462178],[-155.9570325579758,19.8709626996625],[-155.9570325579758,19.871020664356784],[-155.9572778229178,19.87102512961771],[-155.9572778229178,19.870985013232698],[-155.95853082663038,19.871096470078577],[-155.95947169317407,19.87088241922441],[-155.96038579370756,19.87088246715133],[-155.96075147071855,19.870900270558447],[-155.96082279137994,19.87088247685417],[-155.9615184859864,19.87088690280315],[-155.96159425297182,19.870873567313172],[-155.9629988934456,19.870445467415905],[-155.96390410843642,19.87039636973411],[-155.9656297020606,19.869798862900588],[-155.96583041831292,19.86974987272644],[-155.96584375705424,19.86980778662517],[-155.96603549016066,19.86978105956854],[-155.96675787007248,19.869571496362063],[-155.96722164201267,19.86950458082479],[-155.9673465002775,19.869455569833715],[-155.96771209200205,19.869410951833284],[-155.96838992104907,19.869112154187892],[-155.96918362653818,19.868911548226034],[-155.96933970002937,19.868826779253382],[-155.96937091473384,19.86881788320941],[-155.96958941772363,19.86877329017626],[-155.9703341253162,19.868728718278454],[-155.97040100115046,19.868710879251793],[-155.97272414834123,19.867685258300067],[-155.97273757802023,19.867716496568654],[-155.97300063647256,19.867609479981677],[-155.97298276047096,19.86756936324714],[-155.9741822689141,19.867038681987346],[-155.97419569863487,19.86703422038236],[-155.9742090376147,19.867025325859867],[-155.97473969339234,19.866793484202272],[-155.9751855971556,19.86667749032015],[-155.97574302282678,19.866352045817003],[-155.97596597513243,19.86624942144196],[-155.9760595298352,19.8661647433363],[-155.9768488019694,19.865830243259694],[-155.97889113371443,19.865357586794353],[-155.97931027242944,19.86510787809866],[-155.9803581662246,19.8648180866554],[-155.9812812003465,19.864233903738384],[-155.98153981719219,19.86414917898339],[-155.98160224822746,19.86411352812388],[-155.98156658631237,19.864055577931563],[-155.98187420444737,19.863859336228284],[-155.98279724154585,19.863489257541474],[-155.98375149611707,19.86275350821463],[-155.98587852163743,19.861620877834994],[-155.98698441536612,19.86051505585814],[-155.9872964834925,19.860367877184828],[-155.9873366830365,19.860341127569583],[-155.9876978438786,19.86001562468878],[-155.9903688093086,19.8582141103281],[-155.99063187762633,19.857884152122757],[-155.99073450970036,19.857830667715906],[-155.99114921247264,19.85746949711271],[-155.99153714592097,19.857273252016135],[-155.9934411551298,19.85547179311704],[-155.99402972801664,19.854954531410467],[-155.9940699281342,19.854909926436854],[-155.99413227008395,19.854816277155276],[-155.99542548172883,19.85359006264558],[-155.99764158156475,19.849710646785564],[-155.99993809300642,19.84823019326036],[-156.00330025592632,19.843931602320865],[-156.0036569823572,19.84372651342931],[-156.00359899501018,19.84363292172276],[-156.00404492605824,19.843325237014316],[-156.00429457140058,19.84317361290653],[-156.00451753719904,19.842995243420354],[-156.00466917578115,19.842892680820626],[-156.00669356910345,19.84164415666644],[-156.0068853188376,19.84156386646272],[-156.007059282104,19.84140334852155],[-156.00713950305789,19.841376578084553],[-156.01090300628113,19.838576293636567],[-156.01090745295332,19.838580750863898],[-156.0109564570984,19.838536109940225],[-156.0113756242417,19.838223981533623],[-156.0145148974972,19.834072540747417],[-156.0147110970907,19.83353744625883],[-156.01513916096133,19.83296224877589],[-156.01561622984073,19.831129522140607],[-156.01696295148946,19.828917823828046],[-156.01763622298975,19.82820441225239],[-156.01764066972473,19.828195436963316],[-156.01819360793195,19.827704930314642],[-156.02032060646647,19.82610863046603],[-156.02159592077834,19.824436468498213],[-156.02164047924924,19.82446770068676],[-156.02176090511708,19.82432496185578],[-156.02215775711772,19.823700731957004],[-156.0223718377186,19.823419784586847],[-156.0226705887639,19.823027408570603],[-156.02267948232767,19.823009542121834],[-156.0234018580578,19.822064225390996],[-156.02348208176147,19.821845726725194],[-156.02704497157058,19.81904989772126],[-156.0272723948307,19.81881800843476],[-156.02766026699265,19.81825614169555],[-156.0288687167607,19.816829210950655],[-156.02907381592726,19.816552745711252],[-156.02958220813332,19.815580661502974],[-156.0296312141938,19.815611925121903],[-156.02977832315725,19.815388956417394],[-156.0301350693874,19.81468884158616],[-156.0324537902186,19.812606487407706],[-156.032556340557,19.81241919321045],[-156.0325653250567,19.812414685636067],[-156.0392851426064,19.808290055161134],[-156.03937880052803,19.80820087621904],[-156.03975778858296,19.807665723992624],[-156.04490365181147,19.805226612988342],[-156.0452960759364,19.804963528973506],[-156.0464910474778,19.804080609868617],[-156.04806955432625,19.80337169121043],[-156.048368321338,19.80318434817455],[-156.04818998681455,19.802934635257778],[-156.05083424529872,19.801561270932503],[-156.0509947926222,19.801423048666727],[-156.05363008153662,19.798533512485086],[-156.0536836278663,19.79857365565562],[-156.05388429052044,19.79832844536379],[-156.05403140688367,19.798092065884884],[-156.0542231755352,19.797882496483226],[-156.05445950577146,19.797539196477366],[-156.05440151228117,19.797503440958085],[-156.056118267741,19.794774487797625],[-156.05622527019884,19.794555978067763],[-156.0564794805432,19.793838110718433],[-156.056992257973,19.793557209483534],[-156.0570903664244,19.793485809256925],[-156.0595294705148,19.790921862259015],[-156.06003780403898,19.790591844256262],[-156.06154501924007,19.788799319805207],[-156.06197757189733,19.788344462891864],[-156.0620221341002,19.788233002333577],[-156.06358281211433,19.78637358543546],[-156.06438103242158,19.78443830292076],[-156.06518361045252,19.783666884326685],[-156.0652148314272,19.783631249945998],[-156.068215775438,19.778360583121664],[-156.06922801394748,19.772456690016448],[-156.06922801394748,19.772403207782432],[-156.06860821841605,19.76921939569827],[-156.06865722843088,19.769210503862766],[-156.06858144442856,19.768746692944198],[-156.06849676603034,19.768461372011885],[-156.06851010764194,19.768095688122134],[-156.06958923648304,19.76419397275683],[-156.06960257812452,19.76406916821205],[-156.06973191038233,19.76102361603865],[-156.06972746316728,19.7609121149558],[-156.06956246244172,19.760091619916643],[-156.06957135686883,19.75989094109186],[-156.06954912080133,19.759641228692875],[-156.06938412013605,19.758994698665962],[-156.06942868301653,19.75894113310385],[-156.07094482172968,19.756881103515784],[-156.07105182744743,19.756716126016702],[-156.07180985335603,19.75481653398521],[-156.07191685926335,19.754865563080322],[-156.07199709101923,19.75471840073484],[-156.07206851907543,19.754749654072675],[-156.07215764533046,19.75455783326563],[-156.07245197991145,19.753420841303292],[-156.0729202109594,19.752038519826076],[-156.07310300180234,19.75208752846163],[-156.07316544476734,19.75188683848912],[-156.07299599563527,19.7518422637681],[-156.07342846769296,19.750763192087163],[-156.07346867445355,19.750558088500636],[-156.0734195731956,19.750549118961672],[-156.07386103089362,19.749247100103968],[-156.0738789106649,19.749135604377997],[-156.07393236846204,19.7440522142692],[-156.07381646760874,19.743642032538613],[-156.0738298093657,19.743427953839916],[-156.07376736631582,19.743178272342014],[-156.07385213638838,19.743093558593564],[-156.07567587639085,19.740841660538845],[-156.07743273238862,19.73874147819356],[-156.07745061229042,19.738710244760117],[-156.078364757175,19.73649850057509],[-156.0783692044686,19.73649402615236],[-156.0793769259399,19.734367047397868],[-156.0795330353688,19.733965716789058],[-156.08048276264043,19.730599125828924],[-156.08050064265353,19.73050106190887]]],"type":"Polygon"},"id":"00000000000000000000","properties":{"areaacres":232455.97,"areasqkm":940.72,"fid":65,"globalid":"{E9C379FC-FD70-4230-9663-3BA4E4C1E4C1}","huc12":"200100001700","humod":"NM","hutype":"W","hutype_des":"Water","loaddate":"2016\/10\/18 01:00:38.000","metasource":"{5203501E-5C13-4C0A-8D3E-071C48E63C56}","name":"Honuapo Bay-Pacific Ocean","noncontr_1":"","noncontrib":"","objectid":56601,"referenceg":"","shape_Area":0.080790581806801,"shape_Leng":3.515911155701379,"sourcedata":"","sourcefeat":"","sourceorig":"","states":"HI","tnmid":"{2C3AAACC-98F4-420B-8DEC-FA6F7E0E6A39}","tohuc":"OCEAN"},"type":"Feature"}]}